entity_id,branch,panel,cohort_label,sample_type,coord,qc_status,has_all_primary_inputs,n_parquet_cells,tissue_class,adjusted_area_percent
"TMA|AR|[35278,18358]",TMA,AR,NAC2020,TURBT,"[35278,18358]",Acceptable,True,7899.0,Epi,24.310455420141114
"TMA|AR|[35436,14789]",TMA,AR,NAC2020,TURBT,"[35436,14789]",Acceptable,True,4960.0,Epi,56.617227609811756
"TMA|AR|[35459,16494]",TMA,AR,NAC2020,TURBT,"[35459,16494]",Acceptable,True,6253.0,Epi,49.966564129998666
"TMA|AR|[35556,13057]",TMA,AR,NAC2020,TURBT,"[35556,13057]",Acceptable,True,4218.0,Epi,46.8454048285981
"TMA|AR|[35595,11300]",TMA,AR,NAC2020,TURBT,"[35595,11300]",Acceptable,True,5052.0,Epi,41.982893627273825
"TMA|AR|[35714,7930]",TMA,AR,NAC2020,TURBT,"[35714,7930]",Acceptable,True,6737.0,Epi,6.010998848957668
"TMA|AR|[36864,18477]",TMA,AR,NAC2020,TURBT,"[36864,18477]",Acceptable,True,8254.0,Epi,35.04651162790697
"TMA|AR|[37102,14908]",TMA,AR,NAC2020,TURBT,"[37102,14908]",Acceptable,True,3310.0,Epi,36.66212740202754
"TMA|AR|[37102,16653]",TMA,AR,NAC2020,TURBT,"[37102,16653]",Acceptable,True,8155.0,Epi,81.47302655292562
"TMA|AR|[37181,13124]",TMA,AR,NAC2020,TURBT,"[37181,13124]",Acceptable,True,4155.0,Epi,23.448662277629918
"TMA|AR|[37260,11380]",TMA,AR,NAC2020,TURBT,"[37260,11380]",Acceptable,True,5183.0,Epi,69.88683740321619
"TMA|AR|[37340,9635]",TMA,AR,NAC2020,TURBT,"[37340,9635]",Acceptable,True,8764.0,Epi,28.038548752834465
"TMA|AR|[37459,7890]",TMA,AR,NAC2020,TURBT,"[37459,7890]",Acceptable,True,4847.0,Epi,0.43943166837556763
"TMA|AR|[38608,18516]",TMA,AR,NAC2020,TURBT,"[38608,18516]",Acceptable,True,6367.0,Epi,84.04664723032069
"TMA|AR|[38807,14869]",TMA,AR,NAC2020,TURBT,"[38807,14869]",Acceptable,True,4315.0,Epi,61.27647791776271
"TMA|AR|[38807,16613]",TMA,AR,NAC2020,TURBT,"[38807,16613]",Acceptable,True,5220.0,Epi,68.30715963892666
"TMA|AR|[39084,11419]",TMA,AR,NAC2020,TURBT,"[39084,11419]",Acceptable,True,6605.0,Epi,2.9905487374806037
"TMA|AR|[39084,9754]",TMA,AR,NAC2020,TURBT,"[39084,9754]",Acceptable,True,6814.0,Epi,37.28239845261122
"TMA|AR|[39164,7970]",TMA,AR,NAC2020,TURBT,"[39164,7970]",Acceptable,True,7359.0,Epi,20.68251066422913
"TMA|AR|[40281,11144]",TMA,AR,NAC2020,TURBT,"[40281,11144]",Acceptable,True,9242.0,Epi,68.382728666326
"TMA|AR|[40313,18635]",TMA,AR,NAC2020,TURBT,"[40313,18635]",Acceptable,True,7012.0,Epi,79.86336655840519
"TMA|AR|[40512,15067]",TMA,AR,NAC2020,TURBT,"[40512,15067]",Acceptable,True,4438.0,Epi,76.79463581383118
"TMA|AR|[40591,13243]",TMA,AR,NAC2020,TURBT,"[40591,13243]",Acceptable,True,5300.0,Epi,75.01363884342608
"TMA|AR|[40599,8131]",TMA,AR,NAC2020,TURBT,"[40599,8131]",Acceptable,True,7645.0,Epi,19.933993399339933
"TMA|AR|[40631,11498]",TMA,AR,NAC2020,TURBT,"[40631,11498]",Acceptable,True,6712.0,Epi,39.948611281047356
"TMA|AR|[40638,6505]",TMA,AR,NAC2020,TURBT,"[40638,6505]",Acceptable,True,5718.0,Epi,18.22781348283878
"TMA|AR|[40750,9794]",TMA,AR,NAC2020,TURBT,"[40750,9794]",Acceptable,True,4339.0,Epi,17.37553164873655
"TMA|AR|[40829,8009]",TMA,AR,NAC2020,TURBT,"[40829,8009]",Acceptable,True,8123.0,Epi,76.69571807502842
"TMA|AR|[41979,16970]",TMA,AR,NAC2020,TURBT,"[41979,16970]",Acceptable,True,9948.0,Epi,0.12545620437956206
"TMA|AR|[42177,15186]",TMA,AR,NAC2020,TURBT,"[42177,15186]",Acceptable,True,5163.0,Epi,70.1818657595185
"TMA|AR|[42217,18754]",TMA,AR,NAC2020,TURBT,"[42217,18754]",Acceptable,True,8031.0,Epi,94.61491813220134
"TMA|AR|[42254,13340]",TMA,AR,NAC2020,TURBT,"[42254,13340]",Acceptable,True,6636.0,Epi,80.46957254158771
"TMA|AR|[42336,11578]",TMA,AR,NAC2020,TURBT,"[42336,11578]",Acceptable,True,13853.0,Epi,23.44289693593315
"TMA|AR|[42534,8049]",TMA,AR,NAC2020,TURBT,"[42534,8049]",Acceptable,True,8411.0,Epi,42.29142185663925
"TMA|AR|[43572,11382]",TMA,AR,NAC2020,TURBT,"[43572,11382]",Acceptable,True,4736.0,Epi,5.34045393858478
"TMA|AR|[43652,9717]",TMA,AR,NAC2020,TURBT,"[43652,9717]",Acceptable,True,9442.0,Epi,50.25
"TMA|AR|[43763,18876]",TMA,AR,NAC2020,TURBT,"[43763,18876]",Acceptable,True,8502.0,Epi,92.41109229466554
"TMA|AR|[43882,15226]",TMA,AR,NAC2020,TURBT,"[43882,15226]",Acceptable,True,6383.0,Epi,82.56386219826577
"TMA|AR|[43899,17017]",TMA,AR,NAC2020,TURBT,"[43899,17017]",Acceptable,True,7433.0,Epi,0.071301247771836
"TMA|AR|[43969,6545]",TMA,AR,NAC2020,TURBT,"[43969,6545]",Acceptable,True,7875.0,Epi,49.07432992539376
"TMA|AR|[44080,11618]",TMA,AR,NAC2020,TURBT,"[44080,11618]",Acceptable,True,13463.0,Epi,26.487544871097572
"TMA|AR|[44278,8128]",TMA,AR,NAC2020,TURBT,"[44278,8128]",Acceptable,True,7702.0,Epi,55.18337685931646
"TMA|AR|[45119,11501]",TMA,AR,NAC2020,TURBT,"[45119,11501]",Acceptable,True,7779.0,Epi,11.197068403908794
"TMA|AR|[45277,9876]",TMA,AR,NAC2020,TURBT,"[45277,9876]",Acceptable,True,8920.0,Epi,47.93801549612597
"TMA|AR|[45428,18873]",TMA,AR,NAC2020,TURBT,"[45428,18873]",Acceptable,True,8784.0,Epi,72.15307665464697
"TMA|AR|[45547,17089]",TMA,AR,NAC2020,TURBT,"[45547,17089]",Acceptable,True,8437.0,Epi,18.727506426735218
"TMA|AR|[45626,15305]",TMA,AR,NAC2020,TURBT,"[45626,15305]",Acceptable,True,9320.0,Epi,12.264373232799247
"TMA|AR|[45666,13481]",TMA,AR,NAC2020,TURBT,"[45666,13481]",Acceptable,True,9668.0,Epi,75.60555619331879
"TMA|AR|[45825,11657]",TMA,AR,NAC2020,TURBT,"[45825,11657]",Acceptable,True,9553.0,Epi,15.321004360246578
"TMA|AR|[45864,9992]",TMA,AR,NAC2020,TURBT,"[45864,9992]",Acceptable,True,7893.0,Epi,50.98275654166164
"TMA|AR|[45944,8247]",TMA,AR,NAC2020,TURBT,"[45944,8247]",Acceptable,True,7666.0,Epi,11.28133704735376
"TMA|AR|[47094,18873]",TMA,AR,NAC2020,TURBT,"[47094,18873]",Acceptable,True,8482.0,Epi,71.13222853169545
"TMA|AR|[47141,8290]",TMA,AR,NAC2020,TURBT,"[47141,8290]",Acceptable,True,6287.0,Epi,47.16621253405994
"TMA|AR|[47252,17049]",TMA,AR,NAC2020,TURBT,"[47252,17049]",Acceptable,True,9104.0,Epi,56.75880348352897
"TMA|AR|[47260,6664]",TMA,AR,NAC2020,TURBT,"[47260,6664]",Acceptable,True,7263.0,Epi,64.16726748377793
"TMA|AR|[47371,15344]",TMA,AR,NAC2020,TURBT,"[47371,15344]",Acceptable,True,7347.0,Epi,6.751804553026097
"TMA|AR|[47450,13521]",TMA,AR,NAC2020,TURBT,"[47450,13521]",Acceptable,True,7270.0,Epi,66.4213682202235
"TMA|AR|[47530,8287]",TMA,AR,NAC2020,TURBT,"[47530,8287]",Acceptable,True,6601.0,Epi,20.4358292157608
"TMA|AR|[47569,10032]",TMA,AR,NAC2020,TURBT,"[47569,10032]",Acceptable,True,5340.0,Epi,31.37597420048374
"TMA|AR|[47569,11776]",TMA,AR,NAC2020,TURBT,"[47569,11776]",Acceptable,True,10402.0,Epi,22.38594836732288
"TMA|AR|[48330,13206]",TMA,AR,NAC2020,TURBT,"[48330,13206]",Acceptable,True,5752.0,Epi,29.87642734240576
"TMA|AR|[48838,18834]",TMA,AR,NAC2020,TURBT,"[48838,18834]",Acceptable,True,5250.0,Epi,55.88342440801458
"TMA|AR|[48917,17089]",TMA,AR,NAC2020,TURBT,"[48917,17089]",Acceptable,True,6222.0,Epi,25.584708536151012
"TMA|AR|[49036,15305]",TMA,AR,NAC2020,TURBT,"[49036,15305]",Acceptable,True,6116.0,Epi,53.81320642474718
"TMA|AR|[49195,13600]",TMA,AR,NAC2020,TURBT,"[49195,13600]",Acceptable,True,8597.0,Epi,89.70335585843546
"TMA|AR|[49195,8366]",TMA,AR,NAC2020,TURBT,"[49195,8366]",Acceptable,True,3931.0,Epi,75.16409912926991
"TMA|AR|[49234,10150]",TMA,AR,NAC2020,TURBT,"[49234,10150]",Acceptable,True,9079.0,Epi,18.725008568490804
"TMA|AR|[49274,11895]",TMA,AR,NAC2020,TURBT,"[49274,11895]",Borderline,True,5543.0,Epi,37.107819716515365
"TMA|AR|[49877,14871]",TMA,AR,NAC2020,TURBT,"[49877,14871]",Borderline,True,4776.0,Epi,30.253893748666528
"TMA|AR|[50075,13246]",TMA,AR,NAC2020,TURBT,"[50075,13246]",Acceptable,True,6174.0,Epi,59.28158754081888
"TMA|AR|[50194,11541]",TMA,AR,NAC2020,TURBT,"[50194,11541]",Acceptable,True,4306.0,Epi,45.09108495889086
"TMA|AR|[50543,18794]",TMA,AR,NAC2020,TURBT,"[50543,18794]",Acceptable,True,5043.0,Epi,73.54612501511305
"TMA|AR|[50662,17089]",TMA,AR,NAC2020,TURBT,"[50662,17089]",Acceptable,True,6701.0,Epi,33.01385681293303
"TMA|AR|[50781,15384]",TMA,AR,NAC2020,TURBT,"[50781,15384]",Acceptable,True,6307.0,Epi,50.24441340782123
"TMA|AR|[50900,8445]",TMA,AR,NAC2020,TURBT,"[50900,8445]",Acceptable,True,4700.0,Epi,35.12666848270226
"TMA|AR|[50908,6585]",TMA,AR,NAC2020,TURBT,"[50908,6585]",Acceptable,True,6564.0,Epi,19.92198383950961
"TMA|AR|[50940,13679]",TMA,AR,NAC2020,TURBT,"[50940,13679]",Borderline,True,7736.0,Epi,39.89445157609471
"TMA|AR|[50979,10230]",TMA,AR,NAC2020,TURBT,"[50979,10230]",Acceptable,True,8228.0,Epi,11.139780121157731
"TMA|AR|[51582,15070]",TMA,AR,NAC2020,TURBT,"[51582,15070]",Acceptable,True,7955.0,Epi,84.79325353645265
"TMA|AR|[52176,10034]",TMA,AR,NAC2020,TURBT,"[52176,10034]",Acceptable,True,6526.0,Epi,40.297041855897874
"TMA|AR|[52406,17049]",TMA,AR,NAC2020,TURBT,"[52406,17049]",Acceptable,True,6594.0,Epi,76.06089666746584
"TMA|AR|[52605,15384]",TMA,AR,NAC2020,TURBT,"[52605,15384]",Acceptable,True,7181.0,Epi,44.02453718917735
"TMA|AR|[52605,8525]",TMA,AR,NAC2020,TURBT,"[52605,8525]",Acceptable,True,7520.0,Epi,77.1561135371179
"TMA|AR|[52644,13679]",TMA,AR,NAC2020,TURBT,"[52644,13679]",Acceptable,True,5998.0,Epi,46.35654745899435
"TMA|AR|[52684,10230]",TMA,AR,NAC2020,TURBT,"[52684,10230]",Acceptable,True,6073.0,Epi,83.04202305689847
"TMA|AR|[52724,12014]",TMA,AR,NAC2020,TURBT,"[52724,12014]",Acceptable,True,7418.0,Epi,76.61169415292355
"TMA|AR|[53604,11898]",TMA,AR,NAC2020,TURBT,"[53604,11898]",Acceptable,True,4171.0,Epi,51.75598153071219
"TMA|AR|[54032,18715]",TMA,AR,NAC2020,TURBT,"[54032,18715]",Borderline,True,8274.0,Epi,75.77244397294788
"TMA|AR|[54191,17089]",TMA,AR,NAC2020,TURBT,"[54191,17089]",Acceptable,True,6740.0,Epi,72.60622200702095
"TMA|AR|[54230,8564]",TMA,AR,NAC2020,TURBT,"[54230,8564]",Acceptable,True,8228.0,Epi,72.32927174837064
"TMA|AR|[54310,15384]",TMA,AR,NAC2020,TURBT,"[54310,15384]",Acceptable,True,5998.0,Epi,48.44091589000115
"TMA|AR|[54389,10269]",TMA,AR,NAC2020,TURBT,"[54389,10269]",Acceptable,True,5578.0,Epi,79.93329627570871
"TMA|AR|[54389,13719]",TMA,AR,NAC2020,TURBT,"[54389,13719]",Acceptable,True,6189.0,Epi,60.047281323877066
"TMA|AR|[54528,12054]",TMA,AR,NAC2020,TURBT,"[54528,12054]",Acceptable,True,6795.0,Epi,72.0669136634108
"TMA|AR|[55229,12096]",TMA,AR,NAC2020,TURBT,"[55229,12096]",Acceptable,True,5522.0,Epi,68.82975834917187
"TMA|AR|[55428,10391]",TMA,AR,NAC2020,TURBT,"[55428,10391]",Acceptable,True,4329.0,Epi,18.763862191335207
"TMA|AR|[55745,7179]",TMA,AR,NAC2020,TURBT,"[55745,7179]",Acceptable,True,6355.0,Epi,39.31923015746779
"TMA|AR|[56538,15466]",TMA,AR,NAC2020,TURBT,"[56538,15466]",Acceptable,True,4192.0,Epi,46.57514657514657
"TMA|AR|[57053,10550]",TMA,AR,NAC2020,TURBT,"[57053,10550]",Borderline,True,3996.0,Epi,61.30087952546533
"TMA|AR|[57212,8884]",TMA,AR,NAC2020,TURBT,"[57212,8884]",Acceptable,True,7845.0,Epi,19.38602220770738
"TMA|AR|[57410,7259]",TMA,AR,NAC2020,TURBT,"[57410,7259]",Acceptable,True,7190.0,Epi,30.152729472251632
"TMA|AR|[58401,14118]",TMA,AR,NAC2020,TURBT,"[58401,14118]",Acceptable,True,10252.0,Epi,31.80892929841227
"TMA|AR|[58877,9083]",TMA,AR,NAC2020,TURBT,"[58877,9083]",Acceptable,True,5744.0,Epi,21.25848077690568
"TMA|AR|[58996,7378]",TMA,AR,NAC2020,TURBT,"[58996,7378]",Acceptable,True,6891.0,Epi,56.20047908605123
"TMA|AR|[60027,14158]",TMA,AR,NAC2020,TURBT,"[60027,14158]",Acceptable,True,5893.0,Epi,8.865047995482778
"TMA|AR|[60622,9202]",TMA,AR,NAC2020,TURBT,"[60622,9202]",Acceptable,True,6933.0,Epi,9.54750427616234
"TMA|AR|[61454,16100]",TMA,AR,NAC2020,TURBT,"[61454,16100]",Acceptable,True,11572.0,Epi,36.702191354328825
"TMA|AR|[61692,14435]",TMA,AR,NAC2020,TURBT,"[61692,14435]",Acceptable,True,7700.0,Epi,18.5683817648627
"TMA|AR|[35278,18358]",TMA,AR,NAC2020,TURBT,"[35278,18358]",Acceptable,True,7899.0,Stroma,75.68954457985888
"TMA|AR|[35436,14789]",TMA,AR,NAC2020,TURBT,"[35436,14789]",Acceptable,True,4960.0,Stroma,43.382772390188244
"TMA|AR|[35459,16494]",TMA,AR,NAC2020,TURBT,"[35459,16494]",Acceptable,True,6253.0,Stroma,50.033435870001334
"TMA|AR|[35556,13057]",TMA,AR,NAC2020,TURBT,"[35556,13057]",Acceptable,True,4218.0,Stroma,53.154595171401894
"TMA|AR|[35595,11300]",TMA,AR,NAC2020,TURBT,"[35595,11300]",Acceptable,True,5052.0,Stroma,58.01710637272618
"TMA|AR|[35714,7930]",TMA,AR,NAC2020,TURBT,"[35714,7930]",Acceptable,True,6737.0,Stroma,93.98900115104233
"TMA|AR|[36864,18477]",TMA,AR,NAC2020,TURBT,"[36864,18477]",Acceptable,True,8254.0,Stroma,64.95348837209302
"TMA|AR|[37102,14908]",TMA,AR,NAC2020,TURBT,"[37102,14908]",Acceptable,True,3310.0,Stroma,63.337872597972456
"TMA|AR|[37102,16653]",TMA,AR,NAC2020,TURBT,"[37102,16653]",Acceptable,True,8155.0,Stroma,18.526973447074372
"TMA|AR|[37181,13124]",TMA,AR,NAC2020,TURBT,"[37181,13124]",Acceptable,True,4155.0,Stroma,76.55133772237008
"TMA|AR|[37260,11380]",TMA,AR,NAC2020,TURBT,"[37260,11380]",Acceptable,True,5183.0,Stroma,30.1131625967838
"TMA|AR|[37340,9635]",TMA,AR,NAC2020,TURBT,"[37340,9635]",Acceptable,True,8764.0,Stroma,71.96145124716553
"TMA|AR|[37459,7890]",TMA,AR,NAC2020,TURBT,"[37459,7890]",Acceptable,True,4847.0,Stroma,99.56056833162444
"TMA|AR|[38608,18516]",TMA,AR,NAC2020,TURBT,"[38608,18516]",Acceptable,True,6367.0,Stroma,15.9533527696793
"TMA|AR|[38807,14869]",TMA,AR,NAC2020,TURBT,"[38807,14869]",Acceptable,True,4315.0,Stroma,38.7235220822373
"TMA|AR|[38807,16613]",TMA,AR,NAC2020,TURBT,"[38807,16613]",Acceptable,True,5220.0,Stroma,31.692840361073326
"TMA|AR|[39084,11419]",TMA,AR,NAC2020,TURBT,"[39084,11419]",Acceptable,True,6605.0,Stroma,97.00945126251939
"TMA|AR|[39084,9754]",TMA,AR,NAC2020,TURBT,"[39084,9754]",Acceptable,True,6814.0,Stroma,62.71760154738878
"TMA|AR|[39164,7970]",TMA,AR,NAC2020,TURBT,"[39164,7970]",Acceptable,True,7359.0,Stroma,79.31748933577087
"TMA|AR|[40281,11144]",TMA,AR,NAC2020,TURBT,"[40281,11144]",Acceptable,True,9242.0,Stroma,31.61727133367399
"TMA|AR|[40313,18635]",TMA,AR,NAC2020,TURBT,"[40313,18635]",Acceptable,True,7012.0,Stroma,20.136633441594803
"TMA|AR|[40512,15067]",TMA,AR,NAC2020,TURBT,"[40512,15067]",Acceptable,True,4438.0,Stroma,23.20536418616881
"TMA|AR|[40591,13243]",TMA,AR,NAC2020,TURBT,"[40591,13243]",Acceptable,True,5300.0,Stroma,24.986361156573924
"TMA|AR|[40599,8131]",TMA,AR,NAC2020,TURBT,"[40599,8131]",Acceptable,True,7645.0,Stroma,80.06600660066006
"TMA|AR|[40631,11498]",TMA,AR,NAC2020,TURBT,"[40631,11498]",Acceptable,True,6712.0,Stroma,60.05138871895266
"TMA|AR|[40638,6505]",TMA,AR,NAC2020,TURBT,"[40638,6505]",Acceptable,True,5718.0,Stroma,81.77218651716123
"TMA|AR|[40750,9794]",TMA,AR,NAC2020,TURBT,"[40750,9794]",Acceptable,True,4339.0,Stroma,82.62446835126345
"TMA|AR|[40829,8009]",TMA,AR,NAC2020,TURBT,"[40829,8009]",Acceptable,True,8123.0,Stroma,23.30428192497158
"TMA|AR|[41979,16970]",TMA,AR,NAC2020,TURBT,"[41979,16970]",Acceptable,True,9948.0,Stroma,99.87454379562044
"TMA|AR|[42177,15186]",TMA,AR,NAC2020,TURBT,"[42177,15186]",Acceptable,True,5163.0,Stroma,29.818134240481484
"TMA|AR|[42217,18754]",TMA,AR,NAC2020,TURBT,"[42217,18754]",Acceptable,True,8031.0,Stroma,5.385081867798666
"TMA|AR|[42254,13340]",TMA,AR,NAC2020,TURBT,"[42254,13340]",Acceptable,True,6636.0,Stroma,19.530427458412298
"TMA|AR|[42336,11578]",TMA,AR,NAC2020,TURBT,"[42336,11578]",Acceptable,True,13853.0,Stroma,76.55710306406684
"TMA|AR|[42534,8049]",TMA,AR,NAC2020,TURBT,"[42534,8049]",Acceptable,True,8411.0,Stroma,57.708578143360754
"TMA|AR|[43572,11382]",TMA,AR,NAC2020,TURBT,"[43572,11382]",Acceptable,True,4736.0,Stroma,94.65954606141523
"TMA|AR|[43652,9717]",TMA,AR,NAC2020,TURBT,"[43652,9717]",Acceptable,True,9442.0,Stroma,49.75
"TMA|AR|[43763,18876]",TMA,AR,NAC2020,TURBT,"[43763,18876]",Acceptable,True,8502.0,Stroma,7.588907705334462
"TMA|AR|[43882,15226]",TMA,AR,NAC2020,TURBT,"[43882,15226]",Acceptable,True,6383.0,Stroma,17.43613780173424
"TMA|AR|[43899,17017]",TMA,AR,NAC2020,TURBT,"[43899,17017]",Acceptable,True,7433.0,Stroma,99.92869875222816
"TMA|AR|[43969,6545]",TMA,AR,NAC2020,TURBT,"[43969,6545]",Acceptable,True,7875.0,Stroma,50.925670074606245
"TMA|AR|[44080,11618]",TMA,AR,NAC2020,TURBT,"[44080,11618]",Acceptable,True,13463.0,Stroma,73.51245512890242
"TMA|AR|[44278,8128]",TMA,AR,NAC2020,TURBT,"[44278,8128]",Acceptable,True,7702.0,Stroma,44.816623140683554
"TMA|AR|[45119,11501]",TMA,AR,NAC2020,TURBT,"[45119,11501]",Acceptable,True,7779.0,Stroma,88.80293159609121
"TMA|AR|[45277,9876]",TMA,AR,NAC2020,TURBT,"[45277,9876]",Acceptable,True,8920.0,Stroma,52.06198450387404
"TMA|AR|[45428,18873]",TMA,AR,NAC2020,TURBT,"[45428,18873]",Acceptable,True,8784.0,Stroma,27.84692334535303
"TMA|AR|[45547,17089]",TMA,AR,NAC2020,TURBT,"[45547,17089]",Acceptable,True,8437.0,Stroma,81.27249357326478
"TMA|AR|[45626,15305]",TMA,AR,NAC2020,TURBT,"[45626,15305]",Acceptable,True,9320.0,Stroma,87.73562676720076
"TMA|AR|[45666,13481]",TMA,AR,NAC2020,TURBT,"[45666,13481]",Acceptable,True,9668.0,Stroma,24.394443806681206
"TMA|AR|[45825,11657]",TMA,AR,NAC2020,TURBT,"[45825,11657]",Acceptable,True,9553.0,Stroma,84.67899563975341
"TMA|AR|[45864,9992]",TMA,AR,NAC2020,TURBT,"[45864,9992]",Acceptable,True,7893.0,Stroma,49.017243458338356
"TMA|AR|[45944,8247]",TMA,AR,NAC2020,TURBT,"[45944,8247]",Acceptable,True,7666.0,Stroma,88.71866295264624
"TMA|AR|[47094,18873]",TMA,AR,NAC2020,TURBT,"[47094,18873]",Acceptable,True,8482.0,Stroma,28.867771468304554
"TMA|AR|[47141,8290]",TMA,AR,NAC2020,TURBT,"[47141,8290]",Acceptable,True,6287.0,Stroma,52.83378746594005
"TMA|AR|[47252,17049]",TMA,AR,NAC2020,TURBT,"[47252,17049]",Acceptable,True,9104.0,Stroma,43.24119651647104
"TMA|AR|[47260,6664]",TMA,AR,NAC2020,TURBT,"[47260,6664]",Acceptable,True,7263.0,Stroma,35.832732516222066
"TMA|AR|[47371,15344]",TMA,AR,NAC2020,TURBT,"[47371,15344]",Acceptable,True,7347.0,Stroma,93.24819544697391
"TMA|AR|[47450,13521]",TMA,AR,NAC2020,TURBT,"[47450,13521]",Acceptable,True,7270.0,Stroma,33.57863177977651
"TMA|AR|[47530,8287]",TMA,AR,NAC2020,TURBT,"[47530,8287]",Acceptable,True,6601.0,Stroma,79.56417078423921
"TMA|AR|[47569,10032]",TMA,AR,NAC2020,TURBT,"[47569,10032]",Acceptable,True,5340.0,Stroma,68.62402579951626
"TMA|AR|[47569,11776]",TMA,AR,NAC2020,TURBT,"[47569,11776]",Acceptable,True,10402.0,Stroma,77.61405163267712
"TMA|AR|[48330,13206]",TMA,AR,NAC2020,TURBT,"[48330,13206]",Acceptable,True,5752.0,Stroma,70.12357265759424
"TMA|AR|[48838,18834]",TMA,AR,NAC2020,TURBT,"[48838,18834]",Acceptable,True,5250.0,Stroma,44.11657559198543
"TMA|AR|[48917,17089]",TMA,AR,NAC2020,TURBT,"[48917,17089]",Acceptable,True,6222.0,Stroma,74.41529146384899
"TMA|AR|[49036,15305]",TMA,AR,NAC2020,TURBT,"[49036,15305]",Acceptable,True,6116.0,Stroma,46.18679357525283
"TMA|AR|[49195,13600]",TMA,AR,NAC2020,TURBT,"[49195,13600]",Acceptable,True,8597.0,Stroma,10.296644141564542
"TMA|AR|[49195,8366]",TMA,AR,NAC2020,TURBT,"[49195,8366]",Acceptable,True,3931.0,Stroma,24.83590087073007
"TMA|AR|[49234,10150]",TMA,AR,NAC2020,TURBT,"[49234,10150]",Acceptable,True,9079.0,Stroma,81.27499143150919
"TMA|AR|[49274,11895]",TMA,AR,NAC2020,TURBT,"[49274,11895]",Borderline,True,5543.0,Stroma,62.89218028348463
"TMA|AR|[49877,14871]",TMA,AR,NAC2020,TURBT,"[49877,14871]",Borderline,True,4776.0,Stroma,69.74610625133347
"TMA|AR|[50075,13246]",TMA,AR,NAC2020,TURBT,"[50075,13246]",Acceptable,True,6174.0,Stroma,40.71841245918111
"TMA|AR|[50194,11541]",TMA,AR,NAC2020,TURBT,"[50194,11541]",Acceptable,True,4306.0,Stroma,54.90891504110914
"TMA|AR|[50543,18794]",TMA,AR,NAC2020,TURBT,"[50543,18794]",Acceptable,True,5043.0,Stroma,26.453874984886955
"TMA|AR|[50662,17089]",TMA,AR,NAC2020,TURBT,"[50662,17089]",Acceptable,True,6701.0,Stroma,66.98614318706697
"TMA|AR|[50781,15384]",TMA,AR,NAC2020,TURBT,"[50781,15384]",Acceptable,True,6307.0,Stroma,49.75558659217877
"TMA|AR|[50900,8445]",TMA,AR,NAC2020,TURBT,"[50900,8445]",Acceptable,True,4700.0,Stroma,64.87333151729774
"TMA|AR|[50908,6585]",TMA,AR,NAC2020,TURBT,"[50908,6585]",Acceptable,True,6564.0,Stroma,80.07801616049039
"TMA|AR|[50940,13679]",TMA,AR,NAC2020,TURBT,"[50940,13679]",Borderline,True,7736.0,Stroma,60.10554842390529
"TMA|AR|[50979,10230]",TMA,AR,NAC2020,TURBT,"[50979,10230]",Acceptable,True,8228.0,Stroma,88.86021987884227
"TMA|AR|[51582,15070]",TMA,AR,NAC2020,TURBT,"[51582,15070]",Acceptable,True,7955.0,Stroma,15.206746463547331
"TMA|AR|[52176,10034]",TMA,AR,NAC2020,TURBT,"[52176,10034]",Acceptable,True,6526.0,Stroma,59.702958144102126
"TMA|AR|[52406,17049]",TMA,AR,NAC2020,TURBT,"[52406,17049]",Acceptable,True,6594.0,Stroma,23.939103332534163
"TMA|AR|[52605,15384]",TMA,AR,NAC2020,TURBT,"[52605,15384]",Acceptable,True,7181.0,Stroma,55.975462810822656
"TMA|AR|[52605,8525]",TMA,AR,NAC2020,TURBT,"[52605,8525]",Acceptable,True,7520.0,Stroma,22.843886462882093
"TMA|AR|[52644,13679]",TMA,AR,NAC2020,TURBT,"[52644,13679]",Acceptable,True,5998.0,Stroma,53.64345254100565
"TMA|AR|[52684,10230]",TMA,AR,NAC2020,TURBT,"[52684,10230]",Acceptable,True,6073.0,Stroma,16.957976943101528
"TMA|AR|[52724,12014]",TMA,AR,NAC2020,TURBT,"[52724,12014]",Acceptable,True,7418.0,Stroma,23.38830584707646
"TMA|AR|[53604,11898]",TMA,AR,NAC2020,TURBT,"[53604,11898]",Acceptable,True,4171.0,Stroma,48.24401846928781
"TMA|AR|[54032,18715]",TMA,AR,NAC2020,TURBT,"[54032,18715]",Borderline,True,8274.0,Stroma,24.227556027052117
"TMA|AR|[54191,17089]",TMA,AR,NAC2020,TURBT,"[54191,17089]",Acceptable,True,6740.0,Stroma,27.393777992979057
"TMA|AR|[54230,8564]",TMA,AR,NAC2020,TURBT,"[54230,8564]",Acceptable,True,8228.0,Stroma,27.670728251629356
"TMA|AR|[54310,15384]",TMA,AR,NAC2020,TURBT,"[54310,15384]",Acceptable,True,5998.0,Stroma,51.55908410999885
"TMA|AR|[54389,10269]",TMA,AR,NAC2020,TURBT,"[54389,10269]",Acceptable,True,5578.0,Stroma,20.06670372429127
"TMA|AR|[54389,13719]",TMA,AR,NAC2020,TURBT,"[54389,13719]",Acceptable,True,6189.0,Stroma,39.952718676122934
"TMA|AR|[54528,12054]",TMA,AR,NAC2020,TURBT,"[54528,12054]",Acceptable,True,6795.0,Stroma,27.933086336589202
"TMA|AR|[55229,12096]",TMA,AR,NAC2020,TURBT,"[55229,12096]",Acceptable,True,5522.0,Stroma,31.17024165082813
"TMA|AR|[55428,10391]",TMA,AR,NAC2020,TURBT,"[55428,10391]",Acceptable,True,4329.0,Stroma,81.2361378086648
"TMA|AR|[55745,7179]",TMA,AR,NAC2020,TURBT,"[55745,7179]",Acceptable,True,6355.0,Stroma,60.680769842532214
"TMA|AR|[56538,15466]",TMA,AR,NAC2020,TURBT,"[56538,15466]",Acceptable,True,4192.0,Stroma,53.42485342485342
"TMA|AR|[57053,10550]",TMA,AR,NAC2020,TURBT,"[57053,10550]",Borderline,True,3996.0,Stroma,38.69912047453467
"TMA|AR|[57212,8884]",TMA,AR,NAC2020,TURBT,"[57212,8884]",Acceptable,True,7845.0,Stroma,80.61397779229262
"TMA|AR|[57410,7259]",TMA,AR,NAC2020,TURBT,"[57410,7259]",Acceptable,True,7190.0,Stroma,69.84727052774838
"TMA|AR|[58401,14118]",TMA,AR,NAC2020,TURBT,"[58401,14118]",Acceptable,True,10252.0,Stroma,68.19107070158773
"TMA|AR|[58877,9083]",TMA,AR,NAC2020,TURBT,"[58877,9083]",Acceptable,True,5744.0,Stroma,78.74151922309431
"TMA|AR|[58996,7378]",TMA,AR,NAC2020,TURBT,"[58996,7378]",Acceptable,True,6891.0,Stroma,43.799520913948776
"TMA|AR|[60027,14158]",TMA,AR,NAC2020,TURBT,"[60027,14158]",Acceptable,True,5893.0,Stroma,91.13495200451722
"TMA|AR|[60622,9202]",TMA,AR,NAC2020,TURBT,"[60622,9202]",Acceptable,True,6933.0,Stroma,90.45249572383766
"TMA|AR|[61454,16100]",TMA,AR,NAC2020,TURBT,"[61454,16100]",Acceptable,True,11572.0,Stroma,63.29780864567118
"TMA|AR|[61692,14435]",TMA,AR,NAC2020,TURBT,"[61692,14435]",Acceptable,True,7700.0,Stroma,81.43161823513728
"TMA|AR|[39806,17568]",TMA,AR,NAC2020,RC,"[39806,17568]",Acceptable,True,7912.0,Epi,6.283199271513127
"TMA|AR|[39845,15863]",TMA,AR,NAC2020,RC,"[39845,15863]",Acceptable,True,9161.0,Epi,13.12783817256089
"TMA|AR|[41431,16021]",TMA,AR,NAC2020,RC,"[41431,16021]",Acceptable,True,7312.0,Epi,23.22432294328053
"TMA|AR|[42938,17607]",TMA,AR,NAC2020,RC,"[42938,17607]",Borderline,True,3119.0,Epi,39.656389738762066
"TMA|AR|[43096,15982]",TMA,AR,NAC2020,RC,"[43096,15982]",Acceptable,True,10447.0,Epi,40.95388733422557
"TMA|AR|[44484,17766]",TMA,AR,NAC2020,RC,"[44484,17766]",Acceptable,True,4104.0,Epi,34.08101045296167
"TMA|AR|[44762,16100]",TMA,AR,NAC2020,RC,"[44762,16100]",Acceptable,True,9103.0,Epi,57.06459421582367
"TMA|AR|[46229,17885]",TMA,AR,NAC2020,RC,"[46229,17885]",Acceptable,True,3004.0,Epi,78.46311126256603
"TMA|AR|[46348,16259]",TMA,AR,NAC2020,RC,"[46348,16259]",Acceptable,True,3728.0,Epi,15.772654645058205
"TMA|AR|[47854,18043]",TMA,AR,NAC2020,RC,"[47854,18043]",Acceptable,True,3942.0,Epi,81.09612141652613
"TMA|AR|[48013,16378]",TMA,AR,NAC2020,RC,"[48013,16378]",Acceptable,True,6941.0,Epi,38.953574060427414
"TMA|AR|[49678,18083]",TMA,AR,NAC2020,RC,"[49678,18083]",Acceptable,True,5922.0,Epi,45.929858429858434
"TMA|AR|[51304,18123]",TMA,AR,NAC2020,RC,"[51304,18123]",Acceptable,True,6944.0,Epi,45.47702152414194
"TMA|AR|[53009,18281]",TMA,AR,NAC2020,RC,"[53009,18281]",Borderline,True,6315.0,Epi,29.325130499627143
"TMA|AR|[53128,16735]",TMA,AR,NAC2020,RC,"[53128,16735]",Acceptable,True,4665.0,Epi,80.64806480648065
"TMA|AR|[54714,18598]",TMA,AR,NAC2020,RC,"[54714,18598]",Borderline,True,4700.0,Epi,40.041710114702816
"TMA|AR|[54754,16973]",TMA,AR,NAC2020,RC,"[54754,16973]",Acceptable,True,4741.0,Epi,69.79703608247424
"TMA|AR|[56340,17131]",TMA,AR,NAC2020,RC,"[56340,17131]",Acceptable,True,4391.0,Epi,64.59164210161262
"TMA|AR|[57926,17330]",TMA,AR,NAC2020,RC,"[57926,17330]",Acceptable,True,5369.0,Epi,35.4182655410591
"TMA|AR|[59551,17528]",TMA,AR,NAC2020,RC,"[59551,17528]",Acceptable,True,3851.0,Epi,17.254098360655735
"TMA|AR|[39806,17568]",TMA,AR,NAC2020,RC,"[39806,17568]",Acceptable,True,7912.0,Stroma,93.71680072848687
"TMA|AR|[39845,15863]",TMA,AR,NAC2020,RC,"[39845,15863]",Acceptable,True,9161.0,Stroma,86.8721618274391
"TMA|AR|[41431,16021]",TMA,AR,NAC2020,RC,"[41431,16021]",Acceptable,True,7312.0,Stroma,76.77567705671947
"TMA|AR|[42938,17607]",TMA,AR,NAC2020,RC,"[42938,17607]",Borderline,True,3119.0,Stroma,60.343610261237934
"TMA|AR|[43096,15982]",TMA,AR,NAC2020,RC,"[43096,15982]",Acceptable,True,10447.0,Stroma,59.04611266577443
"TMA|AR|[44484,17766]",TMA,AR,NAC2020,RC,"[44484,17766]",Acceptable,True,4104.0,Stroma,65.91898954703832
"TMA|AR|[44762,16100]",TMA,AR,NAC2020,RC,"[44762,16100]",Acceptable,True,9103.0,Stroma,42.93540578417633
"TMA|AR|[46229,17885]",TMA,AR,NAC2020,RC,"[46229,17885]",Acceptable,True,3004.0,Stroma,21.536888737433976
"TMA|AR|[46348,16259]",TMA,AR,NAC2020,RC,"[46348,16259]",Acceptable,True,3728.0,Stroma,84.22734535494179
"TMA|AR|[47854,18043]",TMA,AR,NAC2020,RC,"[47854,18043]",Acceptable,True,3942.0,Stroma,18.903878583473862
"TMA|AR|[48013,16378]",TMA,AR,NAC2020,RC,"[48013,16378]",Acceptable,True,6941.0,Stroma,61.04642593957259
"TMA|AR|[49678,18083]",TMA,AR,NAC2020,RC,"[49678,18083]",Acceptable,True,5922.0,Stroma,54.07014157014157
"TMA|AR|[51304,18123]",TMA,AR,NAC2020,RC,"[51304,18123]",Acceptable,True,6944.0,Stroma,54.522978475858054
"TMA|AR|[53009,18281]",TMA,AR,NAC2020,RC,"[53009,18281]",Borderline,True,6315.0,Stroma,70.67486950037285
"TMA|AR|[53128,16735]",TMA,AR,NAC2020,RC,"[53128,16735]",Acceptable,True,4665.0,Stroma,19.351935193519353
"TMA|AR|[54714,18598]",TMA,AR,NAC2020,RC,"[54714,18598]",Borderline,True,4700.0,Stroma,59.958289885297184
"TMA|AR|[54754,16973]",TMA,AR,NAC2020,RC,"[54754,16973]",Acceptable,True,4741.0,Stroma,30.202963917525775
"TMA|AR|[56340,17131]",TMA,AR,NAC2020,RC,"[56340,17131]",Acceptable,True,4391.0,Stroma,35.40835789838738
"TMA|AR|[57926,17330]",TMA,AR,NAC2020,RC,"[57926,17330]",Acceptable,True,5369.0,Stroma,64.5817344589409
"TMA|AR|[59551,17528]",TMA,AR,NAC2020,RC,"[59551,17528]",Acceptable,True,3851.0,Stroma,82.74590163934427
"TMA|AR|[31609,10841]",TMA,AR,PURE01,TURBT,"[31609,10841]",Acceptable,True,6522.0,Epi,81.75237520735936
"TMA|AR|[31609,9136]",TMA,AR,PURE01,TURBT,"[31609,9136]",Acceptable,True,6492.0,Epi,24.118846489950478
"TMA|AR|[31649,12546]",TMA,AR,PURE01,TURBT,"[31649,12546]",Borderline,True,4792.0,Epi,79.14085088806279
"TMA|AR|[32244,17779]",TMA,AR,PURE01,TURBT,"[32244,17779]",Acceptable,True,6291.0,Epi,65.5406497494747
"TMA|AR|[32362,19286]",TMA,AR,PURE01,TURBT,"[32362,19286]",Acceptable,True,4529.0,Epi,9.213685474189676
"TMA|AR|[32521,22775]",TMA,AR,PURE01,TURBT,"[32521,22775]",Borderline,True,4796.0,Epi,38.97632213242592
"TMA|AR|[33195,12625]",TMA,AR,PURE01,TURBT,"[33195,12625]",Acceptable,True,8929.0,Epi,67.15960564881428
"TMA|AR|[33195,7470]",TMA,AR,PURE01,TURBT,"[33195,7470]",Acceptable,True,5897.0,Epi,35.97304128053918
"TMA|AR|[33235,10841]",TMA,AR,PURE01,TURBT,"[33235,10841]",Acceptable,True,7121.0,Epi,84.73183391003461
"TMA|AR|[34860,7391]",TMA,AR,PURE01,TURBT,"[34860,7391]",Acceptable,True,5207.0,Epi,19.79762428508579
"TMA|AR|[34940,10841]",TMA,AR,PURE01,TURBT,"[34940,10841]",Acceptable,True,6641.0,Epi,42.81300573782551
"TMA|AR|[34940,9056]",TMA,AR,PURE01,TURBT,"[34940,9056]",Acceptable,True,4614.0,Epi,47.852541159627776
"TMA|AR|[35296,15757]",TMA,AR,PURE01,TURBT,"[35296,15757]",Acceptable,True,4762.0,Epi,80.3347280334728
"TMA|AR|[35334,11741]",TMA,AR,PURE01,TURBT,"[35334,11741]",Acceptable,True,6840.0,Epi,59.56693449543783
"TMA|AR|[35493,10065]",TMA,AR,PURE01,TURBT,"[35493,10065]",Acceptable,True,8535.0,Epi,58.73628361268539
"TMA|AR|[35534,19088]",TMA,AR,PURE01,TURBT,"[35534,19088]",Acceptable,True,6222.0,Epi,44.306387954977346
"TMA|AR|[36605,9056]",TMA,AR,PURE01,TURBT,"[36605,9056]",Acceptable,True,4058.0,Epi,38.139835297916996
"TMA|AR|[36684,7431]",TMA,AR,PURE01,TURBT,"[36684,7431]",Acceptable,True,4633.0,Epi,66.8809349890431
"TMA|AR|[36764,10722]",TMA,AR,PURE01,TURBT,"[36764,10722]",Acceptable,True,7806.0,Epi,47.94916960241571
"TMA|AR|[36803,12347]",TMA,AR,PURE01,TURBT,"[36803,12347]",Acceptable,True,6964.0,Epi,94.96129295124271
"TMA|AR|[36843,14013]",TMA,AR,PURE01,TURBT,"[36843,14013]",Acceptable,True,4337.0,Epi,6.847875056314761
"TMA|AR|[37120,17304]",TMA,AR,PURE01,TURBT,"[37120,17304]",Acceptable,True,9683.0,Epi,46.70229405630865
"TMA|AR|[37358,20555]",TMA,AR,PURE01,TURBT,"[37358,20555]",Acceptable,True,7968.0,Epi,75.76024126664991
"TMA|AR|[37596,22260]",TMA,AR,PURE01,TURBT,"[37596,22260]",Acceptable,True,6255.0,Epi,74.85898468976632
"TMA|AR|[38389,8977]",TMA,AR,PURE01,TURBT,"[38389,8977]",Acceptable,True,5493.0,Epi,65.0244843448583
"TMA|AR|[38429,10642]",TMA,AR,PURE01,TURBT,"[38429,10642]",Acceptable,True,6670.0,Epi,60.63731527093595
"TMA|AR|[38627,13814]",TMA,AR,PURE01,TURBT,"[38627,13814]",Acceptable,True,8291.0,Epi,91.5201250488472
"TMA|AR|[38704,11780]",TMA,AR,PURE01,TURBT,"[38704,11780]",Acceptable,True,6074.0,Epi,63.98150742504904
"TMA|AR|[38784,10115]",TMA,AR,PURE01,TURBT,"[38784,10115]",Acceptable,True,5383.0,Epi,58.436815193571945
"TMA|AR|[38786,15480]",TMA,AR,PURE01,TURBT,"[38786,15480]",Acceptable,True,4558.0,Epi,8.836789900811542
"TMA|AR|[38865,17105]",TMA,AR,PURE01,TURBT,"[38865,17105]",Acceptable,True,6290.0,Epi,33.20745216515609
"TMA|AR|[39142,20396]",TMA,AR,PURE01,TURBT,"[39142,20396]",Acceptable,True,3865.0,Epi,48.01360544217687
"TMA|AR|[39341,22101]",TMA,AR,PURE01,TURBT,"[39341,22101]",Acceptable,True,5854.0,Epi,78.27126321087066
"TMA|AR|[40094,8858]",TMA,AR,PURE01,TURBT,"[40094,8858]",Acceptable,True,5537.0,Epi,85.29651795429815
"TMA|AR|[40173,10484]",TMA,AR,PURE01,TURBT,"[40173,10484]",Acceptable,True,8972.0,Epi,27.97913601711916
"TMA|AR|[40372,13695]",TMA,AR,PURE01,TURBT,"[40372,13695]",Acceptable,True,6620.0,Epi,60.02337814143776
"TMA|AR|[40489,11899]",TMA,AR,PURE01,TURBT,"[40489,11899]",Acceptable,True,4746.0,Epi,58.57474825716499
"TMA|AR|[40491,15361]",TMA,AR,PURE01,TURBT,"[40491,15361]",Acceptable,True,3572.0,Epi,13.95691401215246
"TMA|AR|[40568,10155]",TMA,AR,PURE01,TURBT,"[40568,10155]",Borderline,True,3148.0,Epi,61.30478087649403
"TMA|AR|[40728,18612]",TMA,AR,PURE01,TURBT,"[40728,18612]",Borderline,True,5773.0,Epi,59.92981336736322
"TMA|AR|[40887,20238]",TMA,AR,PURE01,TURBT,"[40887,20238]",Acceptable,True,6584.0,Epi,50.14489101675695
"TMA|AR|[41046,21942]",TMA,AR,PURE01,TURBT,"[41046,21942]",Acceptable,True,6213.0,Epi,66.51311580294305
"TMA|AR|[41480,11490]",TMA,AR,PURE01,TURBT,"[41480,11490]",Acceptable,True,6350.0,Epi,44.68468468468468
"TMA|AR|[41878,10365]",TMA,AR,PURE01,TURBT,"[41878,10365]",Acceptable,True,6989.0,Epi,25.597122302158272
"TMA|AR|[41997,13576]",TMA,AR,PURE01,TURBT,"[41997,13576]",Borderline,True,6629.0,Epi,24.635514018691588
"TMA|AR|[42156,15202]",TMA,AR,PURE01,TURBT,"[42156,15202]",Borderline,True,4446.0,Epi,23.544679273266592
"TMA|AR|[42275,16867]",TMA,AR,PURE01,TURBT,"[42275,16867]",Acceptable,True,8950.0,Epi,63.55589276681841
"TMA|AR|[42434,18453]",TMA,AR,PURE01,TURBT,"[42434,18453]",Acceptable,True,8609.0,Epi,51.10682110682111
"TMA|AR|[42592,20119]",TMA,AR,PURE01,TURBT,"[42592,20119]",Acceptable,True,8902.0,Epi,48.36383063977561
"TMA|AR|[43106,11451]",TMA,AR,PURE01,TURBT,"[43106,11451]",Acceptable,True,6074.0,Epi,63.905631134837265
"TMA|AR|[43425,7153]",TMA,AR,PURE01,TURBT,"[43425,7153]",Acceptable,True,4862.0,Epi,31.25948406676783
"TMA|AR|[43623,10286]",TMA,AR,PURE01,TURBT,"[43623,10286]",Acceptable,True,6921.0,Epi,78.55418454935622
"TMA|AR|[43859,11979]",TMA,AR,PURE01,TURBT,"[43859,11979]",Acceptable,True,7336.0,Epi,56.51034482758621
"TMA|AR|[43861,15083]",TMA,AR,PURE01,TURBT,"[43861,15083]",Acceptable,True,5293.0,Epi,14.138956474722898
"TMA|AR|[43938,10274]",TMA,AR,PURE01,TURBT,"[43938,10274]",Acceptable,True,7811.0,Epi,25.77683615819209
"TMA|AR|[44020,16748]",TMA,AR,PURE01,TURBT,"[44020,16748]",Acceptable,True,5229.0,Epi,42.258440046565774
"TMA|AR|[44178,18334]",TMA,AR,PURE01,TURBT,"[44178,18334]",Acceptable,True,9998.0,Epi,45.8
"TMA|AR|[44297,19960]",TMA,AR,PURE01,TURBT,"[44297,19960]",Acceptable,True,7541.0,Epi,74.17347335667056
"TMA|AR|[44416,21586]",TMA,AR,PURE01,TURBT,"[44416,21586]",Acceptable,True,7814.0,Epi,8.74074074074074
"TMA|AR|[44850,11451]",TMA,AR,PURE01,TURBT,"[44850,11451]",Acceptable,True,5614.0,Epi,23.612150231931768
"TMA|AR|[45328,8620]",TMA,AR,PURE01,TURBT,"[45328,8620]",Borderline,True,5511.0,Epi,42.67195767195768
"TMA|AR|[45526,13299]",TMA,AR,PURE01,TURBT,"[45526,13299]",Borderline,True,6712.0,Epi,10.483236266330866
"TMA|AR|[45604,12058]",TMA,AR,PURE01,TURBT,"[45604,12058]",Acceptable,True,7491.0,Epi,16.94892105981972
"TMA|AR|[45673,10368]",TMA,AR,PURE01,TURBT,"[45673,10368]",Acceptable,True,7793.0,Epi,49.32946218719757
"TMA|AR|[45685,15004]",TMA,AR,PURE01,TURBT,"[45685,15004]",Acceptable,True,6770.0,Epi,65.05337214944203
"TMA|AR|[45764,16669]",TMA,AR,PURE01,TURBT,"[45764,16669]",Acceptable,True,5462.0,Epi,9.295818436188403
"TMA|AR|[46042,19722]",TMA,AR,PURE01,TURBT,"[46042,19722]",Acceptable,True,5961.0,Epi,50.06045949214027
"TMA|AR|[46160,21387]",TMA,AR,PURE01,TURBT,"[46160,21387]",Acceptable,True,2921.0,Epi,58.315303620366365
"TMA|AR|[46595,9785]",TMA,AR,PURE01,TURBT,"[46595,9785]",Acceptable,True,3597.0,Epi,30.15249537892791
"TMA|AR|[46914,6915]",TMA,AR,PURE01,TURBT,"[46914,6915]",Borderline,True,4720.0,Epi,43.35770871419866
"TMA|AR|[47112,10087]",TMA,AR,PURE01,TURBT,"[47112,10087]",Acceptable,True,6037.0,Epi,0.7122507122507122
"TMA|AR|[47152,11713]",TMA,AR,PURE01,TURBT,"[47152,11713]",Acceptable,True,10407.0,Epi,12.297465724968843
"TMA|AR|[47271,13299]",TMA,AR,PURE01,TURBT,"[47271,13299]",Acceptable,True,4056.0,Epi,0.8880477507643034
"TMA|AR|[47308,10353]",TMA,AR,PURE01,TURBT,"[47308,10353]",Acceptable,True,7675.0,Epi,52.9548627268497
"TMA|AR|[47308,12098]",TMA,AR,PURE01,TURBT,"[47308,12098]",Acceptable,True,10037.0,Epi,36.497780099242625
"TMA|AR|[47390,14924]",TMA,AR,PURE01,TURBT,"[47390,14924]",Acceptable,True,8613.0,Epi,44.62037152474753
"TMA|AR|[47548,16510]",TMA,AR,PURE01,TURBT,"[47548,16510]",Acceptable,True,10007.0,Epi,3.826399589111453
"TMA|AR|[47707,19564]",TMA,AR,PURE01,TURBT,"[47707,19564]",Borderline,True,6008.0,Epi,40.370751802265715
"TMA|AR|[47905,21229]",TMA,AR,PURE01,TURBT,"[47905,21229]",Acceptable,True,3811.0,Epi,62.50165278328706
"TMA|AR|[48181,11411]",TMA,AR,PURE01,TURBT,"[48181,11411]",Acceptable,True,3852.0,Epi,18.27356280410885
"TMA|AR|[48220,9785]",TMA,AR,PURE01,TURBT,"[48220,9785]",Acceptable,True,3307.0,Epi,33.45601121626358
"TMA|AR|[48619,6796]",TMA,AR,PURE01,TURBT,"[48619,6796]",Acceptable,True,3285.0,Epi,1.3430725730442978
"TMA|AR|[48896,11554]",TMA,AR,PURE01,TURBT,"[48896,11554]",Acceptable,True,5448.0,Epi,67.84284655300222
"TMA|AR|[49013,12098]",TMA,AR,PURE01,TURBT,"[49013,12098]",Borderline,True,7117.0,Epi,26.776364996260284
"TMA|AR|[49015,13140]",TMA,AR,PURE01,TURBT,"[49015,13140]",Borderline,True,4952.0,Epi,71.30014982520393
"TMA|AR|[49093,10487]",TMA,AR,PURE01,TURBT,"[49093,10487]",Acceptable,True,6588.0,Epi,47.53320683111954
"TMA|AR|[49174,14766]",TMA,AR,PURE01,TURBT,"[49174,14766]",Acceptable,True,6369.0,Epi,25.851885506587916
"TMA|AR|[49293,16352]",TMA,AR,PURE01,TURBT,"[49293,16352]",Acceptable,True,7226.0,Epi,24.783477681545637
"TMA|AR|[49925,11371]",TMA,AR,PURE01,TURBT,"[49925,11371]",Acceptable,True,3841.0,Epi,24.85425573260785
"TMA|AR|[50443,8263]",TMA,AR,PURE01,TURBT,"[50443,8263]",Acceptable,True,6357.0,Epi,19.611537904044066
"TMA|AR|[50522,9810]",TMA,AR,PURE01,TURBT,"[50522,9810]",Borderline,True,4617.0,Epi,66.16852718761253
"TMA|AR|[50681,11435]",TMA,AR,PURE01,TURBT,"[50681,11435]",Acceptable,True,7481.0,Epi,62.27106227106227
"TMA|AR|[50760,13021]",TMA,AR,PURE01,TURBT,"[50760,13021]",Acceptable,True,7473.0,Epi,40.3874415497662
"TMA|AR|[50879,14687]",TMA,AR,PURE01,TURBT,"[50879,14687]",Acceptable,True,5560.0,Epi,12.58157139128165
"TMA|AR|[50958,16312]",TMA,AR,PURE01,TURBT,"[50958,16312]",Acceptable,True,9527.0,Epi,82.26555246053853
"TMA|AR|[51196,19444]",TMA,AR,PURE01,TURBT,"[51196,19444]",Acceptable,True,6633.0,Epi,36.17386331140978
"TMA|AR|[51275,21030]",TMA,AR,PURE01,TURBT,"[51275,21030]",Acceptable,True,4741.0,Epi,84.3984962406015
"TMA|AR|[51630,11371]",TMA,AR,PURE01,TURBT,"[51630,11371]",Acceptable,True,6357.0,Epi,67.5132823636128
"TMA|AR|[52108,6558]",TMA,AR,PURE01,TURBT,"[52108,6558]",Borderline,True,6084.0,Epi,32.27848101265823
"TMA|AR|[52227,9691]",TMA,AR,PURE01,TURBT,"[52227,9691]",Acceptable,True,6292.0,Epi,40.18463905628927
"TMA|AR|[52623,14488]",TMA,AR,PURE01,TURBT,"[52623,14488]",Borderline,True,4964.0,Epi,26.983546617915906
"TMA|AR|[52782,17700]",TMA,AR,PURE01,TURBT,"[52782,17700]",Acceptable,True,6990.0,Epi,65.88778698546393
"TMA|AR|[52901,19326]",TMA,AR,PURE01,TURBT,"[52901,19326]",Acceptable,True,9355.0,Epi,77.9320987654321
"TMA|AR|[53060,20912]",TMA,AR,PURE01,TURBT,"[53060,20912]",Acceptable,True,5786.0,Epi,81.73378839590444
"TMA|AR|[53256,9746]",TMA,AR,PURE01,TURBT,"[53256,9746]",Borderline,True,5102.0,Epi,47.72565742714996
"TMA|AR|[53375,11371]",TMA,AR,PURE01,TURBT,"[53375,11371]",Acceptable,True,5622.0,Epi,47.80784844384303
"TMA|AR|[53734,6440]",TMA,AR,PURE01,TURBT,"[53734,6440]",Acceptable,True,9299.0,Epi,41.269423228864895
"TMA|AR|[54011,9611]",TMA,AR,PURE01,TURBT,"[54011,9611]",Acceptable,True,5854.0,Epi,52.40314205831447
"TMA|AR|[54328,14369]",TMA,AR,PURE01,TURBT,"[54328,14369]",Acceptable,True,5791.0,Epi,41.483734461782596
"TMA|AR|[54408,15995]",TMA,AR,PURE01,TURBT,"[54408,15995]",Acceptable,True,8208.0,Epi,89.35895597303886
"TMA|AR|[54646,19167]",TMA,AR,PURE01,TURBT,"[54646,19167]",Acceptable,True,7632.0,Epi,63.22548365577051
"TMA|AR|[55040,9746]",TMA,AR,PURE01,TURBT,"[55040,9746]",Acceptable,True,6427.0,Epi,0.01603592046183451
"TMA|AR|[55518,6360]",TMA,AR,PURE01,TURBT,"[55518,6360]",Acceptable,True,5804.0,Epi,20.02967359050445
"TMA|AR|[55676,9453]",TMA,AR,PURE01,TURBT,"[55676,9453]",Borderline,True,5034.0,Epi,62.287270251872016
"TMA|AR|[56113,15836]",TMA,AR,PURE01,TURBT,"[56113,15836]",Acceptable,True,7349.0,Epi,33.10469781286398
"TMA|AR|[56232,17462]",TMA,AR,PURE01,TURBT,"[56232,17462]",Acceptable,True,11076.0,Epi,52.45263431092655
"TMA|AR|[56350,19088]",TMA,AR,PURE01,TURBT,"[56350,19088]",Acceptable,True,6885.0,Epi,71.72623354073217
"TMA|AR|[56469,20713]",TMA,AR,PURE01,TURBT,"[56469,20713]",Acceptable,True,7868.0,Epi,60.11904761904762
"TMA|AR|[57223,6122]",TMA,AR,PURE01,TURBT,"[57223,6122]",Acceptable,True,8421.0,Epi,19.906285344966875
"TMA|AR|[57461,9413]",TMA,AR,PURE01,TURBT,"[57461,9413]",Acceptable,True,5607.0,Epi,65.8530042918455
"TMA|AR|[57659,12506]",TMA,AR,PURE01,TURBT,"[57659,12506]",Acceptable,True,6440.0,Epi,53.32338578404775
"TMA|AR|[58016,17304]",TMA,AR,PURE01,TURBT,"[58016,17304]",Acceptable,True,11609.0,Epi,26.214884835574495
"TMA|AR|[58135,18890]",TMA,AR,PURE01,TURBT,"[58135,18890]",Acceptable,True,3449.0,Epi,17.00805198474361
"TMA|AR|[58254,20555]",TMA,AR,PURE01,TURBT,"[58254,20555]",Acceptable,True,7414.0,Epi,32.88616827298776
"TMA|AR|[31609,10841]",TMA,AR,PURE01,TURBT,"[31609,10841]",Acceptable,True,6522.0,Stroma,18.247624792640625
"TMA|AR|[31609,9136]",TMA,AR,PURE01,TURBT,"[31609,9136]",Acceptable,True,6492.0,Stroma,75.88115351004953
"TMA|AR|[31649,12546]",TMA,AR,PURE01,TURBT,"[31649,12546]",Borderline,True,4792.0,Stroma,20.859149111937214
"TMA|AR|[32244,17779]",TMA,AR,PURE01,TURBT,"[32244,17779]",Acceptable,True,6291.0,Stroma,34.4593502505253
"TMA|AR|[32362,19286]",TMA,AR,PURE01,TURBT,"[32362,19286]",Acceptable,True,4529.0,Stroma,90.78631452581033
"TMA|AR|[32521,22775]",TMA,AR,PURE01,TURBT,"[32521,22775]",Borderline,True,4796.0,Stroma,61.02367786757408
"TMA|AR|[33195,12625]",TMA,AR,PURE01,TURBT,"[33195,12625]",Acceptable,True,8929.0,Stroma,32.840394351185715
"TMA|AR|[33195,7470]",TMA,AR,PURE01,TURBT,"[33195,7470]",Acceptable,True,5897.0,Stroma,64.02695871946082
"TMA|AR|[33235,10841]",TMA,AR,PURE01,TURBT,"[33235,10841]",Acceptable,True,7121.0,Stroma,15.268166089965398
"TMA|AR|[34860,7391]",TMA,AR,PURE01,TURBT,"[34860,7391]",Acceptable,True,5207.0,Stroma,80.20237571491421
"TMA|AR|[34940,10841]",TMA,AR,PURE01,TURBT,"[34940,10841]",Acceptable,True,6641.0,Stroma,57.18699426217448
"TMA|AR|[34940,9056]",TMA,AR,PURE01,TURBT,"[34940,9056]",Acceptable,True,4614.0,Stroma,52.14745884037223
"TMA|AR|[35296,15757]",TMA,AR,PURE01,TURBT,"[35296,15757]",Acceptable,True,4762.0,Stroma,19.665271966527197
"TMA|AR|[35334,11741]",TMA,AR,PURE01,TURBT,"[35334,11741]",Acceptable,True,6840.0,Stroma,40.433065504562165
"TMA|AR|[35493,10065]",TMA,AR,PURE01,TURBT,"[35493,10065]",Acceptable,True,8535.0,Stroma,41.2637163873146
"TMA|AR|[35534,19088]",TMA,AR,PURE01,TURBT,"[35534,19088]",Acceptable,True,6222.0,Stroma,55.69361204502266
"TMA|AR|[36605,9056]",TMA,AR,PURE01,TURBT,"[36605,9056]",Acceptable,True,4058.0,Stroma,61.86016470208299
"TMA|AR|[36684,7431]",TMA,AR,PURE01,TURBT,"[36684,7431]",Acceptable,True,4633.0,Stroma,33.1190650109569
"TMA|AR|[36764,10722]",TMA,AR,PURE01,TURBT,"[36764,10722]",Acceptable,True,7806.0,Stroma,52.050830397584306
"TMA|AR|[36803,12347]",TMA,AR,PURE01,TURBT,"[36803,12347]",Acceptable,True,6964.0,Stroma,5.0387070487573
"TMA|AR|[36843,14013]",TMA,AR,PURE01,TURBT,"[36843,14013]",Acceptable,True,4337.0,Stroma,93.15212494368524
"TMA|AR|[37120,17304]",TMA,AR,PURE01,TURBT,"[37120,17304]",Acceptable,True,9683.0,Stroma,53.29770594369135
"TMA|AR|[37358,20555]",TMA,AR,PURE01,TURBT,"[37358,20555]",Acceptable,True,7968.0,Stroma,24.23975873335009
"TMA|AR|[37596,22260]",TMA,AR,PURE01,TURBT,"[37596,22260]",Acceptable,True,6255.0,Stroma,25.14101531023368
"TMA|AR|[38389,8977]",TMA,AR,PURE01,TURBT,"[38389,8977]",Acceptable,True,5493.0,Stroma,34.97551565514171
"TMA|AR|[38429,10642]",TMA,AR,PURE01,TURBT,"[38429,10642]",Acceptable,True,6670.0,Stroma,39.362684729064036
"TMA|AR|[38627,13814]",TMA,AR,PURE01,TURBT,"[38627,13814]",Acceptable,True,8291.0,Stroma,8.479874951152793
"TMA|AR|[38704,11780]",TMA,AR,PURE01,TURBT,"[38704,11780]",Acceptable,True,6074.0,Stroma,36.01849257495097
"TMA|AR|[38784,10115]",TMA,AR,PURE01,TURBT,"[38784,10115]",Acceptable,True,5383.0,Stroma,41.56318480642805
"TMA|AR|[38786,15480]",TMA,AR,PURE01,TURBT,"[38786,15480]",Acceptable,True,4558.0,Stroma,91.16321009918848
"TMA|AR|[38865,17105]",TMA,AR,PURE01,TURBT,"[38865,17105]",Acceptable,True,6290.0,Stroma,66.79254783484392
"TMA|AR|[39142,20396]",TMA,AR,PURE01,TURBT,"[39142,20396]",Acceptable,True,3865.0,Stroma,51.98639455782313
"TMA|AR|[39341,22101]",TMA,AR,PURE01,TURBT,"[39341,22101]",Acceptable,True,5854.0,Stroma,21.72873678912934
"TMA|AR|[40094,8858]",TMA,AR,PURE01,TURBT,"[40094,8858]",Acceptable,True,5537.0,Stroma,14.70348204570185
"TMA|AR|[40173,10484]",TMA,AR,PURE01,TURBT,"[40173,10484]",Acceptable,True,8972.0,Stroma,72.02086398288083
"TMA|AR|[40372,13695]",TMA,AR,PURE01,TURBT,"[40372,13695]",Acceptable,True,6620.0,Stroma,39.97662185856225
"TMA|AR|[40489,11899]",TMA,AR,PURE01,TURBT,"[40489,11899]",Acceptable,True,4746.0,Stroma,41.425251742835016
"TMA|AR|[40491,15361]",TMA,AR,PURE01,TURBT,"[40491,15361]",Acceptable,True,3572.0,Stroma,86.04308598784755
"TMA|AR|[40568,10155]",TMA,AR,PURE01,TURBT,"[40568,10155]",Borderline,True,3148.0,Stroma,38.69521912350598
"TMA|AR|[40728,18612]",TMA,AR,PURE01,TURBT,"[40728,18612]",Borderline,True,5773.0,Stroma,40.07018663263678
"TMA|AR|[40887,20238]",TMA,AR,PURE01,TURBT,"[40887,20238]",Acceptable,True,6584.0,Stroma,49.855108983243035
"TMA|AR|[41046,21942]",TMA,AR,PURE01,TURBT,"[41046,21942]",Acceptable,True,6213.0,Stroma,33.48688419705694
"TMA|AR|[41480,11490]",TMA,AR,PURE01,TURBT,"[41480,11490]",Acceptable,True,6350.0,Stroma,55.31531531531532
"TMA|AR|[41878,10365]",TMA,AR,PURE01,TURBT,"[41878,10365]",Acceptable,True,6989.0,Stroma,74.40287769784173
"TMA|AR|[41997,13576]",TMA,AR,PURE01,TURBT,"[41997,13576]",Borderline,True,6629.0,Stroma,75.3644859813084
"TMA|AR|[42156,15202]",TMA,AR,PURE01,TURBT,"[42156,15202]",Borderline,True,4446.0,Stroma,76.4553207267334
"TMA|AR|[42275,16867]",TMA,AR,PURE01,TURBT,"[42275,16867]",Acceptable,True,8950.0,Stroma,36.44410723318159
"TMA|AR|[42434,18453]",TMA,AR,PURE01,TURBT,"[42434,18453]",Acceptable,True,8609.0,Stroma,48.89317889317889
"TMA|AR|[42592,20119]",TMA,AR,PURE01,TURBT,"[42592,20119]",Acceptable,True,8902.0,Stroma,51.63616936022438
"TMA|AR|[43106,11451]",TMA,AR,PURE01,TURBT,"[43106,11451]",Acceptable,True,6074.0,Stroma,36.094368865162735
"TMA|AR|[43425,7153]",TMA,AR,PURE01,TURBT,"[43425,7153]",Acceptable,True,4862.0,Stroma,68.74051593323216
"TMA|AR|[43623,10286]",TMA,AR,PURE01,TURBT,"[43623,10286]",Acceptable,True,6921.0,Stroma,21.445815450643778
"TMA|AR|[43859,11979]",TMA,AR,PURE01,TURBT,"[43859,11979]",Acceptable,True,7336.0,Stroma,43.48965517241379
"TMA|AR|[43861,15083]",TMA,AR,PURE01,TURBT,"[43861,15083]",Acceptable,True,5293.0,Stroma,85.8610435252771
"TMA|AR|[43938,10274]",TMA,AR,PURE01,TURBT,"[43938,10274]",Acceptable,True,7811.0,Stroma,74.22316384180792
"TMA|AR|[44020,16748]",TMA,AR,PURE01,TURBT,"[44020,16748]",Acceptable,True,5229.0,Stroma,57.741559953434226
"TMA|AR|[44178,18334]",TMA,AR,PURE01,TURBT,"[44178,18334]",Acceptable,True,9998.0,Stroma,54.2
"TMA|AR|[44297,19960]",TMA,AR,PURE01,TURBT,"[44297,19960]",Acceptable,True,7541.0,Stroma,25.826526643329448
"TMA|AR|[44416,21586]",TMA,AR,PURE01,TURBT,"[44416,21586]",Acceptable,True,7814.0,Stroma,91.25925925925925
"TMA|AR|[44850,11451]",TMA,AR,PURE01,TURBT,"[44850,11451]",Acceptable,True,5614.0,Stroma,76.38784976806824
"TMA|AR|[45328,8620]",TMA,AR,PURE01,TURBT,"[45328,8620]",Borderline,True,5511.0,Stroma,57.32804232804233
"TMA|AR|[45526,13299]",TMA,AR,PURE01,TURBT,"[45526,13299]",Borderline,True,6712.0,Stroma,89.51676373366914
"TMA|AR|[45604,12058]",TMA,AR,PURE01,TURBT,"[45604,12058]",Acceptable,True,7491.0,Stroma,83.05107894018028
"TMA|AR|[45673,10368]",TMA,AR,PURE01,TURBT,"[45673,10368]",Acceptable,True,7793.0,Stroma,50.670537812802436
"TMA|AR|[45685,15004]",TMA,AR,PURE01,TURBT,"[45685,15004]",Acceptable,True,6770.0,Stroma,34.94662785055798
"TMA|AR|[45764,16669]",TMA,AR,PURE01,TURBT,"[45764,16669]",Acceptable,True,5462.0,Stroma,90.7041815638116
"TMA|AR|[46042,19722]",TMA,AR,PURE01,TURBT,"[46042,19722]",Acceptable,True,5961.0,Stroma,49.93954050785973
"TMA|AR|[46160,21387]",TMA,AR,PURE01,TURBT,"[46160,21387]",Acceptable,True,2921.0,Stroma,41.684696379633635
"TMA|AR|[46595,9785]",TMA,AR,PURE01,TURBT,"[46595,9785]",Acceptable,True,3597.0,Stroma,69.84750462107209
"TMA|AR|[46914,6915]",TMA,AR,PURE01,TURBT,"[46914,6915]",Borderline,True,4720.0,Stroma,56.64229128580134
"TMA|AR|[47112,10087]",TMA,AR,PURE01,TURBT,"[47112,10087]",Acceptable,True,6037.0,Stroma,99.28774928774929
"TMA|AR|[47152,11713]",TMA,AR,PURE01,TURBT,"[47152,11713]",Acceptable,True,10407.0,Stroma,87.70253427503117
"TMA|AR|[47271,13299]",TMA,AR,PURE01,TURBT,"[47271,13299]",Acceptable,True,4056.0,Stroma,99.1119522492357
"TMA|AR|[47308,10353]",TMA,AR,PURE01,TURBT,"[47308,10353]",Acceptable,True,7675.0,Stroma,47.0451372731503
"TMA|AR|[47308,12098]",TMA,AR,PURE01,TURBT,"[47308,12098]",Acceptable,True,10037.0,Stroma,63.50221990075738
"TMA|AR|[47390,14924]",TMA,AR,PURE01,TURBT,"[47390,14924]",Acceptable,True,8613.0,Stroma,55.37962847525246
"TMA|AR|[47548,16510]",TMA,AR,PURE01,TURBT,"[47548,16510]",Acceptable,True,10007.0,Stroma,96.17360041088854
"TMA|AR|[47707,19564]",TMA,AR,PURE01,TURBT,"[47707,19564]",Borderline,True,6008.0,Stroma,59.6292481977343
"TMA|AR|[47905,21229]",TMA,AR,PURE01,TURBT,"[47905,21229]",Acceptable,True,3811.0,Stroma,37.49834721671294
"TMA|AR|[48181,11411]",TMA,AR,PURE01,TURBT,"[48181,11411]",Acceptable,True,3852.0,Stroma,81.72643719589115
"TMA|AR|[48220,9785]",TMA,AR,PURE01,TURBT,"[48220,9785]",Acceptable,True,3307.0,Stroma,66.54398878373641
"TMA|AR|[48619,6796]",TMA,AR,PURE01,TURBT,"[48619,6796]",Acceptable,True,3285.0,Stroma,98.6569274269557
"TMA|AR|[48896,11554]",TMA,AR,PURE01,TURBT,"[48896,11554]",Acceptable,True,5448.0,Stroma,32.157153446997775
"TMA|AR|[49013,12098]",TMA,AR,PURE01,TURBT,"[49013,12098]",Borderline,True,7117.0,Stroma,73.22363500373972
"TMA|AR|[49015,13140]",TMA,AR,PURE01,TURBT,"[49015,13140]",Borderline,True,4952.0,Stroma,28.699850174796072
"TMA|AR|[49093,10487]",TMA,AR,PURE01,TURBT,"[49093,10487]",Acceptable,True,6588.0,Stroma,52.46679316888046
"TMA|AR|[49174,14766]",TMA,AR,PURE01,TURBT,"[49174,14766]",Acceptable,True,6369.0,Stroma,74.14811449341208
"TMA|AR|[49293,16352]",TMA,AR,PURE01,TURBT,"[49293,16352]",Acceptable,True,7226.0,Stroma,75.21652231845435
"TMA|AR|[49925,11371]",TMA,AR,PURE01,TURBT,"[49925,11371]",Acceptable,True,3841.0,Stroma,75.14574426739215
"TMA|AR|[50443,8263]",TMA,AR,PURE01,TURBT,"[50443,8263]",Acceptable,True,6357.0,Stroma,80.38846209595594
"TMA|AR|[50522,9810]",TMA,AR,PURE01,TURBT,"[50522,9810]",Borderline,True,4617.0,Stroma,33.83147281238747
"TMA|AR|[50681,11435]",TMA,AR,PURE01,TURBT,"[50681,11435]",Acceptable,True,7481.0,Stroma,37.72893772893773
"TMA|AR|[50760,13021]",TMA,AR,PURE01,TURBT,"[50760,13021]",Acceptable,True,7473.0,Stroma,59.612558450233806
"TMA|AR|[50879,14687]",TMA,AR,PURE01,TURBT,"[50879,14687]",Acceptable,True,5560.0,Stroma,87.41842860871834
"TMA|AR|[50958,16312]",TMA,AR,PURE01,TURBT,"[50958,16312]",Acceptable,True,9527.0,Stroma,17.734447539461467
"TMA|AR|[51196,19444]",TMA,AR,PURE01,TURBT,"[51196,19444]",Acceptable,True,6633.0,Stroma,63.826136688590225
"TMA|AR|[51275,21030]",TMA,AR,PURE01,TURBT,"[51275,21030]",Acceptable,True,4741.0,Stroma,15.601503759398497
"TMA|AR|[51630,11371]",TMA,AR,PURE01,TURBT,"[51630,11371]",Acceptable,True,6357.0,Stroma,32.4867176363872
"TMA|AR|[52108,6558]",TMA,AR,PURE01,TURBT,"[52108,6558]",Borderline,True,6084.0,Stroma,67.72151898734178
"TMA|AR|[52227,9691]",TMA,AR,PURE01,TURBT,"[52227,9691]",Acceptable,True,6292.0,Stroma,59.815360943710736
"TMA|AR|[52623,14488]",TMA,AR,PURE01,TURBT,"[52623,14488]",Borderline,True,4964.0,Stroma,73.0164533820841
"TMA|AR|[52782,17700]",TMA,AR,PURE01,TURBT,"[52782,17700]",Acceptable,True,6990.0,Stroma,34.11221301453607
"TMA|AR|[52901,19326]",TMA,AR,PURE01,TURBT,"[52901,19326]",Acceptable,True,9355.0,Stroma,22.067901234567902
"TMA|AR|[53060,20912]",TMA,AR,PURE01,TURBT,"[53060,20912]",Acceptable,True,5786.0,Stroma,18.266211604095563
"TMA|AR|[53256,9746]",TMA,AR,PURE01,TURBT,"[53256,9746]",Borderline,True,5102.0,Stroma,52.27434257285003
"TMA|AR|[53375,11371]",TMA,AR,PURE01,TURBT,"[53375,11371]",Acceptable,True,5622.0,Stroma,52.192151556156965
"TMA|AR|[53734,6440]",TMA,AR,PURE01,TURBT,"[53734,6440]",Acceptable,True,9299.0,Stroma,58.730576771135105
"TMA|AR|[54011,9611]",TMA,AR,PURE01,TURBT,"[54011,9611]",Acceptable,True,5854.0,Stroma,47.59685794168553
"TMA|AR|[54328,14369]",TMA,AR,PURE01,TURBT,"[54328,14369]",Acceptable,True,5791.0,Stroma,58.5162655382174
"TMA|AR|[54408,15995]",TMA,AR,PURE01,TURBT,"[54408,15995]",Acceptable,True,8208.0,Stroma,10.641044026961135
"TMA|AR|[54646,19167]",TMA,AR,PURE01,TURBT,"[54646,19167]",Acceptable,True,7632.0,Stroma,36.77451634422949
"TMA|AR|[55040,9746]",TMA,AR,PURE01,TURBT,"[55040,9746]",Acceptable,True,6427.0,Stroma,99.98396407953817
"TMA|AR|[55518,6360]",TMA,AR,PURE01,TURBT,"[55518,6360]",Acceptable,True,5804.0,Stroma,79.97032640949556
"TMA|AR|[55676,9453]",TMA,AR,PURE01,TURBT,"[55676,9453]",Borderline,True,5034.0,Stroma,37.71272974812798
"TMA|AR|[56113,15836]",TMA,AR,PURE01,TURBT,"[56113,15836]",Acceptable,True,7349.0,Stroma,66.89530218713602
"TMA|AR|[56232,17462]",TMA,AR,PURE01,TURBT,"[56232,17462]",Acceptable,True,11076.0,Stroma,47.547365689073445
"TMA|AR|[56350,19088]",TMA,AR,PURE01,TURBT,"[56350,19088]",Acceptable,True,6885.0,Stroma,28.273766459267833
"TMA|AR|[56469,20713]",TMA,AR,PURE01,TURBT,"[56469,20713]",Acceptable,True,7868.0,Stroma,39.88095238095238
"TMA|AR|[57223,6122]",TMA,AR,PURE01,TURBT,"[57223,6122]",Acceptable,True,8421.0,Stroma,80.09371465503312
"TMA|AR|[57461,9413]",TMA,AR,PURE01,TURBT,"[57461,9413]",Acceptable,True,5607.0,Stroma,34.146995708154506
"TMA|AR|[57659,12506]",TMA,AR,PURE01,TURBT,"[57659,12506]",Acceptable,True,6440.0,Stroma,46.67661421595225
"TMA|AR|[58016,17304]",TMA,AR,PURE01,TURBT,"[58016,17304]",Acceptable,True,11609.0,Stroma,73.7851151644255
"TMA|AR|[58135,18890]",TMA,AR,PURE01,TURBT,"[58135,18890]",Acceptable,True,3449.0,Stroma,82.9919480152564
"TMA|AR|[58254,20555]",TMA,AR,PURE01,TURBT,"[58254,20555]",Acceptable,True,7414.0,Stroma,67.11383172701224
"TMA|AR|[41480,13195]",TMA,AR,PURE01,RC,"[41480,13195]",Acceptable,True,4011.0,Epi,43.72232764073371
"TMA|AR|[41559,14900]",TMA,AR,PURE01,RC,"[41559,14900]",Acceptable,True,3582.0,Epi,2.1207177814029365
"TMA|AR|[43106,13156]",TMA,AR,PURE01,RC,"[43106,13156]",Acceptable,True,4410.0,Epi,9.62800875273523
"TMA|AR|[43145,14860]",TMA,AR,PURE01,RC,"[43145,14860]",Acceptable,True,5970.0,Epi,0.8681785967399007
"TMA|AR|[44810,13076]",TMA,AR,PURE01,RC,"[44810,13076]",Acceptable,True,7186.0,Epi,12.452830188679245
"TMA|AR|[44929,14781]",TMA,AR,PURE01,RC,"[44929,14781]",Acceptable,True,2168.0,Epi,1.139799953477553
"TMA|AR|[46555,13037]",TMA,AR,PURE01,RC,"[46555,13037]",Acceptable,True,6216.0,Epi,11.002555238238388
"TMA|AR|[48260,13037]",TMA,AR,PURE01,RC,"[48260,13037]",Acceptable,True,4418.0,Epi,3.6664270309130123
"TMA|AR|[49925,12997]",TMA,AR,PURE01,RC,"[49925,12997]",Acceptable,True,5008.0,Epi,36.274659733904265
"TMA|AR|[50004,14583]",TMA,AR,PURE01,RC,"[50004,14583]",Acceptable,True,4379.0,Epi,5.7128152341739575
"TMA|AR|[53375,12957]",TMA,AR,PURE01,RC,"[53375,12957]",Acceptable,True,4955.0,Epi,0.43074884029158383
"TMA|AR|[53414,14504]",TMA,AR,PURE01,RC,"[53414,14504]",Acceptable,True,3786.0,Epi,0.05060728744939271
"TMA|AR|[55080,12838]",TMA,AR,PURE01,RC,"[55080,12838]",Acceptable,True,2831.0,Epi,0.7328072153325818
"TMA|AR|[56745,12918]",TMA,AR,PURE01,RC,"[56745,12918]",Acceptable,True,5819.0,Epi,19.431879862493215
"TMA|AR|[41480,13195]",TMA,AR,PURE01,RC,"[41480,13195]",Acceptable,True,4011.0,Stroma,56.27767235926629
"TMA|AR|[41559,14900]",TMA,AR,PURE01,RC,"[41559,14900]",Acceptable,True,3582.0,Stroma,97.87928221859707
"TMA|AR|[43106,13156]",TMA,AR,PURE01,RC,"[43106,13156]",Acceptable,True,4410.0,Stroma,90.37199124726477
"TMA|AR|[43145,14860]",TMA,AR,PURE01,RC,"[43145,14860]",Acceptable,True,5970.0,Stroma,99.13182140326009
"TMA|AR|[44810,13076]",TMA,AR,PURE01,RC,"[44810,13076]",Acceptable,True,7186.0,Stroma,87.54716981132076
"TMA|AR|[44929,14781]",TMA,AR,PURE01,RC,"[44929,14781]",Acceptable,True,2168.0,Stroma,98.86020004652244
"TMA|AR|[46555,13037]",TMA,AR,PURE01,RC,"[46555,13037]",Acceptable,True,6216.0,Stroma,88.99744476176161
"TMA|AR|[48260,13037]",TMA,AR,PURE01,RC,"[48260,13037]",Acceptable,True,4418.0,Stroma,96.33357296908699
"TMA|AR|[49925,12997]",TMA,AR,PURE01,RC,"[49925,12997]",Acceptable,True,5008.0,Stroma,63.725340266095735
"TMA|AR|[50004,14583]",TMA,AR,PURE01,RC,"[50004,14583]",Acceptable,True,4379.0,Stroma,94.28718476582604
"TMA|AR|[53375,12957]",TMA,AR,PURE01,RC,"[53375,12957]",Acceptable,True,4955.0,Stroma,99.56925115970841
"TMA|AR|[53414,14504]",TMA,AR,PURE01,RC,"[53414,14504]",Acceptable,True,3786.0,Stroma,99.9493927125506
"TMA|AR|[55080,12838]",TMA,AR,PURE01,RC,"[55080,12838]",Acceptable,True,2831.0,Stroma,99.26719278466743
"TMA|AR|[56745,12918]",TMA,AR,PURE01,RC,"[56745,12918]",Acceptable,True,5819.0,Stroma,80.56812013750678
"TMA|AR|[33682,7922]",TMA,AR,No-NAC,TURBT,"[33682,7922]",Acceptable,True,9807.0,Epi,52.076124567474054
"TMA|AR|[33801,12958]",TMA,AR,No-NAC,TURBT,"[33801,12958]",Acceptable,True,5890.0,Epi,44.39160839160839
"TMA|AR|[33801,9667]",TMA,AR,No-NAC,TURBT,"[33801,9667]",Acceptable,True,4052.0,Epi,84.86550399054094
"TMA|AR|[33880,14663]",TMA,AR,No-NAC,TURBT,"[33880,14663]",Acceptable,True,5716.0,Epi,90.90786091191991
"TMA|AR|[33880,16328]",TMA,AR,No-NAC,TURBT,"[33880,16328]",Acceptable,True,5714.0,Epi,37.82553009819269
"TMA|AR|[33880,17914]",TMA,AR,No-NAC,TURBT,"[33880,17914]",Acceptable,True,6295.0,Epi,36.88956950825251
"TMA|AR|[35426,9627]",TMA,AR,No-NAC,TURBT,"[35426,9627]",Acceptable,True,4395.0,Epi,89.57259775689603
"TMA|AR|[35466,12918]",TMA,AR,No-NAC,TURBT,"[35466,12918]",Acceptable,True,4849.0,Epi,65.29950669485552
"TMA|AR|[35466,14663]",TMA,AR,No-NAC,TURBT,"[35466,14663]",Acceptable,True,7992.0,Epi,53.286200576067046
"TMA|AR|[35466,16288]",TMA,AR,No-NAC,TURBT,"[35466,16288]",Acceptable,True,7372.0,Epi,87.21413721413721
"TMA|AR|[35466,6297]",TMA,AR,No-NAC,TURBT,"[35466,6297]",Acceptable,True,4184.0,Epi,88.88605983450032
"TMA|AR|[35506,18033]",TMA,AR,No-NAC,TURBT,"[35506,18033]",Acceptable,True,6816.0,Epi,32.547362682295216
"TMA|AR|[35585,19698]",TMA,AR,No-NAC,TURBT,"[35585,19698]",Acceptable,True,4816.0,Epi,28.553459119496857
"TMA|AR|[35956,12064]",TMA,AR,No-NAC,TURBT,"[35956,12064]",Acceptable,True,7645.0,Epi,68.7423388085315
"TMA|AR|[36154,10319]",TMA,AR,No-NAC,TURBT,"[36154,10319]",Acceptable,True,6493.0,Epi,41.61996263677609
"TMA|AR|[36392,6790]",TMA,AR,No-NAC,TURBT,"[36392,6790]",Acceptable,True,9559.0,Epi,77.96854364269421
"TMA|AR|[36511,5204]",TMA,AR,No-NAC,TURBT,"[36511,5204]",Acceptable,True,3703.0,Epi,80.37056928034372
"TMA|AR|[37171,6138]",TMA,AR,No-NAC,TURBT,"[37171,6138]",Acceptable,True,7765.0,Epi,90.56481840506656
"TMA|AR|[37210,14623]",TMA,AR,No-NAC,TURBT,"[37210,14623]",Acceptable,True,5245.0,Epi,69.44013538287972
"TMA|AR|[37210,7962]",TMA,AR,No-NAC,TURBT,"[37210,7962]",Acceptable,True,5806.0,Epi,8.628225010573804
"TMA|AR|[37210,9588]",TMA,AR,No-NAC,TURBT,"[37210,9588]",Acceptable,True,7354.0,Epi,20.33525693871943
"TMA|AR|[37250,16288]",TMA,AR,No-NAC,TURBT,"[37250,16288]",Acceptable,True,8337.0,Epi,78.74036672867393
"TMA|AR|[37250,17993]",TMA,AR,No-NAC,TURBT,"[37250,17993]",Acceptable,True,8707.0,Epi,66.28238166282382
"TMA|AR|[37369,19698]",TMA,AR,No-NAC,TURBT,"[37369,19698]",Acceptable,True,6949.0,Epi,52.58085808580858
"TMA|AR|[37700,12143]",TMA,AR,No-NAC,TURBT,"[37700,12143]",Acceptable,True,7366.0,Epi,79.6723377441714
"TMA|AR|[37899,10359]",TMA,AR,No-NAC,TURBT,"[37899,10359]",Borderline,True,6666.0,Epi,62.104297293164095
"TMA|AR|[38176,6830]",TMA,AR,No-NAC,TURBT,"[38176,6830]",Acceptable,True,3336.0,Epi,50.832442340003055
"TMA|AR|[38374,5125]",TMA,AR,No-NAC,TURBT,"[38374,5125]",Acceptable,True,3813.0,Epi,87.22762779224338
"TMA|AR|[38955,12918]",TMA,AR,No-NAC,TURBT,"[38955,12918]",Acceptable,True,4183.0,Epi,40.42924211938296
"TMA|AR|[38955,7962]",TMA,AR,No-NAC,TURBT,"[38955,7962]",Acceptable,True,3315.0,Epi,0.9368346344925479
"TMA|AR|[38955,9588]",TMA,AR,No-NAC,TURBT,"[38955,9588]",Borderline,True,4095.0,Epi,67.50902527075813
"TMA|AR|[38995,14663]",TMA,AR,No-NAC,TURBT,"[38995,14663]",Acceptable,True,4263.0,Epi,49.76055073331339
"TMA|AR|[38995,16249]",TMA,AR,No-NAC,TURBT,"[38995,16249]",Acceptable,True,6387.0,Epi,73.38885854724195
"TMA|AR|[38995,17993]",TMA,AR,No-NAC,TURBT,"[38995,17993]",Acceptable,True,10102.0,Epi,52.112890922959565
"TMA|AR|[38995,6297]",TMA,AR,No-NAC,TURBT,"[38995,6297]",Borderline,True,6772.0,Epi,84.04255319148936
"TMA|AR|[39034,19698]",TMA,AR,No-NAC,TURBT,"[39034,19698]",Acceptable,True,6193.0,Epi,74.55795677799607
"TMA|AR|[39485,12222]",TMA,AR,No-NAC,TURBT,"[39485,12222]",Acceptable,True,6312.0,Epi,69.30221757807965
"TMA|AR|[39683,10478]",TMA,AR,No-NAC,TURBT,"[39683,10478]",Acceptable,True,5545.0,Epi,96.16381544841887
"TMA|AR|[39722,8654]",TMA,AR,No-NAC,TURBT,"[39722,8654]",Borderline,True,3185.0,Epi,71.68624161073825
"TMA|AR|[40620,7883]",TMA,AR,No-NAC,TURBT,"[40620,7883]",Borderline,True,4871.0,Epi,58.57480780603193
"TMA|AR|[40660,12958]",TMA,AR,No-NAC,TURBT,"[40660,12958]",Acceptable,True,3596.0,Epi,15.156744319815935
"TMA|AR|[40660,16209]",TMA,AR,No-NAC,TURBT,"[40660,16209]",Acceptable,True,4451.0,Epi,69.29671607090962
"TMA|AR|[40700,19659]",TMA,AR,No-NAC,TURBT,"[40700,19659]",Acceptable,True,8328.0,Epi,30.406616126809098
"TMA|AR|[40700,6257]",TMA,AR,No-NAC,TURBT,"[40700,6257]",Acceptable,True,6325.0,Epi,27.407291991274537
"TMA|AR|[40700,9627]",TMA,AR,No-NAC,TURBT,"[40700,9627]",Acceptable,True,5857.0,Epi,6.595525842118796
"TMA|AR|[40739,17954]",TMA,AR,No-NAC,TURBT,"[40739,17954]",Acceptable,True,5923.0,Epi,88.37945981993998
"TMA|AR|[41269,12262]",TMA,AR,No-NAC,TURBT,"[41269,12262]",Borderline,True,5816.0,Epi,59.332860184528045
"TMA|AR|[41427,10557]",TMA,AR,No-NAC,TURBT,"[41427,10557]",Acceptable,True,6757.0,Epi,62.31227651966626
"TMA|AR|[41467,8812]",TMA,AR,No-NAC,TURBT,"[41467,8812]",Acceptable,True,6080.0,Epi,43.49367687034629
"TMA|AR|[41665,7028]",TMA,AR,No-NAC,TURBT,"[41665,7028]",Acceptable,True,9099.0,Epi,69.81327800829875
"TMA|AR|[41824,5165]",TMA,AR,No-NAC,TURBT,"[41824,5165]",Acceptable,True,6578.0,Epi,21.643981852148386
"TMA|AR|[42365,7922]",TMA,AR,No-NAC,TURBT,"[42365,7922]",Borderline,True,9866.0,Epi,14.039969643308881
"TMA|AR|[42405,11253]",TMA,AR,No-NAC,TURBT,"[42405,11253]",Acceptable,True,5615.0,Epi,54.9618320610687
"TMA|AR|[42405,12958]",TMA,AR,No-NAC,TURBT,"[42405,12958]",Acceptable,True,5742.0,Epi,44.727726202023
"TMA|AR|[42405,17954]",TMA,AR,No-NAC,TURBT,"[42405,17954]",Acceptable,True,7359.0,Epi,61.871921182266014
"TMA|AR|[42405,9667]",TMA,AR,No-NAC,TURBT,"[42405,9667]",Acceptable,True,5466.0,Epi,11.773786135279261
"TMA|AR|[42484,19619]",TMA,AR,No-NAC,TURBT,"[42484,19619]",Acceptable,True,6248.0,Epi,58.42616395315624
"TMA|AR|[42484,6257]",TMA,AR,No-NAC,TURBT,"[42484,6257]",Acceptable,True,5112.0,Epi,68.46131639722864
"TMA|AR|[43053,12341]",TMA,AR,No-NAC,TURBT,"[43053,12341]",Acceptable,True,6194.0,Epi,44.99307217533694
"TMA|AR|[43132,10636]",TMA,AR,No-NAC,TURBT,"[43132,10636]",Acceptable,True,6675.0,Epi,74.16739428713983
"TMA|AR|[43291,8852]",TMA,AR,No-NAC,TURBT,"[43291,8852]",Acceptable,True,5555.0,Epi,76.34487840825349
"TMA|AR|[43450,7028]",TMA,AR,No-NAC,TURBT,"[43450,7028]",Acceptable,True,5379.0,Epi,67.03034863305743
"TMA|AR|[43568,5284]",TMA,AR,No-NAC,TURBT,"[43568,5284]",Acceptable,True,5834.0,Epi,71.8172983479106
"TMA|AR|[44110,12958]",TMA,AR,No-NAC,TURBT,"[44110,12958]",Acceptable,True,6990.0,Epi,84.05982359708553
"TMA|AR|[44110,16288]",TMA,AR,No-NAC,TURBT,"[44110,16288]",Borderline,True,7256.0,Epi,15.16862279007577
"TMA|AR|[44110,17993]",TMA,AR,No-NAC,TURBT,"[44110,17993]",Acceptable,True,6719.0,Epi,77.56381549484999
"TMA|AR|[44149,11293]",TMA,AR,No-NAC,TURBT,"[44149,11293]",Acceptable,True,4388.0,Epi,50.45820605387392
"TMA|AR|[44149,14584]",TMA,AR,No-NAC,TURBT,"[44149,14584]",Acceptable,True,7290.0,Epi,51.776649746192895
"TMA|AR|[44149,6297]",TMA,AR,No-NAC,TURBT,"[44149,6297]",Acceptable,True,5427.0,Epi,87.47717192799374
"TMA|AR|[44149,7883]",TMA,AR,No-NAC,TURBT,"[44149,7883]",Acceptable,True,6651.0,Epi,85.01628664495114
"TMA|AR|[44149,9588]",TMA,AR,No-NAC,TURBT,"[44149,9588]",Acceptable,True,6389.0,Epi,47.198935462408514
"TMA|AR|[44189,19619]",TMA,AR,No-NAC,TURBT,"[44189,19619]",Acceptable,True,4953.0,Epi,14.698620188816268
"TMA|AR|[44837,12420]",TMA,AR,No-NAC,TURBT,"[44837,12420]",Acceptable,True,4945.0,Epi,34.73948690822534
"TMA|AR|[44956,10716]",TMA,AR,No-NAC,TURBT,"[44956,10716]",Acceptable,True,5473.0,Epi,59.394528537703096
"TMA|AR|[44996,8892]",TMA,AR,No-NAC,TURBT,"[44996,8892]",Acceptable,True,5842.0,Epi,50.713594581519104
"TMA|AR|[45313,5244]",TMA,AR,No-NAC,TURBT,"[45313,5244]",Acceptable,True,6351.0,Epi,45.353159851301115
"TMA|AR|[45814,12918]",TMA,AR,No-NAC,TURBT,"[45814,12918]",Acceptable,True,5725.0,Epi,85.66457898399445
"TMA|AR|[45854,9588]",TMA,AR,No-NAC,TURBT,"[45854,9588]",Acceptable,True,7500.0,Epi,65.02835538752363
"TMA|AR|[45894,11253]",TMA,AR,No-NAC,TURBT,"[45894,11253]",Borderline,True,5520.0,Epi,67.55067825026673
"TMA|AR|[45894,14663]",TMA,AR,No-NAC,TURBT,"[45894,14663]",Acceptable,True,8347.0,Epi,84.39678284182307
"TMA|AR|[45894,16288]",TMA,AR,No-NAC,TURBT,"[45894,16288]",Acceptable,True,6298.0,Epi,8.057851239669422
"TMA|AR|[45894,17993]",TMA,AR,No-NAC,TURBT,"[45894,17993]",Acceptable,True,8032.0,Epi,36.096742625471826
"TMA|AR|[45894,6297]",TMA,AR,No-NAC,TURBT,"[45894,6297]",Acceptable,True,5507.0,Epi,22.87298796158528
"TMA|AR|[46582,12539]",TMA,AR,No-NAC,TURBT,"[46582,12539]",Acceptable,True,4604.0,Epi,72.04045954045954
"TMA|AR|[46820,8971]",TMA,AR,No-NAC,TURBT,"[46820,8971]",Acceptable,True,9302.0,Epi,46.13250086715227
"TMA|AR|[46899,7147]",TMA,AR,No-NAC,TURBT,"[46899,7147]",Acceptable,True,9526.0,Epi,65.36312849162012
"TMA|AR|[47559,6257]",TMA,AR,No-NAC,TURBT,"[47559,6257]",Acceptable,True,8036.0,Epi,88.95673639080161
"TMA|AR|[47599,11253]",TMA,AR,No-NAC,TURBT,"[47599,11253]",Acceptable,True,4861.0,Epi,66.87852087245415
"TMA|AR|[47599,12918]",TMA,AR,No-NAC,TURBT,"[47599,12918]",Acceptable,True,11732.0,Epi,60.17015706806282
"TMA|AR|[47599,14623]",TMA,AR,No-NAC,TURBT,"[47599,14623]",Acceptable,True,5923.0,Epi,9.513371328364752
"TMA|AR|[47599,17914]",TMA,AR,No-NAC,TURBT,"[47599,17914]",Acceptable,True,6476.0,Epi,55.47464940668824
"TMA|AR|[47599,19500]",TMA,AR,No-NAC,TURBT,"[47599,19500]",Acceptable,True,6730.0,Epi,16.37704054765666
"TMA|AR|[47599,7922]",TMA,AR,No-NAC,TURBT,"[47599,7922]",Acceptable,True,5914.0,Epi,63.38861036122894
"TMA|AR|[48366,12658]",TMA,AR,No-NAC,TURBT,"[48366,12658]",Acceptable,True,4426.0,Epi,61.70185209169796
"TMA|AR|[48485,10874]",TMA,AR,No-NAC,TURBT,"[48485,10874]",Acceptable,True,8419.0,Epi,30.225685115529288
"TMA|AR|[48604,9090]",TMA,AR,No-NAC,TURBT,"[48604,9090]",Borderline,True,5152.0,Epi,37.31592530742371
"TMA|AR|[48723,7266]",TMA,AR,No-NAC,TURBT,"[48723,7266]",Acceptable,True,8304.0,Epi,54.50104675505932
"TMA|AR|[48802,5561]",TMA,AR,No-NAC,TURBT,"[48802,5561]",Acceptable,True,7024.0,Epi,19.59050721265705
"TMA|AR|[49304,14584]",TMA,AR,No-NAC,TURBT,"[49304,14584]",Acceptable,True,4964.0,Epi,82.79082543606647
"TMA|AR|[49304,6297]",TMA,AR,No-NAC,TURBT,"[49304,6297]",Acceptable,True,7760.0,Epi,85.20582647245094
"TMA|AR|[49343,11253]",TMA,AR,No-NAC,TURBT,"[49343,11253]",Acceptable,True,3885.0,Epi,46.069339420744754
"TMA|AR|[49343,16288]",TMA,AR,No-NAC,TURBT,"[49343,16288]",Acceptable,True,10537.0,Epi,39.71459343026387
"TMA|AR|[49343,17914]",TMA,AR,No-NAC,TURBT,"[49343,17914]",Acceptable,True,5634.0,Epi,43.55924917609973
"TMA|AR|[49343,7962]",TMA,AR,No-NAC,TURBT,"[49343,7962]",Borderline,True,5878.0,Epi,67.62337091814322
"TMA|AR|[49383,19540]",TMA,AR,No-NAC,TURBT,"[49383,19540]",Acceptable,True,7569.0,Epi,37.13283077722901
"TMA|AR|[49423,12958]",TMA,AR,No-NAC,TURBT,"[49423,12958]",Borderline,True,7272.0,Epi,48.807733619763695
"TMA|AR|[50309,11112]",TMA,AR,No-NAC,TURBT,"[50309,11112]",Acceptable,True,8156.0,Epi,21.612944651341977
"TMA|AR|[50349,9288]",TMA,AR,No-NAC,TURBT,"[50349,9288]",Acceptable,True,6071.0,Epi,68.63404308305317
"TMA|AR|[50547,5680]",TMA,AR,No-NAC,TURBT,"[50547,5680]",Acceptable,True,7319.0,Epi,69.34767759562841
"TMA|AR|[50969,9627]",TMA,AR,No-NAC,TURBT,"[50969,9627]",Acceptable,True,5300.0,Epi,80.04640371229699
"TMA|AR|[51009,11293]",TMA,AR,No-NAC,TURBT,"[51009,11293]",Acceptable,True,6590.0,Epi,44.3235893949694
"TMA|AR|[51048,12958]",TMA,AR,No-NAC,TURBT,"[51048,12958]",Acceptable,True,5846.0,Epi,33.859743040685224
"TMA|AR|[51048,14544]",TMA,AR,No-NAC,TURBT,"[51048,14544]",Acceptable,True,8348.0,Epi,23.329112142957648
"TMA|AR|[51048,6297]",TMA,AR,No-NAC,TURBT,"[51048,6297]",Acceptable,True,7800.0,Epi,67.29913635174039
"TMA|AR|[51048,7962]",TMA,AR,No-NAC,TURBT,"[51048,7962]",Acceptable,True,7267.0,Epi,62.49660048952951
"TMA|AR|[51088,17874]",TMA,AR,No-NAC,TURBT,"[51088,17874]",Acceptable,True,8821.0,Epi,33.28947368421053
"TMA|AR|[51167,16249]",TMA,AR,No-NAC,TURBT,"[51167,16249]",Acceptable,True,4463.0,Epi,76.2104380632991
"TMA|AR|[52014,11152]",TMA,AR,No-NAC,TURBT,"[52014,11152]",Acceptable,True,6159.0,Epi,70.51705170517052
"TMA|AR|[52172,9407]",TMA,AR,No-NAC,TURBT,"[52172,9407]",Acceptable,True,6875.0,Epi,80.91042584434655
"TMA|AR|[52714,16209]",TMA,AR,No-NAC,TURBT,"[52714,16209]",Borderline,True,4725.0,Epi,65.46513744766067
"TMA|AR|[52714,9588]",TMA,AR,No-NAC,TURBT,"[52714,9588]",Acceptable,True,5020.0,Epi,64.0952380952381
"TMA|AR|[52753,14663]",TMA,AR,No-NAC,TURBT,"[52753,14663]",Acceptable,True,7878.0,Epi,39.24797584739947
"TMA|AR|[52753,6336]",TMA,AR,No-NAC,TURBT,"[52753,6336]",Acceptable,True,8206.0,Epi,82.10351012042018
"TMA|AR|[52753,7962]",TMA,AR,No-NAC,TURBT,"[52753,7962]",Borderline,True,4802.0,Epi,46.565934065934066
"TMA|AR|[53798,11271]",TMA,AR,No-NAC,TURBT,"[53798,11271]",Acceptable,True,7918.0,Epi,62.806365431525144
"TMA|AR|[53957,9526]",TMA,AR,No-NAC,TURBT,"[53957,9526]",Acceptable,True,6582.0,Epi,47.41916519694298
"TMA|AR|[53996,7663]",TMA,AR,No-NAC,TURBT,"[53996,7663]",Acceptable,True,6001.0,Epi,63.95534290271132
"TMA|AR|[54115,5958]",TMA,AR,No-NAC,TURBT,"[54115,5958]",Acceptable,True,3640.0,Epi,5.006693440428381
"TMA|AR|[54418,12879]",TMA,AR,No-NAC,TURBT,"[54418,12879]",Acceptable,True,10290.0,Epi,15.564202334630352
"TMA|AR|[54458,11253]",TMA,AR,No-NAC,TURBT,"[54458,11253]",Acceptable,True,6809.0,Epi,39.965762444034766
"TMA|AR|[54458,9707]",TMA,AR,No-NAC,TURBT,"[54458,9707]",Acceptable,True,8288.0,Epi,77.06293706293707
"TMA|AR|[54498,14623]",TMA,AR,No-NAC,TURBT,"[54498,14623]",Acceptable,True,8149.0,Epi,26.973865199449794
"TMA|AR|[54498,6336]",TMA,AR,No-NAC,TURBT,"[54498,6336]",Acceptable,True,5377.0,Epi,30.85485307212823
"TMA|AR|[54498,7962]",TMA,AR,No-NAC,TURBT,"[54498,7962]",Acceptable,True,8992.0,Epi,29.834613882015883
"TMA|AR|[55622,11429]",TMA,AR,No-NAC,TURBT,"[55622,11429]",Acceptable,True,7192.0,Epi,49.875509280217294
"TMA|AR|[55781,9685]",TMA,AR,No-NAC,TURBT,"[55781,9685]",Acceptable,True,7069.0,Epi,38.041921624788436
"TMA|AR|[55820,7940]",TMA,AR,No-NAC,TURBT,"[55820,7940]",Acceptable,True,6904.0,Epi,71.18128654970761
"TMA|AR|[56203,11253]",TMA,AR,No-NAC,TURBT,"[56203,11253]",Acceptable,True,9104.0,Epi,19.065396498455204
"TMA|AR|[56203,12958]",TMA,AR,No-NAC,TURBT,"[56203,12958]",Acceptable,True,6438.0,Epi,28.465923814459703
"TMA|AR|[56242,14623]",TMA,AR,No-NAC,TURBT,"[56242,14623]",Acceptable,True,6832.0,Epi,82.37699511937738
"TMA|AR|[56242,17795]",TMA,AR,No-NAC,TURBT,"[56242,17795]",Acceptable,True,6540.0,Epi,30.404406825204894
"TMA|AR|[56242,8002]",TMA,AR,No-NAC,TURBT,"[56242,8002]",Acceptable,True,7359.0,Epi,34.36219612127834
"TMA|AR|[56282,6336]",TMA,AR,No-NAC,TURBT,"[56282,6336]",Acceptable,True,9467.0,Epi,11.57935684647303
"TMA|AR|[56282,9667]",TMA,AR,No-NAC,TURBT,"[56282,9667]",Acceptable,True,6716.0,Epi,60.524527789101775
"TMA|AR|[57486,11588]",TMA,AR,No-NAC,TURBT,"[57486,11588]",Acceptable,True,6266.0,Epi,29.64923076923077
"TMA|AR|[57604,6473]",TMA,AR,No-NAC,TURBT,"[57604,6473]",Acceptable,True,6070.0,Epi,18.882138517618465
"TMA|AR|[59230,11707]",TMA,AR,No-NAC,TURBT,"[59230,11707]",Acceptable,True,5029.0,Epi,46.960167714884705
"TMA|AR|[59428,10081]",TMA,AR,No-NAC,TURBT,"[59428,10081]",Borderline,True,4741.0,Epi,73.69903632320236
"TMA|AR|[59456,8456]",TMA,AR,No-NAC,TURBT,"[59456,8456]",Acceptable,True,5086.0,Epi,72.695500218436
"TMA|AR|[59587,6671]",TMA,AR,No-NAC,TURBT,"[59587,6671]",Acceptable,True,6201.0,Epi,20.12798840859696
"TMA|AR|[33682,7922]",TMA,AR,No-NAC,TURBT,"[33682,7922]",Acceptable,True,9807.0,Stroma,47.92387543252595
"TMA|AR|[33801,12958]",TMA,AR,No-NAC,TURBT,"[33801,12958]",Acceptable,True,5890.0,Stroma,55.60839160839161
"TMA|AR|[33801,9667]",TMA,AR,No-NAC,TURBT,"[33801,9667]",Acceptable,True,4052.0,Stroma,15.134496009459061
"TMA|AR|[33880,14663]",TMA,AR,No-NAC,TURBT,"[33880,14663]",Acceptable,True,5716.0,Stroma,9.092139088080097
"TMA|AR|[33880,16328]",TMA,AR,No-NAC,TURBT,"[33880,16328]",Acceptable,True,5714.0,Stroma,62.17446990180732
"TMA|AR|[33880,17914]",TMA,AR,No-NAC,TURBT,"[33880,17914]",Acceptable,True,6295.0,Stroma,63.11043049174749
"TMA|AR|[35426,9627]",TMA,AR,No-NAC,TURBT,"[35426,9627]",Acceptable,True,4395.0,Stroma,10.42740224310397
"TMA|AR|[35466,12918]",TMA,AR,No-NAC,TURBT,"[35466,12918]",Acceptable,True,4849.0,Stroma,34.70049330514447
"TMA|AR|[35466,14663]",TMA,AR,No-NAC,TURBT,"[35466,14663]",Acceptable,True,7992.0,Stroma,46.71379942393297
"TMA|AR|[35466,16288]",TMA,AR,No-NAC,TURBT,"[35466,16288]",Acceptable,True,7372.0,Stroma,12.785862785862784
"TMA|AR|[35466,6297]",TMA,AR,No-NAC,TURBT,"[35466,6297]",Acceptable,True,4184.0,Stroma,11.113940165499683
"TMA|AR|[35506,18033]",TMA,AR,No-NAC,TURBT,"[35506,18033]",Acceptable,True,6816.0,Stroma,67.45263731770478
"TMA|AR|[35585,19698]",TMA,AR,No-NAC,TURBT,"[35585,19698]",Acceptable,True,4816.0,Stroma,71.44654088050315
"TMA|AR|[35956,12064]",TMA,AR,No-NAC,TURBT,"[35956,12064]",Acceptable,True,7645.0,Stroma,31.257661191468497
"TMA|AR|[36154,10319]",TMA,AR,No-NAC,TURBT,"[36154,10319]",Acceptable,True,6493.0,Stroma,58.38003736322391
"TMA|AR|[36392,6790]",TMA,AR,No-NAC,TURBT,"[36392,6790]",Acceptable,True,9559.0,Stroma,22.031456357305803
"TMA|AR|[36511,5204]",TMA,AR,No-NAC,TURBT,"[36511,5204]",Acceptable,True,3703.0,Stroma,19.629430719656284
"TMA|AR|[37171,6138]",TMA,AR,No-NAC,TURBT,"[37171,6138]",Acceptable,True,7765.0,Stroma,9.435181594933438
"TMA|AR|[37210,14623]",TMA,AR,No-NAC,TURBT,"[37210,14623]",Acceptable,True,5245.0,Stroma,30.559864617120294
"TMA|AR|[37210,7962]",TMA,AR,No-NAC,TURBT,"[37210,7962]",Acceptable,True,5806.0,Stroma,91.37177498942619
"TMA|AR|[37210,9588]",TMA,AR,No-NAC,TURBT,"[37210,9588]",Acceptable,True,7354.0,Stroma,79.66474306128057
"TMA|AR|[37250,16288]",TMA,AR,No-NAC,TURBT,"[37250,16288]",Acceptable,True,8337.0,Stroma,21.259633271326074
"TMA|AR|[37250,17993]",TMA,AR,No-NAC,TURBT,"[37250,17993]",Acceptable,True,8707.0,Stroma,33.71761833717619
"TMA|AR|[37369,19698]",TMA,AR,No-NAC,TURBT,"[37369,19698]",Acceptable,True,6949.0,Stroma,47.41914191419142
"TMA|AR|[37700,12143]",TMA,AR,No-NAC,TURBT,"[37700,12143]",Acceptable,True,7366.0,Stroma,20.32766225582861
"TMA|AR|[37899,10359]",TMA,AR,No-NAC,TURBT,"[37899,10359]",Borderline,True,6666.0,Stroma,37.895702706835905
"TMA|AR|[38176,6830]",TMA,AR,No-NAC,TURBT,"[38176,6830]",Acceptable,True,3336.0,Stroma,49.167557659996945
"TMA|AR|[38374,5125]",TMA,AR,No-NAC,TURBT,"[38374,5125]",Acceptable,True,3813.0,Stroma,12.772372207756613
"TMA|AR|[38955,12918]",TMA,AR,No-NAC,TURBT,"[38955,12918]",Acceptable,True,4183.0,Stroma,59.57075788061704
"TMA|AR|[38955,7962]",TMA,AR,No-NAC,TURBT,"[38955,7962]",Acceptable,True,3315.0,Stroma,99.06316536550746
"TMA|AR|[38955,9588]",TMA,AR,No-NAC,TURBT,"[38955,9588]",Borderline,True,4095.0,Stroma,32.49097472924188
"TMA|AR|[38995,14663]",TMA,AR,No-NAC,TURBT,"[38995,14663]",Acceptable,True,4263.0,Stroma,50.23944926668663
"TMA|AR|[38995,16249]",TMA,AR,No-NAC,TURBT,"[38995,16249]",Acceptable,True,6387.0,Stroma,26.611141452758055
"TMA|AR|[38995,17993]",TMA,AR,No-NAC,TURBT,"[38995,17993]",Acceptable,True,10102.0,Stroma,47.88710907704043
"TMA|AR|[38995,6297]",TMA,AR,No-NAC,TURBT,"[38995,6297]",Borderline,True,6772.0,Stroma,15.957446808510637
"TMA|AR|[39034,19698]",TMA,AR,No-NAC,TURBT,"[39034,19698]",Acceptable,True,6193.0,Stroma,25.442043222003928
"TMA|AR|[39485,12222]",TMA,AR,No-NAC,TURBT,"[39485,12222]",Acceptable,True,6312.0,Stroma,30.697782421920355
"TMA|AR|[39683,10478]",TMA,AR,No-NAC,TURBT,"[39683,10478]",Acceptable,True,5545.0,Stroma,3.836184551581131
"TMA|AR|[39722,8654]",TMA,AR,No-NAC,TURBT,"[39722,8654]",Borderline,True,3185.0,Stroma,28.313758389261746
"TMA|AR|[40620,7883]",TMA,AR,No-NAC,TURBT,"[40620,7883]",Borderline,True,4871.0,Stroma,41.425192193968066
"TMA|AR|[40660,12958]",TMA,AR,No-NAC,TURBT,"[40660,12958]",Acceptable,True,3596.0,Stroma,84.84325568018407
"TMA|AR|[40660,16209]",TMA,AR,No-NAC,TURBT,"[40660,16209]",Acceptable,True,4451.0,Stroma,30.703283929090382
"TMA|AR|[40700,19659]",TMA,AR,No-NAC,TURBT,"[40700,19659]",Acceptable,True,8328.0,Stroma,69.5933838731909
"TMA|AR|[40700,6257]",TMA,AR,No-NAC,TURBT,"[40700,6257]",Acceptable,True,6325.0,Stroma,72.59270800872545
"TMA|AR|[40700,9627]",TMA,AR,No-NAC,TURBT,"[40700,9627]",Acceptable,True,5857.0,Stroma,93.40447415788121
"TMA|AR|[40739,17954]",TMA,AR,No-NAC,TURBT,"[40739,17954]",Acceptable,True,5923.0,Stroma,11.62054018006002
"TMA|AR|[41269,12262]",TMA,AR,No-NAC,TURBT,"[41269,12262]",Borderline,True,5816.0,Stroma,40.66713981547197
"TMA|AR|[41427,10557]",TMA,AR,No-NAC,TURBT,"[41427,10557]",Acceptable,True,6757.0,Stroma,37.68772348033373
"TMA|AR|[41467,8812]",TMA,AR,No-NAC,TURBT,"[41467,8812]",Acceptable,True,6080.0,Stroma,56.50632312965371
"TMA|AR|[41665,7028]",TMA,AR,No-NAC,TURBT,"[41665,7028]",Acceptable,True,9099.0,Stroma,30.186721991701244
"TMA|AR|[41824,5165]",TMA,AR,No-NAC,TURBT,"[41824,5165]",Acceptable,True,6578.0,Stroma,78.35601814785161
"TMA|AR|[42365,7922]",TMA,AR,No-NAC,TURBT,"[42365,7922]",Borderline,True,9866.0,Stroma,85.96003035669112
"TMA|AR|[42405,11253]",TMA,AR,No-NAC,TURBT,"[42405,11253]",Acceptable,True,5615.0,Stroma,45.038167938931295
"TMA|AR|[42405,12958]",TMA,AR,No-NAC,TURBT,"[42405,12958]",Acceptable,True,5742.0,Stroma,55.272273797977
"TMA|AR|[42405,17954]",TMA,AR,No-NAC,TURBT,"[42405,17954]",Acceptable,True,7359.0,Stroma,38.12807881773399
"TMA|AR|[42405,9667]",TMA,AR,No-NAC,TURBT,"[42405,9667]",Acceptable,True,5466.0,Stroma,88.22621386472075
"TMA|AR|[42484,19619]",TMA,AR,No-NAC,TURBT,"[42484,19619]",Acceptable,True,6248.0,Stroma,41.57383604684376
"TMA|AR|[42484,6257]",TMA,AR,No-NAC,TURBT,"[42484,6257]",Acceptable,True,5112.0,Stroma,31.53868360277136
"TMA|AR|[43053,12341]",TMA,AR,No-NAC,TURBT,"[43053,12341]",Acceptable,True,6194.0,Stroma,55.00692782466306
"TMA|AR|[43132,10636]",TMA,AR,No-NAC,TURBT,"[43132,10636]",Acceptable,True,6675.0,Stroma,25.832605712860172
"TMA|AR|[43291,8852]",TMA,AR,No-NAC,TURBT,"[43291,8852]",Acceptable,True,5555.0,Stroma,23.655121591746504
"TMA|AR|[43450,7028]",TMA,AR,No-NAC,TURBT,"[43450,7028]",Acceptable,True,5379.0,Stroma,32.96965136694256
"TMA|AR|[43568,5284]",TMA,AR,No-NAC,TURBT,"[43568,5284]",Acceptable,True,5834.0,Stroma,28.182701652089403
"TMA|AR|[44110,12958]",TMA,AR,No-NAC,TURBT,"[44110,12958]",Acceptable,True,6990.0,Stroma,15.940176402914481
"TMA|AR|[44110,16288]",TMA,AR,No-NAC,TURBT,"[44110,16288]",Borderline,True,7256.0,Stroma,84.83137720992423
"TMA|AR|[44110,17993]",TMA,AR,No-NAC,TURBT,"[44110,17993]",Acceptable,True,6719.0,Stroma,22.436184505150024
"TMA|AR|[44149,11293]",TMA,AR,No-NAC,TURBT,"[44149,11293]",Acceptable,True,4388.0,Stroma,49.54179394612607
"TMA|AR|[44149,14584]",TMA,AR,No-NAC,TURBT,"[44149,14584]",Acceptable,True,7290.0,Stroma,48.223350253807105
"TMA|AR|[44149,6297]",TMA,AR,No-NAC,TURBT,"[44149,6297]",Acceptable,True,5427.0,Stroma,12.522828072006263
"TMA|AR|[44149,7883]",TMA,AR,No-NAC,TURBT,"[44149,7883]",Acceptable,True,6651.0,Stroma,14.98371335504886
"TMA|AR|[44149,9588]",TMA,AR,No-NAC,TURBT,"[44149,9588]",Acceptable,True,6389.0,Stroma,52.80106453759148
"TMA|AR|[44189,19619]",TMA,AR,No-NAC,TURBT,"[44189,19619]",Acceptable,True,4953.0,Stroma,85.30137981118374
"TMA|AR|[44837,12420]",TMA,AR,No-NAC,TURBT,"[44837,12420]",Acceptable,True,4945.0,Stroma,65.26051309177465
"TMA|AR|[44956,10716]",TMA,AR,No-NAC,TURBT,"[44956,10716]",Acceptable,True,5473.0,Stroma,40.6054714622969
"TMA|AR|[44996,8892]",TMA,AR,No-NAC,TURBT,"[44996,8892]",Acceptable,True,5842.0,Stroma,49.28640541848089
"TMA|AR|[45313,5244]",TMA,AR,No-NAC,TURBT,"[45313,5244]",Acceptable,True,6351.0,Stroma,54.64684014869889
"TMA|AR|[45814,12918]",TMA,AR,No-NAC,TURBT,"[45814,12918]",Acceptable,True,5725.0,Stroma,14.335421016005569
"TMA|AR|[45854,9588]",TMA,AR,No-NAC,TURBT,"[45854,9588]",Acceptable,True,7500.0,Stroma,34.97164461247637
"TMA|AR|[45894,11253]",TMA,AR,No-NAC,TURBT,"[45894,11253]",Borderline,True,5520.0,Stroma,32.44932174973327
"TMA|AR|[45894,14663]",TMA,AR,No-NAC,TURBT,"[45894,14663]",Acceptable,True,8347.0,Stroma,15.603217158176944
"TMA|AR|[45894,16288]",TMA,AR,No-NAC,TURBT,"[45894,16288]",Acceptable,True,6298.0,Stroma,91.94214876033058
"TMA|AR|[45894,17993]",TMA,AR,No-NAC,TURBT,"[45894,17993]",Acceptable,True,8032.0,Stroma,63.90325737452817
"TMA|AR|[45894,6297]",TMA,AR,No-NAC,TURBT,"[45894,6297]",Acceptable,True,5507.0,Stroma,77.1270120384147
"TMA|AR|[46582,12539]",TMA,AR,No-NAC,TURBT,"[46582,12539]",Acceptable,True,4604.0,Stroma,27.95954045954046
"TMA|AR|[46820,8971]",TMA,AR,No-NAC,TURBT,"[46820,8971]",Acceptable,True,9302.0,Stroma,53.86749913284772
"TMA|AR|[46899,7147]",TMA,AR,No-NAC,TURBT,"[46899,7147]",Acceptable,True,9526.0,Stroma,34.63687150837989
"TMA|AR|[47559,6257]",TMA,AR,No-NAC,TURBT,"[47559,6257]",Acceptable,True,8036.0,Stroma,11.04326360919839
"TMA|AR|[47599,11253]",TMA,AR,No-NAC,TURBT,"[47599,11253]",Acceptable,True,4861.0,Stroma,33.12147912754587
"TMA|AR|[47599,12918]",TMA,AR,No-NAC,TURBT,"[47599,12918]",Acceptable,True,11732.0,Stroma,39.82984293193717
"TMA|AR|[47599,14623]",TMA,AR,No-NAC,TURBT,"[47599,14623]",Acceptable,True,5923.0,Stroma,90.48662867163524
"TMA|AR|[47599,17914]",TMA,AR,No-NAC,TURBT,"[47599,17914]",Acceptable,True,6476.0,Stroma,44.525350593311764
"TMA|AR|[47599,19500]",TMA,AR,No-NAC,TURBT,"[47599,19500]",Acceptable,True,6730.0,Stroma,83.62295945234332
"TMA|AR|[47599,7922]",TMA,AR,No-NAC,TURBT,"[47599,7922]",Acceptable,True,5914.0,Stroma,36.611389638771044
"TMA|AR|[48366,12658]",TMA,AR,No-NAC,TURBT,"[48366,12658]",Acceptable,True,4426.0,Stroma,38.29814790830203
"TMA|AR|[48485,10874]",TMA,AR,No-NAC,TURBT,"[48485,10874]",Acceptable,True,8419.0,Stroma,69.77431488447071
"TMA|AR|[48604,9090]",TMA,AR,No-NAC,TURBT,"[48604,9090]",Borderline,True,5152.0,Stroma,62.68407469257628
"TMA|AR|[48723,7266]",TMA,AR,No-NAC,TURBT,"[48723,7266]",Acceptable,True,8304.0,Stroma,45.49895324494069
"TMA|AR|[48802,5561]",TMA,AR,No-NAC,TURBT,"[48802,5561]",Acceptable,True,7024.0,Stroma,80.40949278734296
"TMA|AR|[49304,14584]",TMA,AR,No-NAC,TURBT,"[49304,14584]",Acceptable,True,4964.0,Stroma,17.209174563933527
"TMA|AR|[49304,6297]",TMA,AR,No-NAC,TURBT,"[49304,6297]",Acceptable,True,7760.0,Stroma,14.794173527549084
"TMA|AR|[49343,11253]",TMA,AR,No-NAC,TURBT,"[49343,11253]",Acceptable,True,3885.0,Stroma,53.93066057925523
"TMA|AR|[49343,16288]",TMA,AR,No-NAC,TURBT,"[49343,16288]",Acceptable,True,10537.0,Stroma,60.28540656973613
"TMA|AR|[49343,17914]",TMA,AR,No-NAC,TURBT,"[49343,17914]",Acceptable,True,5634.0,Stroma,56.44075082390028
"TMA|AR|[49343,7962]",TMA,AR,No-NAC,TURBT,"[49343,7962]",Borderline,True,5878.0,Stroma,32.37662908185679
"TMA|AR|[49383,19540]",TMA,AR,No-NAC,TURBT,"[49383,19540]",Acceptable,True,7569.0,Stroma,62.86716922277099
"TMA|AR|[49423,12958]",TMA,AR,No-NAC,TURBT,"[49423,12958]",Borderline,True,7272.0,Stroma,51.192266380236305
"TMA|AR|[50309,11112]",TMA,AR,No-NAC,TURBT,"[50309,11112]",Acceptable,True,8156.0,Stroma,78.38705534865801
"TMA|AR|[50349,9288]",TMA,AR,No-NAC,TURBT,"[50349,9288]",Acceptable,True,6071.0,Stroma,31.36595691694683
"TMA|AR|[50547,5680]",TMA,AR,No-NAC,TURBT,"[50547,5680]",Acceptable,True,7319.0,Stroma,30.652322404371585
"TMA|AR|[50969,9627]",TMA,AR,No-NAC,TURBT,"[50969,9627]",Acceptable,True,5300.0,Stroma,19.953596287703018
"TMA|AR|[51009,11293]",TMA,AR,No-NAC,TURBT,"[51009,11293]",Acceptable,True,6590.0,Stroma,55.67641060503059
"TMA|AR|[51048,12958]",TMA,AR,No-NAC,TURBT,"[51048,12958]",Acceptable,True,5846.0,Stroma,66.14025695931478
"TMA|AR|[51048,14544]",TMA,AR,No-NAC,TURBT,"[51048,14544]",Acceptable,True,8348.0,Stroma,76.67088785704236
"TMA|AR|[51048,6297]",TMA,AR,No-NAC,TURBT,"[51048,6297]",Acceptable,True,7800.0,Stroma,32.70086364825962
"TMA|AR|[51048,7962]",TMA,AR,No-NAC,TURBT,"[51048,7962]",Acceptable,True,7267.0,Stroma,37.503399510470494
"TMA|AR|[51088,17874]",TMA,AR,No-NAC,TURBT,"[51088,17874]",Acceptable,True,8821.0,Stroma,66.71052631578948
"TMA|AR|[51167,16249]",TMA,AR,No-NAC,TURBT,"[51167,16249]",Acceptable,True,4463.0,Stroma,23.789561936700903
"TMA|AR|[52014,11152]",TMA,AR,No-NAC,TURBT,"[52014,11152]",Acceptable,True,6159.0,Stroma,29.482948294829484
"TMA|AR|[52172,9407]",TMA,AR,No-NAC,TURBT,"[52172,9407]",Acceptable,True,6875.0,Stroma,19.08957415565345
"TMA|AR|[52714,16209]",TMA,AR,No-NAC,TURBT,"[52714,16209]",Borderline,True,4725.0,Stroma,34.53486255233934
"TMA|AR|[52714,9588]",TMA,AR,No-NAC,TURBT,"[52714,9588]",Acceptable,True,5020.0,Stroma,35.904761904761905
"TMA|AR|[52753,14663]",TMA,AR,No-NAC,TURBT,"[52753,14663]",Acceptable,True,7878.0,Stroma,60.75202415260052
"TMA|AR|[52753,6336]",TMA,AR,No-NAC,TURBT,"[52753,6336]",Acceptable,True,8206.0,Stroma,17.89648987957981
"TMA|AR|[52753,7962]",TMA,AR,No-NAC,TURBT,"[52753,7962]",Borderline,True,4802.0,Stroma,53.434065934065934
"TMA|AR|[53798,11271]",TMA,AR,No-NAC,TURBT,"[53798,11271]",Acceptable,True,7918.0,Stroma,37.193634568474856
"TMA|AR|[53957,9526]",TMA,AR,No-NAC,TURBT,"[53957,9526]",Acceptable,True,6582.0,Stroma,52.58083480305703
"TMA|AR|[53996,7663]",TMA,AR,No-NAC,TURBT,"[53996,7663]",Acceptable,True,6001.0,Stroma,36.04465709728868
"TMA|AR|[54115,5958]",TMA,AR,No-NAC,TURBT,"[54115,5958]",Acceptable,True,3640.0,Stroma,94.99330655957162
"TMA|AR|[54418,12879]",TMA,AR,No-NAC,TURBT,"[54418,12879]",Acceptable,True,10290.0,Stroma,84.43579766536965
"TMA|AR|[54458,11253]",TMA,AR,No-NAC,TURBT,"[54458,11253]",Acceptable,True,6809.0,Stroma,60.03423755596524
"TMA|AR|[54458,9707]",TMA,AR,No-NAC,TURBT,"[54458,9707]",Acceptable,True,8288.0,Stroma,22.937062937062933
"TMA|AR|[54498,14623]",TMA,AR,No-NAC,TURBT,"[54498,14623]",Acceptable,True,8149.0,Stroma,73.02613480055021
"TMA|AR|[54498,6336]",TMA,AR,No-NAC,TURBT,"[54498,6336]",Acceptable,True,5377.0,Stroma,69.14514692787178
"TMA|AR|[54498,7962]",TMA,AR,No-NAC,TURBT,"[54498,7962]",Acceptable,True,8992.0,Stroma,70.16538611798411
"TMA|AR|[55622,11429]",TMA,AR,No-NAC,TURBT,"[55622,11429]",Acceptable,True,7192.0,Stroma,50.124490719782706
"TMA|AR|[55781,9685]",TMA,AR,No-NAC,TURBT,"[55781,9685]",Acceptable,True,7069.0,Stroma,61.95807837521156
"TMA|AR|[55820,7940]",TMA,AR,No-NAC,TURBT,"[55820,7940]",Acceptable,True,6904.0,Stroma,28.818713450292396
"TMA|AR|[56203,11253]",TMA,AR,No-NAC,TURBT,"[56203,11253]",Acceptable,True,9104.0,Stroma,80.93460350154481
"TMA|AR|[56203,12958]",TMA,AR,No-NAC,TURBT,"[56203,12958]",Acceptable,True,6438.0,Stroma,71.53407618554029
"TMA|AR|[56242,14623]",TMA,AR,No-NAC,TURBT,"[56242,14623]",Acceptable,True,6832.0,Stroma,17.62300488062261
"TMA|AR|[56242,17795]",TMA,AR,No-NAC,TURBT,"[56242,17795]",Acceptable,True,6540.0,Stroma,69.59559317479511
"TMA|AR|[56242,8002]",TMA,AR,No-NAC,TURBT,"[56242,8002]",Acceptable,True,7359.0,Stroma,65.63780387872166
"TMA|AR|[56282,6336]",TMA,AR,No-NAC,TURBT,"[56282,6336]",Acceptable,True,9467.0,Stroma,88.42064315352697
"TMA|AR|[56282,9667]",TMA,AR,No-NAC,TURBT,"[56282,9667]",Acceptable,True,6716.0,Stroma,39.47547221089822
"TMA|AR|[57486,11588]",TMA,AR,No-NAC,TURBT,"[57486,11588]",Acceptable,True,6266.0,Stroma,70.35076923076923
"TMA|AR|[57604,6473]",TMA,AR,No-NAC,TURBT,"[57604,6473]",Acceptable,True,6070.0,Stroma,81.11786148238153
"TMA|AR|[59230,11707]",TMA,AR,No-NAC,TURBT,"[59230,11707]",Acceptable,True,5029.0,Stroma,53.0398322851153
"TMA|AR|[59428,10081]",TMA,AR,No-NAC,TURBT,"[59428,10081]",Borderline,True,4741.0,Stroma,26.300963676797622
"TMA|AR|[59456,8456]",TMA,AR,No-NAC,TURBT,"[59456,8456]",Acceptable,True,5086.0,Stroma,27.304499781564
"TMA|AR|[59587,6671]",TMA,AR,No-NAC,TURBT,"[59587,6671]",Acceptable,True,6201.0,Stroma,79.87201159140305
"TMA|AR|[35559,19002]",TMA,AR,No-NAC,RC,"[35559,19002]",Acceptable,True,4747.0,Epi,43.02537501752418
"TMA|AR|[35639,20707]",TMA,AR,No-NAC,RC,"[35639,20707]",Acceptable,True,9209.0,Epi,38.2425262068073
"TMA|AR|[35758,17337]",TMA,AR,No-NAC,RC,"[35758,17337]",Acceptable,True,6890.0,Epi,59.640333975594096
"TMA|AR|[35797,15632]",TMA,AR,No-NAC,RC,"[35797,15632]",Acceptable,True,5763.0,Epi,77.26994989612612
"TMA|AR|[37304,20747]",TMA,AR,No-NAC,RC,"[37304,20747]",Acceptable,True,7183.0,Epi,88.09489575844717
"TMA|AR|[37344,19082]",TMA,AR,No-NAC,RC,"[37344,19082]",Acceptable,True,6042.0,Epi,70.96290234588108
"TMA|AR|[37423,17377]",TMA,AR,No-NAC,RC,"[37423,17377]",Acceptable,True,7776.0,Epi,56.74562306900103
"TMA|AR|[37542,15672]",TMA,AR,No-NAC,RC,"[37542,15672]",Acceptable,True,5511.0,Epi,92.70539113348889
"TMA|AR|[39088,20826]",TMA,AR,No-NAC,RC,"[39088,20826]",Acceptable,True,3604.0,Epi,5.404509283819628
"TMA|AR|[39128,19161]",TMA,AR,No-NAC,RC,"[39128,19161]",Acceptable,True,6342.0,Epi,80.32934516917535
"TMA|AR|[39167,17416]",TMA,AR,No-NAC,RC,"[39167,17416]",Acceptable,True,6415.0,Epi,27.357709146846524
"TMA|AR|[39247,15711]",TMA,AR,No-NAC,RC,"[39247,15711]",Acceptable,True,7797.0,Epi,38.23773898586867
"TMA|AR|[39405,14006]",TMA,AR,No-NAC,RC,"[39405,14006]",Acceptable,True,4356.0,Epi,47.28141547203926
"TMA|AR|[40714,20985]",TMA,AR,No-NAC,RC,"[40714,20985]",Acceptable,True,4606.0,Epi,4.800214534727809
"TMA|AR|[40872,19280]",TMA,AR,No-NAC,RC,"[40872,19280]",Acceptable,True,5070.0,Epi,63.176359465659154
"TMA|AR|[40952,17535]",TMA,AR,No-NAC,RC,"[40952,17535]",Acceptable,True,5309.0,Epi,23.936950146627566
"TMA|AR|[41071,15791]",TMA,AR,No-NAC,RC,"[41071,15791]",Acceptable,True,6287.0,Epi,58.99114829635019
"TMA|AR|[41150,14046]",TMA,AR,No-NAC,RC,"[41150,14046]",Acceptable,True,3886.0,Epi,44.158628081457664
"TMA|AR|[42538,21104]",TMA,AR,No-NAC,RC,"[42538,21104]",Acceptable,True,4622.0,Epi,69.21212121212122
"TMA|AR|[42577,19320]",TMA,AR,No-NAC,RC,"[42577,19320]",Acceptable,True,2273.0,Epi,1.1699164345403898
"TMA|AR|[42696,17535]",TMA,AR,No-NAC,RC,"[42696,17535]",Borderline,True,3823.0,Epi,32.09179170344219
"TMA|AR|[42855,15830]",TMA,AR,No-NAC,RC,"[42855,15830]",Acceptable,True,6001.0,Epi,62.66788368757335
"TMA|AR|[42894,14125]",TMA,AR,No-NAC,RC,"[42894,14125]",Acceptable,True,7171.0,Epi,34.92723492723493
"TMA|AR|[44282,21223]",TMA,AR,No-NAC,RC,"[44282,21223]",Acceptable,True,5075.0,Epi,22.623574144486692
"TMA|AR|[44322,19399]",TMA,AR,No-NAC,RC,"[44322,19399]",Acceptable,True,5874.0,Epi,19.96718414741891
"TMA|AR|[44480,17615]",TMA,AR,No-NAC,RC,"[44480,17615]",Acceptable,True,5791.0,Epi,32.16865887298043
"TMA|AR|[44560,15949]",TMA,AR,No-NAC,RC,"[44560,15949]",Borderline,True,4827.0,Epi,68.51546769174446
"TMA|AR|[44718,14205]",TMA,AR,No-NAC,RC,"[44718,14205]",Acceptable,True,7383.0,Epi,43.09963099630996
"TMA|AR|[46027,21223]",TMA,AR,No-NAC,RC,"[46027,21223]",Acceptable,True,3923.0,Epi,35.677506775067755
"TMA|AR|[46066,19478]",TMA,AR,No-NAC,RC,"[46066,19478]",Acceptable,True,4941.0,Epi,52.56749602964531
"TMA|AR|[46225,17734]",TMA,AR,No-NAC,RC,"[46225,17734]",Acceptable,True,6473.0,Epi,78.61383582860094
"TMA|AR|[46304,16068]",TMA,AR,No-NAC,RC,"[46304,16068]",Acceptable,True,7511.0,Epi,25.774936678325897
"TMA|AR|[46463,14284]",TMA,AR,No-NAC,RC,"[46463,14284]",Acceptable,True,2993.0,Epi,3.7671786580436537
"TMA|AR|[47652,21302]",TMA,AR,No-NAC,RC,"[47652,21302]",Acceptable,True,4026.0,Epi,41.60674778761062
"TMA|AR|[47811,19557]",TMA,AR,No-NAC,RC,"[47811,19557]",Acceptable,True,6283.0,Epi,60.61815840309079
"TMA|AR|[47930,17813]",TMA,AR,No-NAC,RC,"[47930,17813]",Acceptable,True,5109.0,Epi,49.72251387430628
"TMA|AR|[48128,16108]",TMA,AR,No-NAC,RC,"[48128,16108]",Acceptable,True,6994.0,Epi,52.35930203981322
"TMA|AR|[48208,14443]",TMA,AR,No-NAC,RC,"[48208,14443]",Acceptable,True,5633.0,Epi,11.465050296621097
"TMA|AR|[49278,21500]",TMA,AR,No-NAC,RC,"[49278,21500]",Acceptable,True,3517.0,Epi,1.9400089538874798
"TMA|AR|[49556,19716]",TMA,AR,No-NAC,RC,"[49556,19716]",Acceptable,True,6907.0,Epi,47.65571133072857
"TMA|AR|[49714,17932]",TMA,AR,No-NAC,RC,"[49714,17932]",Acceptable,True,5976.0,Epi,12.555555555555555
"TMA|AR|[49873,16187]",TMA,AR,No-NAC,RC,"[49873,16187]",Acceptable,True,5352.0,Epi,19.412229836584082
"TMA|AR|[50071,14482]",TMA,AR,No-NAC,RC,"[50071,14482]",Acceptable,True,9363.0,Epi,24.84797901514248
"TMA|AR|[51221,21580]",TMA,AR,No-NAC,RC,"[51221,21580]",Acceptable,True,2346.0,Epi,0.3159557661927331
"TMA|AR|[51340,19835]",TMA,AR,No-NAC,RC,"[51340,19835]",Acceptable,True,5330.0,Epi,34.39893035128237
"TMA|AR|[51538,18051]",TMA,AR,No-NAC,RC,"[51538,18051]",Acceptable,True,3864.0,Epi,0.6958250497017893
"TMA|AR|[51657,16266]",TMA,AR,No-NAC,RC,"[51657,16266]",Acceptable,True,5279.0,Epi,29.45365095805282
"TMA|AR|[51816,14522]",TMA,AR,No-NAC,RC,"[51816,14522]",Acceptable,True,9335.0,Epi,31.5708174904943
"TMA|AR|[53124,19795]",TMA,AR,No-NAC,RC,"[53124,19795]",Acceptable,True,5325.0,Epi,19.598337950138504
"TMA|AR|[53322,18090]",TMA,AR,No-NAC,RC,"[53322,18090]",Acceptable,True,5873.0,Epi,35.377178476020866
"TMA|AR|[53441,16386]",TMA,AR,No-NAC,RC,"[53441,16386]",Acceptable,True,6878.0,Epi,58.96625805636295
"TMA|AR|[53679,14680]",TMA,AR,No-NAC,RC,"[53679,14680]",Acceptable,True,4300.0,Epi,3.3681923129159306
"TMA|AR|[54908,19875]",TMA,AR,No-NAC,RC,"[54908,19875]",Acceptable,True,5040.0,Epi,48.2748908604422
"TMA|AR|[55107,18170]",TMA,AR,No-NAC,RC,"[55107,18170]",Acceptable,True,6353.0,Epi,9.385863267670915
"TMA|AR|[55226,16465]",TMA,AR,No-NAC,RC,"[55226,16465]",Acceptable,True,6461.0,Epi,50.031778314478196
"TMA|AR|[55384,14720]",TMA,AR,No-NAC,RC,"[55384,14720]",Acceptable,True,4315.0,Epi,2.4275862068965517
"TMA|AR|[56772,19954]",TMA,AR,No-NAC,RC,"[56772,19954]",Acceptable,True,4775.0,Epi,47.06776440785307
"TMA|AR|[56891,18249]",TMA,AR,No-NAC,RC,"[56891,18249]",Acceptable,True,8800.0,Epi,16.362181624216564
"TMA|AR|[57049,16584]",TMA,AR,No-NAC,RC,"[57049,16584]",Acceptable,True,5740.0,Epi,52.18156670438828
"TMA|AR|[57248,14879]",TMA,AR,No-NAC,RC,"[57248,14879]",Acceptable,True,4860.0,Epi,1.1028917283120376
"TMA|AR|[58596,19954]",TMA,AR,No-NAC,RC,"[58596,19954]",Acceptable,True,5556.0,Epi,27.003869541182976
"TMA|AR|[58675,18289]",TMA,AR,No-NAC,RC,"[58675,18289]",Acceptable,True,7885.0,Epi,36.80555555555556
"TMA|AR|[58834,16623]",TMA,AR,No-NAC,RC,"[58834,16623]",Acceptable,True,4704.0,Epi,48.33986928104574
"TMA|AR|[58992,14918]",TMA,AR,No-NAC,RC,"[58992,14918]",Acceptable,True,6190.0,Epi,24.086671705719326
"TMA|AR|[35559,19002]",TMA,AR,No-NAC,RC,"[35559,19002]",Acceptable,True,4747.0,Stroma,56.97462498247582
"TMA|AR|[35639,20707]",TMA,AR,No-NAC,RC,"[35639,20707]",Acceptable,True,9209.0,Stroma,61.7574737931927
"TMA|AR|[35758,17337]",TMA,AR,No-NAC,RC,"[35758,17337]",Acceptable,True,6890.0,Stroma,40.35966602440591
"TMA|AR|[35797,15632]",TMA,AR,No-NAC,RC,"[35797,15632]",Acceptable,True,5763.0,Stroma,22.73005010387389
"TMA|AR|[37304,20747]",TMA,AR,No-NAC,RC,"[37304,20747]",Acceptable,True,7183.0,Stroma,11.905104241552838
"TMA|AR|[37344,19082]",TMA,AR,No-NAC,RC,"[37344,19082]",Acceptable,True,6042.0,Stroma,29.037097654118934
"TMA|AR|[37423,17377]",TMA,AR,No-NAC,RC,"[37423,17377]",Acceptable,True,7776.0,Stroma,43.254376930998966
"TMA|AR|[37542,15672]",TMA,AR,No-NAC,RC,"[37542,15672]",Acceptable,True,5511.0,Stroma,7.294608866511115
"TMA|AR|[39088,20826]",TMA,AR,No-NAC,RC,"[39088,20826]",Acceptable,True,3604.0,Stroma,94.59549071618036
"TMA|AR|[39128,19161]",TMA,AR,No-NAC,RC,"[39128,19161]",Acceptable,True,6342.0,Stroma,19.670654830824652
"TMA|AR|[39167,17416]",TMA,AR,No-NAC,RC,"[39167,17416]",Acceptable,True,6415.0,Stroma,72.64229085315347
"TMA|AR|[39247,15711]",TMA,AR,No-NAC,RC,"[39247,15711]",Acceptable,True,7797.0,Stroma,61.76226101413133
"TMA|AR|[39405,14006]",TMA,AR,No-NAC,RC,"[39405,14006]",Acceptable,True,4356.0,Stroma,52.718584527960736
"TMA|AR|[40714,20985]",TMA,AR,No-NAC,RC,"[40714,20985]",Acceptable,True,4606.0,Stroma,95.1997854652722
"TMA|AR|[40872,19280]",TMA,AR,No-NAC,RC,"[40872,19280]",Acceptable,True,5070.0,Stroma,36.823640534340846
"TMA|AR|[40952,17535]",TMA,AR,No-NAC,RC,"[40952,17535]",Acceptable,True,5309.0,Stroma,76.06304985337243
"TMA|AR|[41071,15791]",TMA,AR,No-NAC,RC,"[41071,15791]",Acceptable,True,6287.0,Stroma,41.00885170364981
"TMA|AR|[41150,14046]",TMA,AR,No-NAC,RC,"[41150,14046]",Acceptable,True,3886.0,Stroma,55.841371918542336
"TMA|AR|[42538,21104]",TMA,AR,No-NAC,RC,"[42538,21104]",Acceptable,True,4622.0,Stroma,30.78787878787879
"TMA|AR|[42577,19320]",TMA,AR,No-NAC,RC,"[42577,19320]",Acceptable,True,2273.0,Stroma,98.8300835654596
"TMA|AR|[42696,17535]",TMA,AR,No-NAC,RC,"[42696,17535]",Borderline,True,3823.0,Stroma,67.90820829655782
"TMA|AR|[42855,15830]",TMA,AR,No-NAC,RC,"[42855,15830]",Acceptable,True,6001.0,Stroma,37.332116312426656
"TMA|AR|[42894,14125]",TMA,AR,No-NAC,RC,"[42894,14125]",Acceptable,True,7171.0,Stroma,65.07276507276508
"TMA|AR|[44282,21223]",TMA,AR,No-NAC,RC,"[44282,21223]",Acceptable,True,5075.0,Stroma,77.3764258555133
"TMA|AR|[44322,19399]",TMA,AR,No-NAC,RC,"[44322,19399]",Acceptable,True,5874.0,Stroma,80.03281585258111
"TMA|AR|[44480,17615]",TMA,AR,No-NAC,RC,"[44480,17615]",Acceptable,True,5791.0,Stroma,67.83134112701957
"TMA|AR|[44560,15949]",TMA,AR,No-NAC,RC,"[44560,15949]",Borderline,True,4827.0,Stroma,31.484532308255538
"TMA|AR|[44718,14205]",TMA,AR,No-NAC,RC,"[44718,14205]",Acceptable,True,7383.0,Stroma,56.90036900369004
"TMA|AR|[46027,21223]",TMA,AR,No-NAC,RC,"[46027,21223]",Acceptable,True,3923.0,Stroma,64.32249322493224
"TMA|AR|[46066,19478]",TMA,AR,No-NAC,RC,"[46066,19478]",Acceptable,True,4941.0,Stroma,47.43250397035469
"TMA|AR|[46225,17734]",TMA,AR,No-NAC,RC,"[46225,17734]",Acceptable,True,6473.0,Stroma,21.386164171399074
"TMA|AR|[46304,16068]",TMA,AR,No-NAC,RC,"[46304,16068]",Acceptable,True,7511.0,Stroma,74.22506332167411
"TMA|AR|[46463,14284]",TMA,AR,No-NAC,RC,"[46463,14284]",Acceptable,True,2993.0,Stroma,96.23282134195634
"TMA|AR|[47652,21302]",TMA,AR,No-NAC,RC,"[47652,21302]",Acceptable,True,4026.0,Stroma,58.393252212389385
"TMA|AR|[47811,19557]",TMA,AR,No-NAC,RC,"[47811,19557]",Acceptable,True,6283.0,Stroma,39.381841596909204
"TMA|AR|[47930,17813]",TMA,AR,No-NAC,RC,"[47930,17813]",Acceptable,True,5109.0,Stroma,50.27748612569372
"TMA|AR|[48128,16108]",TMA,AR,No-NAC,RC,"[48128,16108]",Acceptable,True,6994.0,Stroma,47.640697960186785
"TMA|AR|[48208,14443]",TMA,AR,No-NAC,RC,"[48208,14443]",Acceptable,True,5633.0,Stroma,88.5349497033789
"TMA|AR|[49278,21500]",TMA,AR,No-NAC,RC,"[49278,21500]",Acceptable,True,3517.0,Stroma,98.05999104611251
"TMA|AR|[49556,19716]",TMA,AR,No-NAC,RC,"[49556,19716]",Acceptable,True,6907.0,Stroma,52.344288669271435
"TMA|AR|[49714,17932]",TMA,AR,No-NAC,RC,"[49714,17932]",Acceptable,True,5976.0,Stroma,87.44444444444444
"TMA|AR|[49873,16187]",TMA,AR,No-NAC,RC,"[49873,16187]",Acceptable,True,5352.0,Stroma,80.58777016341593
"TMA|AR|[50071,14482]",TMA,AR,No-NAC,RC,"[50071,14482]",Acceptable,True,9363.0,Stroma,75.15202098485751
"TMA|AR|[51221,21580]",TMA,AR,No-NAC,RC,"[51221,21580]",Acceptable,True,2346.0,Stroma,99.68404423380728
"TMA|AR|[51340,19835]",TMA,AR,No-NAC,RC,"[51340,19835]",Acceptable,True,5330.0,Stroma,65.60106964871764
"TMA|AR|[51538,18051]",TMA,AR,No-NAC,RC,"[51538,18051]",Acceptable,True,3864.0,Stroma,99.30417495029822
"TMA|AR|[51657,16266]",TMA,AR,No-NAC,RC,"[51657,16266]",Acceptable,True,5279.0,Stroma,70.54634904194717
"TMA|AR|[51816,14522]",TMA,AR,No-NAC,RC,"[51816,14522]",Acceptable,True,9335.0,Stroma,68.42918250950571
"TMA|AR|[53124,19795]",TMA,AR,No-NAC,RC,"[53124,19795]",Acceptable,True,5325.0,Stroma,80.4016620498615
"TMA|AR|[53322,18090]",TMA,AR,No-NAC,RC,"[53322,18090]",Acceptable,True,5873.0,Stroma,64.62282152397914
"TMA|AR|[53441,16386]",TMA,AR,No-NAC,RC,"[53441,16386]",Acceptable,True,6878.0,Stroma,41.033741943637054
"TMA|AR|[53679,14680]",TMA,AR,No-NAC,RC,"[53679,14680]",Acceptable,True,4300.0,Stroma,96.63180768708406
"TMA|AR|[54908,19875]",TMA,AR,No-NAC,RC,"[54908,19875]",Acceptable,True,5040.0,Stroma,51.72510913955781
"TMA|AR|[55107,18170]",TMA,AR,No-NAC,RC,"[55107,18170]",Acceptable,True,6353.0,Stroma,90.61413673232909
"TMA|AR|[55226,16465]",TMA,AR,No-NAC,RC,"[55226,16465]",Acceptable,True,6461.0,Stroma,49.9682216855218
"TMA|AR|[55384,14720]",TMA,AR,No-NAC,RC,"[55384,14720]",Acceptable,True,4315.0,Stroma,97.57241379310344
"TMA|AR|[56772,19954]",TMA,AR,No-NAC,RC,"[56772,19954]",Acceptable,True,4775.0,Stroma,52.93223559214694
"TMA|AR|[56891,18249]",TMA,AR,No-NAC,RC,"[56891,18249]",Acceptable,True,8800.0,Stroma,83.63781837578344
"TMA|AR|[57049,16584]",TMA,AR,No-NAC,RC,"[57049,16584]",Acceptable,True,5740.0,Stroma,47.81843329561172
"TMA|AR|[57248,14879]",TMA,AR,No-NAC,RC,"[57248,14879]",Acceptable,True,4860.0,Stroma,98.89710827168797
"TMA|AR|[58596,19954]",TMA,AR,No-NAC,RC,"[58596,19954]",Acceptable,True,5556.0,Stroma,72.99613045881702
"TMA|AR|[58675,18289]",TMA,AR,No-NAC,RC,"[58675,18289]",Acceptable,True,7885.0,Stroma,63.19444444444444
"TMA|AR|[58834,16623]",TMA,AR,No-NAC,RC,"[58834,16623]",Acceptable,True,4704.0,Stroma,51.66013071895426
"TMA|AR|[58992,14918]",TMA,AR,No-NAC,RC,"[58992,14918]",Acceptable,True,6190.0,Stroma,75.91332829428067
"BLASST|AR|[30341,13258]",BLASST,AR,BLASST,TURBT,"[30341,13258]",Missing QC,True,17375.0,Epi,7.245053272450533
"BLASST|AR|[31598,7095]",BLASST,AR,BLASST,TURBT,"[31598,7095]",Missing QC,True,15995.0,Epi,35.39136646596591
"BLASST|AR|[31833,9335]",BLASST,AR,BLASST,TURBT,"[31833,9335]",Missing QC,True,11335.0,Epi,9.296038265571385
"BLASST|AR|[31836,6595]",BLASST,AR,BLASST,TURBT,"[31836,6595]",Missing QC,True,16005.0,Epi,27.057748908961738
"BLASST|AR|[31843,12447]",BLASST,AR,BLASST,TURBT,"[31843,12447]",Missing QC,True,11175.0,Epi,7.675317504141359
"BLASST|AR|[32148,9283]",BLASST,AR,BLASST,TURBT,"[32148,9283]",Missing QC,True,13135.0,Epi,37.00579327167395
"BLASST|AR|[32577,16395]",BLASST,AR,BLASST,TURBT,"[32577,16395]",Missing QC,True,14900.0,Epi,19.079606978143172
"BLASST|AR|[32626,6725]",BLASST,AR,BLASST,TURBT,"[32626,6725]",Missing QC,True,17970.0,Epi,21.807326452135197
"BLASST|AR|[32921,5927]",BLASST,AR,BLASST,TURBT,"[32921,5927]",Missing QC,True,17240.0,Epi,8.271592408403531
"BLASST|AR|[33137,7756]",BLASST,AR,BLASST,TURBT,"[33137,7756]",Missing QC,True,13145.0,Epi,8.736447039199334
"BLASST|AR|[33387,6427]",BLASST,AR,BLASST,TURBT,"[33387,6427]",Missing QC,True,17930.0,Epi,5.6886830447039864
"BLASST|AR|[33585,14772]",BLASST,AR,BLASST,TURBT,"[33585,14772]",Missing QC,True,8565.0,Epi,2.361439088762328
"BLASST|AR|[33689,6927]",BLASST,AR,BLASST,TURBT,"[33689,6927]",Missing QC,True,17190.0,Epi,4.106013452464612
"BLASST|AR|[34430,16948]",BLASST,AR,BLASST,TURBT,"[34430,16948]",Missing QC,True,14540.0,Epi,12.896974916567984
"BLASST|AR|[34455,14004]",BLASST,AR,BLASST,TURBT,"[34455,14004]",Missing QC,True,12605.0,Epi,16.415882967607107
"BLASST|AR|[34497,8368]",BLASST,AR,BLASST,TURBT,"[34497,8368]",Missing QC,True,12490.0,Epi,6.876645736277091
"BLASST|AR|[34509,17151]",BLASST,AR,BLASST,TURBT,"[34509,17151]",Missing QC,True,5935.0,Epi,0.5780346820809249
"BLASST|AR|[34621,20905]",BLASST,AR,BLASST,TURBT,"[34621,20905]",Missing QC,True,14450.0,Epi,98.38460746990431
"BLASST|AR|[34688,11367]",BLASST,AR,BLASST,TURBT,"[34688,11367]",Missing QC,True,16530.0,Epi,15.441176470588236
"BLASST|AR|[34705,7952]",BLASST,AR,BLASST,TURBT,"[34705,7952]",Missing QC,True,9610.0,Epi,12.653147444021968
"BLASST|AR|[34861,13932]",BLASST,AR,BLASST,TURBT,"[34861,13932]",Missing QC,True,11885.0,Epi,16.74602370580488
"BLASST|AR|[35010,13121]",BLASST,AR,BLASST,TURBT,"[35010,13121]",Missing QC,True,8475.0,Epi,0.06514657980456026
"BLASST|AR|[35468,9166]",BLASST,AR,BLASST,TURBT,"[35468,9166]",Missing QC,True,10160.0,Epi,2.6783867631851086
"BLASST|AR|[35699,16417]",BLASST,AR,BLASST,TURBT,"[35699,16417]",Missing QC,True,10225.0,Epi,83.88370423546303
"BLASST|AR|[35744,13421]",BLASST,AR,BLASST,TURBT,"[35744,13421]",Missing QC,True,18660.0,Epi,9.81
"BLASST|AR|[35758,12546]",BLASST,AR,BLASST,TURBT,"[35758,12546]",Missing QC,True,12390.0,Epi,82.74309723889556
"BLASST|AR|[35823,18050]",BLASST,AR,BLASST,TURBT,"[35823,18050]",Missing QC,True,16200.0,Epi,48.48792368581287
"BLASST|AR|[35907,16380]",BLASST,AR,BLASST,TURBT,"[35907,16380]",Missing QC,True,16795.0,Epi,17.844055374592834
"BLASST|AR|[35962,11716]",BLASST,AR,BLASST,TURBT,"[35962,11716]",Missing QC,True,14195.0,Epi,13.082967649760178
"BLASST|AR|[36063,8249]",BLASST,AR,BLASST,TURBT,"[36063,8249]",Missing QC,True,13255.0,Epi,44.19
"BLASST|AR|[36188,21152]",BLASST,AR,BLASST,TURBT,"[36188,21152]",Missing QC,True,16995.0,Epi,23.506438674266416
"BLASST|AR|[36336,12656]",BLASST,AR,BLASST,TURBT,"[36336,12656]",Missing QC,True,18290.0,Epi,20.663393125563683
"BLASST|AR|[36693,14160]",BLASST,AR,BLASST,TURBT,"[36693,14160]",Missing QC,True,9060.0,Epi,0.42685292976329064
"BLASST|AR|[36985,11818]",BLASST,AR,BLASST,TURBT,"[36985,11818]",Missing QC,True,19150.0,Epi,27.7
"BLASST|AR|[37025,16970]",BLASST,AR,BLASST,TURBT,"[37025,16970]",Missing QC,True,14505.0,Epi,23.434506403146113
"BLASST|AR|[37151,17820]",BLASST,AR,BLASST,TURBT,"[37151,17820]",Missing QC,True,13150.0,Epi,44.62360069836705
"BLASST|AR|[37429,4845]",BLASST,AR,BLASST,TURBT,"[37429,4845]",Missing QC,True,10475.0,Epi,17.13075701429328
"BLASST|AR|[37508,11388]",BLASST,AR,BLASST,TURBT,"[37508,11388]",Missing QC,True,16425.0,Epi,31.555153707052444
"BLASST|AR|[37709,6279]",BLASST,AR,BLASST,TURBT,"[37709,6279]",Missing QC,True,10990.0,Epi,29.250311897470795
"BLASST|AR|[37880,15930]",BLASST,AR,BLASST,TURBT,"[37880,15930]",Missing QC,True,11070.0,Epi,9.142359599477578
"BLASST|AR|[37897,8958]",BLASST,AR,BLASST,TURBT,"[37897,8958]",Missing QC,True,12105.0,Epi,39.02659307576518
"BLASST|AR|[38022,22745]",BLASST,AR,BLASST,TURBT,"[38022,22745]",Missing QC,True,7935.0,Epi,75.20119225037259
"BLASST|AR|[38137,12239]",BLASST,AR,BLASST,TURBT,"[38137,12239]",Missing QC,True,12500.0,Epi,80.66033016508254
"BLASST|AR|[38338,15037]",BLASST,AR,BLASST,TURBT,"[38338,15037]",Missing QC,True,12385.0,Epi,42.16649949849549
"BLASST|AR|[38660,19135]",BLASST,AR,BLASST,TURBT,"[38660,19135]",Missing QC,True,14155.0,Epi,24.368394564670357
"BLASST|AR|[38727,14234]",BLASST,AR,BLASST,TURBT,"[38727,14234]",Missing QC,True,14685.0,Epi,26.04001270244522
"BLASST|AR|[38891,9925]",BLASST,AR,BLASST,TURBT,"[38891,9925]",Missing QC,True,11130.0,Epi,64.39827361236576
"BLASST|AR|[38975,12721]",BLASST,AR,BLASST,TURBT,"[38975,12721]",Missing QC,True,10640.0,Epi,44.19564544422661
"BLASST|AR|[39000,13595]",BLASST,AR,BLASST,TURBT,"[39000,13595]",Missing QC,True,10350.0,Epi,8.043833061319654
"BLASST|AR|[39020,15595]",BLASST,AR,BLASST,TURBT,"[39020,15595]",Missing QC,True,18680.0,Epi,32.411268178582326
"BLASST|AR|[39067,13453]",BLASST,AR,BLASST,TURBT,"[39067,13453]",Missing QC,True,11950.0,Epi,28.18013951579811
"BLASST|AR|[39079,14789]",BLASST,AR,BLASST,TURBT,"[39079,14789]",Missing QC,True,15625.0,Epi,29.780801209372637
"BLASST|AR|[39181,8306]",BLASST,AR,BLASST,TURBT,"[39181,8306]",Missing QC,True,18270.0,Epi,39.32014205986809
"BLASST|AR|[39183,15927]",BLASST,AR,BLASST,TURBT,"[39183,15927]",Missing QC,True,14585.0,Epi,74.26742674267427
"BLASST|AR|[39292,8824]",BLASST,AR,BLASST,TURBT,"[39292,8824]",Missing QC,True,11830.0,Epi,8.07914262159934
"BLASST|AR|[39389,13777]",BLASST,AR,BLASST,TURBT,"[39389,13777]",Missing QC,True,8830.0,Epi,29.250341709599407
"BLASST|AR|[39510,14945]",BLASST,AR,BLASST,TURBT,"[39510,14945]",Missing QC,True,16185.0,Epi,36.02769011503614
"BLASST|AR|[39748,18211]",BLASST,AR,BLASST,TURBT,"[39748,18211]",Missing QC,True,12640.0,Epi,11.766551615939756
"BLASST|AR|[39904,10646]",BLASST,AR,BLASST,TURBT,"[39904,10646]",Missing QC,True,16835.0,Epi,14.562417604705406
"BLASST|AR|[39989,4847]",BLASST,AR,BLASST,TURBT,"[39989,4847]",Missing QC,True,16800.0,Epi,37.61880940470235
"BLASST|AR|[40124,13425]",BLASST,AR,BLASST,TURBT,"[40124,13425]",Missing QC,True,5855.0,Epi,2.6848409748038
"BLASST|AR|[40264,19122]",BLASST,AR,BLASST,TURBT,"[40264,19122]",Missing QC,True,15705.0,Epi,15.415617128463476
"BLASST|AR|[40447,20469]",BLASST,AR,BLASST,TURBT,"[40447,20469]",Missing QC,True,4735.0,Epi,6.766457919657858
"BLASST|AR|[40504,13109]",BLASST,AR,BLASST,TURBT,"[40504,13109]",Missing QC,True,15575.0,Epi,21.072717895822592
"BLASST|AR|[40578,20372]",BLASST,AR,BLASST,TURBT,"[40578,20372]",Missing QC,True,14655.0,Epi,18.88281724347298
"BLASST|AR|[40593,18392]",BLASST,AR,BLASST,TURBT,"[40593,18392]",Missing QC,True,10605.0,Epi,0.9274968894921389
"BLASST|AR|[40729,19520]",BLASST,AR,BLASST,TURBT,"[40729,19520]",Missing QC,True,14130.0,Epi,42.18940936863544
"BLASST|AR|[40739,8525]",BLASST,AR,BLASST,TURBT,"[40739,8525]",Missing QC,True,9330.0,Epi,11.804557585711352
"BLASST|AR|[40786,10901]",BLASST,AR,BLASST,TURBT,"[40786,10901]",Missing QC,True,13430.0,Epi,65.89769307923771
"BLASST|AR|[40789,3809]",BLASST,AR,BLASST,TURBT,"[40789,3809]",Missing QC,True,12080.0,Epi,20.961017302480716
"BLASST|AR|[40791,15092]",BLASST,AR,BLASST,TURBT,"[40791,15092]",Missing QC,True,14000.0,Epi,82.26822682268227
"BLASST|AR|[40878,15790]",BLASST,AR,BLASST,TURBT,"[40878,15790]",Missing QC,True,17900.0,Epi,0.5634390651085142
"BLASST|AR|[40948,15078]",BLASST,AR,BLASST,TURBT,"[40948,15078]",Missing QC,True,15655.0,Epi,29.058621733427504
"BLASST|AR|[40950,16021]",BLASST,AR,BLASST,TURBT,"[40950,16021]",Missing QC,True,11050.0,Epi,44.086021505376344
"BLASST|AR|[40972,11513]",BLASST,AR,BLASST,TURBT,"[40972,11513]",Missing QC,True,14925.0,Epi,4.601990049751244
"BLASST|AR|[41089,11902]",BLASST,AR,BLASST,TURBT,"[41089,11902]",Missing QC,True,17115.0,Epi,8.018154311649017
"BLASST|AR|[41111,15166]",BLASST,AR,BLASST,TURBT,"[41111,15166]",Missing QC,True,15640.0,Epi,12.83248730964467
"BLASST|AR|[41220,13064]",BLASST,AR,BLASST,TURBT,"[41220,13064]",Missing QC,True,12720.0,Epi,5.573890722405573
"BLASST|AR|[41252,16764]",BLASST,AR,BLASST,TURBT,"[41252,16764]",Missing QC,True,9495.0,Epi,32.8287197231834
"BLASST|AR|[41285,19625]",BLASST,AR,BLASST,TURBT,"[41285,19625]",Missing QC,True,14105.0,Epi,31.28452345083861
"BLASST|AR|[41332,11658]",BLASST,AR,BLASST,TURBT,"[41332,11658]",Missing QC,True,16440.0,Epi,37.61523046092184
"BLASST|AR|[41342,8107]",BLASST,AR,BLASST,TURBT,"[41342,8107]",Missing QC,True,17685.0,Epi,35.41
"BLASST|AR|[41530,10809]",BLASST,AR,BLASST,TURBT,"[41530,10809]",Missing QC,True,15070.0,Epi,22.221076510620744
"BLASST|AR|[41547,15290]",BLASST,AR,BLASST,TURBT,"[41547,15290]",Missing QC,True,14525.0,Epi,1.0216847372810676
"BLASST|AR|[41661,5470]",BLASST,AR,BLASST,TURBT,"[41661,5470]",Missing QC,True,13400.0,Epi,11.899814065405229
"BLASST|AR|[41850,22211]",BLASST,AR,BLASST,TURBT,"[41850,22211]",Missing QC,True,15505.0,Epi,30.126658624849213
"BLASST|AR|[41972,15500]",BLASST,AR,BLASST,TURBT,"[41972,15500]",Missing QC,True,14220.0,Epi,46.92877255188237
"BLASST|AR|[42102,10648]",BLASST,AR,BLASST,TURBT,"[42102,10648]",Missing QC,True,18370.0,Epi,9.658350866646629
"BLASST|AR|[42358,17435]",BLASST,AR,BLASST,TURBT,"[42358,17435]",Missing QC,True,14295.0,Epi,36.113724260478726
"BLASST|AR|[42667,15885]",BLASST,AR,BLASST,TURBT,"[42667,15885]",Missing QC,True,13215.0,Epi,5.310985460420032
"BLASST|AR|[42677,10811]",BLASST,AR,BLASST,TURBT,"[42677,10811]",Missing QC,True,10880.0,Epi,0.012459506603538499
"BLASST|AR|[42757,14631]",BLASST,AR,BLASST,TURBT,"[42757,14631]",Missing QC,True,15265.0,Epi,9.59991855848519
"BLASST|AR|[42759,11548]",BLASST,AR,BLASST,TURBT,"[42759,11548]",Missing QC,True,8445.0,Epi,2.3909395973154366
"BLASST|AR|[42784,16876]",BLASST,AR,BLASST,TURBT,"[42784,16876]",Missing QC,True,11090.0,Epi,15.438983986747655
"BLASST|AR|[42785,13782]",BLASST,AR,BLASST,TURBT,"[42785,13782]",Missing QC,True,10050.0,Epi,2.073170731707317
"BLASST|AR|[42801,12353]",BLASST,AR,BLASST,TURBT,"[42801,12353]",Missing QC,True,9455.0,Epi,56.70906382491119
"BLASST|AR|[42833,16141]",BLASST,AR,BLASST,TURBT,"[42833,16141]",Missing QC,True,15410.0,Epi,2.4633018298813596
"BLASST|AR|[42838,18804]",BLASST,AR,BLASST,TURBT,"[42838,18804]",Missing QC,True,11965.0,Epi,0.2031832035218422
"BLASST|AR|[42936,14496]",BLASST,AR,BLASST,TURBT,"[42936,14496]",Missing QC,True,11550.0,Epi,0.7835779715263216
"BLASST|AR|[42940,15510]",BLASST,AR,BLASST,TURBT,"[42940,15510]",Missing QC,True,10550.0,Epi,0.8450704225352114
"BLASST|AR|[43059,14885]",BLASST,AR,BLASST,TURBT,"[43059,14885]",Missing QC,True,12905.0,Epi,1.8770092294928962
"BLASST|AR|[43059,15385]",BLASST,AR,BLASST,TURBT,"[43059,15385]",Missing QC,True,15665.0,Epi,7.378142637249871
"BLASST|AR|[43066,15825]",BLASST,AR,BLASST,TURBT,"[43066,15825]",Missing QC,True,12430.0,Epi,40.90862157976252
"BLASST|AR|[43123,13183]",BLASST,AR,BLASST,TURBT,"[43123,13183]",Missing QC,True,9370.0,Epi,14.163405088062621
"BLASST|AR|[43185,15198]",BLASST,AR,BLASST,TURBT,"[43185,15198]",Missing QC,True,9480.0,Epi,38.959314258119036
"BLASST|AR|[43188,18308]",BLASST,AR,BLASST,TURBT,"[43188,18308]",Missing QC,True,16375.0,Epi,20.507872016251905
"BLASST|AR|[43230,13600]",BLASST,AR,BLASST,TURBT,"[43230,13600]",Missing QC,True,14815.0,Epi,25.711554800339847
"BLASST|AR|[43325,12794]",BLASST,AR,BLASST,TURBT,"[43325,12794]",Missing QC,True,14055.0,Epi,56.47943831494483
"BLASST|AR|[43445,18883]",BLASST,AR,BLASST,TURBT,"[43445,18883]",Missing QC,True,16055.0,Epi,1.622718052738337
"BLASST|AR|[43483,10651]",BLASST,AR,BLASST,TURBT,"[43483,10651]",Missing QC,True,9160.0,Epi,6.13107822410148
"BLASST|AR|[43530,18311]",BLASST,AR,BLASST,TURBT,"[43530,18311]",Missing QC,True,9200.0,Epi,0.33465542885473476
"BLASST|AR|[43634,14465]",BLASST,AR,BLASST,TURBT,"[43634,14465]",Missing QC,True,18075.0,Epi,11.827303131650957
"BLASST|AR|[43634,22134]",BLASST,AR,BLASST,TURBT,"[43634,22134]",Missing QC,True,9365.0,Epi,16.246056782334385
"BLASST|AR|[43706,13520]",BLASST,AR,BLASST,TURBT,"[43706,13520]",Missing QC,True,16325.0,Epi,23.56433616542123
"BLASST|AR|[43862,14266]",BLASST,AR,BLASST,TURBT,"[43862,14266]",Missing QC,True,17405.0,Epi,42.26160507501762
"BLASST|AR|[43894,16443]",BLASST,AR,BLASST,TURBT,"[43894,16443]",Missing QC,True,14625.0,Epi,13.317780707982555
"BLASST|AR|[43911,12685]",BLASST,AR,BLASST,TURBT,"[43911,12685]",Missing QC,True,12145.0,Epi,8.88819095477387
"BLASST|AR|[44035,18261]",BLASST,AR,BLASST,TURBT,"[44035,18261]",Missing QC,True,18480.0,Epi,6.318936192145141
"BLASST|AR|[44214,14653]",BLASST,AR,BLASST,TURBT,"[44214,14653]",Missing QC,True,14080.0,Epi,43.09878891001902
"BLASST|AR|[44221,8815]",BLASST,AR,BLASST,TURBT,"[44221,8815]",Missing QC,True,16065.0,Epi,35.29714697703162
"BLASST|AR|[44310,8038]",BLASST,AR,BLASST,TURBT,"[44310,8038]",Missing QC,True,14300.0,Epi,19.387755102040817
"BLASST|AR|[44385,19413]",BLASST,AR,BLASST,TURBT,"[44385,19413]",Missing QC,True,9305.0,Epi,43.41572123176661
"BLASST|AR|[44414,6934]",BLASST,AR,BLASST,TURBT,"[44414,6934]",Missing QC,True,9790.0,Epi,32.62284047565627
"BLASST|AR|[44471,10770]",BLASST,AR,BLASST,TURBT,"[44471,10770]",Missing QC,True,14235.0,Epi,12.31909636427815
"BLASST|AR|[44530,8719]",BLASST,AR,BLASST,TURBT,"[44530,8719]",Missing QC,True,13800.0,Epi,15.941269008914524
"BLASST|AR|[44543,14413]",BLASST,AR,BLASST,TURBT,"[44543,14413]",Missing QC,True,16510.0,Epi,6.7155926409972855
"BLASST|AR|[44605,14715]",BLASST,AR,BLASST,TURBT,"[44605,14715]",Missing QC,True,13115.0,Epi,5.145888594164456
"BLASST|AR|[44613,9315]",BLASST,AR,BLASST,TURBT,"[44613,9315]",Missing QC,True,14980.0,Epi,54.52807405916683
"BLASST|AR|[44660,13917]",BLASST,AR,BLASST,TURBT,"[44660,13917]",Missing QC,True,8785.0,Epi,20.75055187637969
"BLASST|AR|[44670,16213]",BLASST,AR,BLASST,TURBT,"[44670,16213]",Missing QC,True,14445.0,Epi,12.759611135660627
"BLASST|AR|[44689,15327]",BLASST,AR,BLASST,TURBT,"[44689,15327]",Missing QC,True,10060.0,Epi,22.539028620988724
"BLASST|AR|[44708,16095]",BLASST,AR,BLASST,TURBT,"[44708,16095]",Missing QC,True,11175.0,Epi,52.76371308016877
"BLASST|AR|[44780,17332]",BLASST,AR,BLASST,TURBT,"[44780,17332]",Missing QC,True,9165.0,Epi,31.164306585749607
"BLASST|AR|[44801,13927]",BLASST,AR,BLASST,TURBT,"[44801,13927]",Missing QC,True,10310.0,Epi,0.07207726683004181
"BLASST|AR|[44816,10057]",BLASST,AR,BLASST,TURBT,"[44816,10057]",Missing QC,True,17810.0,Epi,5.384692951497429
"BLASST|AR|[44816,17327]",BLASST,AR,BLASST,TURBT,"[44816,17327]",Missing QC,True,16120.0,Epi,15.528143464289416
"BLASST|AR|[44984,6644]",BLASST,AR,BLASST,TURBT,"[44984,6644]",Missing QC,True,13165.0,Epi,0.1159970473478857
"BLASST|AR|[45012,8386]",BLASST,AR,BLASST,TURBT,"[45012,8386]",Missing QC,True,16180.0,Epi,42.28295819935691
"BLASST|AR|[45019,13042]",BLASST,AR,BLASST,TURBT,"[45019,13042]",Missing QC,True,16275.0,Epi,5.4901960784313735
"BLASST|AR|[45024,11585]",BLASST,AR,BLASST,TURBT,"[45024,11585]",Missing QC,True,16040.0,Epi,12.440578537473451
"BLASST|AR|[45133,16142]",BLASST,AR,BLASST,TURBT,"[45133,16142]",Missing QC,True,5750.0,Epi,0.21670606776989756
"BLASST|AR|[45140,16028]",BLASST,AR,BLASST,TURBT,"[45140,16028]",Missing QC,True,16300.0,Epi,14.45757478973704
"BLASST|AR|[45257,13731]",BLASST,AR,BLASST,TURBT,"[45257,13731]",Missing QC,True,15230.0,Epi,0.88
"BLASST|AR|[45282,8969]",BLASST,AR,BLASST,TURBT,"[45282,8969]",Missing QC,True,17610.0,Epi,48.33
"BLASST|AR|[45289,9024]",BLASST,AR,BLASST,TURBT,"[45289,9024]",Missing QC,True,14630.0,Epi,37.57594480486047
"BLASST|AR|[45290,17894]",BLASST,AR,BLASST,TURBT,"[45290,17894]",Missing QC,True,10460.0,Epi,11.91622532498796
"BLASST|AR|[45314,12177]",BLASST,AR,BLASST,TURBT,"[45314,12177]",Missing QC,True,13230.0,Epi,11.717581713309121
"BLASST|AR|[45336,9469]",BLASST,AR,BLASST,TURBT,"[45336,9469]",Missing QC,True,17955.0,Epi,46.04446224714601
"BLASST|AR|[45406,18412]",BLASST,AR,BLASST,TURBT,"[45406,18412]",Missing QC,True,16585.0,Epi,12.523248605083694
"BLASST|AR|[45408,13245]",BLASST,AR,BLASST,TURBT,"[45408,13245]",Missing QC,True,9285.0,Epi,7.186267192664464
"BLASST|AR|[45497,15851]",BLASST,AR,BLASST,TURBT,"[45497,15851]",Missing QC,True,15085.0,Epi,6.1079219288174516
"BLASST|AR|[45542,9871]",BLASST,AR,BLASST,TURBT,"[45542,9871]",Missing QC,True,15985.0,Epi,20.45195397532912
"BLASST|AR|[45563,16586]",BLASST,AR,BLASST,TURBT,"[45563,16586]",Missing QC,True,11475.0,Epi,27.14256906634402
"BLASST|AR|[45621,15609]",BLASST,AR,BLASST,TURBT,"[45621,15609]",Missing QC,True,17535.0,Epi,29.768844221105528
"BLASST|AR|[45663,21597]",BLASST,AR,BLASST,TURBT,"[45663,21597]",Missing QC,True,13570.0,Epi,14.265898420827998
"BLASST|AR|[45703,19480]",BLASST,AR,BLASST,TURBT,"[45703,19480]",Missing QC,True,20550.0,Epi,1.6171684296175752
"BLASST|AR|[45727,15944]",BLASST,AR,BLASST,TURBT,"[45727,15944]",Missing QC,True,10650.0,Epi,39.692121943857536
"BLASST|AR|[45741,17267]",BLASST,AR,BLASST,TURBT,"[45741,17267]",Missing QC,True,11890.0,Epi,23.028197793216183
"BLASST|AR|[45800,10995]",BLASST,AR,BLASST,TURBT,"[45800,10995]",Missing QC,True,20435.0,Epi,23.829616234679527
"BLASST|AR|[45839,15157]",BLASST,AR,BLASST,TURBT,"[45839,15157]",Missing QC,True,12010.0,Epi,4.152139461172742
"BLASST|AR|[45852,11055]",BLASST,AR,BLASST,TURBT,"[45852,11055]",Missing QC,True,16280.0,Epi,4.97129971299713
"BLASST|AR|[45904,19532]",BLASST,AR,BLASST,TURBT,"[45904,19532]",Missing QC,True,15545.0,Epi,0.0995575221238938
"BLASST|AR|[45924,18345]",BLASST,AR,BLASST,TURBT,"[45924,18345]",Missing QC,True,13355.0,Epi,1.0803142732431252
"BLASST|AR|[45938,11758]",BLASST,AR,BLASST,TURBT,"[45938,11758]",Missing QC,True,11505.0,Epi,4.065251165199379
"BLASST|AR|[45946,15196]",BLASST,AR,BLASST,TURBT,"[45946,15196]",Missing QC,True,14245.0,Epi,1.7526289434151228
"BLASST|AR|[45990,10424]",BLASST,AR,BLASST,TURBT,"[45990,10424]",Missing QC,True,14015.0,Epi,2.9313503610302836
"BLASST|AR|[46005,12205]",BLASST,AR,BLASST,TURBT,"[46005,12205]",Missing QC,True,10305.0,Epi,20.304622975437095
"BLASST|AR|[46057,13057]",BLASST,AR,BLASST,TURBT,"[46057,13057]",Missing QC,True,15775.0,Epi,0.603318250377074
"BLASST|AR|[46209,10483]",BLASST,AR,BLASST,TURBT,"[46209,10483]",Missing QC,True,12105.0,Epi,59.184505606523956
"BLASST|AR|[46226,10314]",BLASST,AR,BLASST,TURBT,"[46226,10314]",Missing QC,True,12505.0,Epi,0.33633633633633636
"BLASST|AR|[46241,14304]",BLASST,AR,BLASST,TURBT,"[46241,14304]",Missing QC,True,15315.0,Epi,1.3612251025923332
"BLASST|AR|[46263,14496]",BLASST,AR,BLASST,TURBT,"[46263,14496]",Missing QC,True,8570.0,Epi,1.5014237639140564
"BLASST|AR|[46510,16725]",BLASST,AR,BLASST,TURBT,"[46510,16725]",Missing QC,True,11070.0,Epi,19.682605111294315
"BLASST|AR|[46548,14043]",BLASST,AR,BLASST,TURBT,"[46548,14043]",Missing QC,True,16685.0,Epi,46.318289786223275
"BLASST|AR|[46573,19032]",BLASST,AR,BLASST,TURBT,"[46573,19032]",Missing QC,True,16095.0,Epi,0.13615416841223293
"BLASST|AR|[46583,17775]",BLASST,AR,BLASST,TURBT,"[46583,17775]",Missing QC,True,14595.0,Epi,60.480064276388475
"BLASST|AR|[46589,16098]",BLASST,AR,BLASST,TURBT,"[46589,16098]",Missing QC,True,11890.0,Epi,37.236510337871906
"BLASST|AR|[46652,17225]",BLASST,AR,BLASST,TURBT,"[46652,17225]",Missing QC,True,14205.0,Epi,8.913412563667231
"BLASST|AR|[46660,13726]",BLASST,AR,BLASST,TURBT,"[46660,13726]",Missing QC,True,14975.0,Epi,0.5471678994832303
"BLASST|AR|[46684,16752]",BLASST,AR,BLASST,TURBT,"[46684,16752]",Missing QC,True,5075.0,Epi,0.4158004158004158
"BLASST|AR|[46709,14804]",BLASST,AR,BLASST,TURBT,"[46709,14804]",Missing QC,True,13090.0,Epi,0.7966922146026623
"BLASST|AR|[46719,12549]",BLASST,AR,BLASST,TURBT,"[46719,12549]",Missing QC,True,14655.0,Epi,76.52836239727401
"BLASST|AR|[46791,17840]",BLASST,AR,BLASST,TURBT,"[46791,17840]",Missing QC,True,6920.0,Epi,3.2587412587412588
"BLASST|AR|[46826,12537]",BLASST,AR,BLASST,TURBT,"[46826,12537]",Missing QC,True,8225.0,Epi,89.54339866465646
"BLASST|AR|[46850,15208]",BLASST,AR,BLASST,TURBT,"[46850,15208]",Missing QC,True,14705.0,Epi,47.44841469552089
"BLASST|AR|[47055,15034]",BLASST,AR,BLASST,TURBT,"[47055,15034]",Missing QC,True,13605.0,Epi,55.06170143059955
"BLASST|AR|[47073,12781]",BLASST,AR,BLASST,TURBT,"[47073,12781]",Missing QC,True,10990.0,Epi,61.985916930299005
"BLASST|AR|[47076,14373]",BLASST,AR,BLASST,TURBT,"[47076,14373]",Missing QC,True,14925.0,Epi,44.639772380855604
"BLASST|AR|[47210,14447]",BLASST,AR,BLASST,TURBT,"[47210,14447]",Missing QC,True,10145.0,Epi,8.653320205666777
"BLASST|AR|[47241,17866]",BLASST,AR,BLASST,TURBT,"[47241,17866]",Missing QC,True,11690.0,Epi,2.2567151034786432
"BLASST|AR|[47249,12750]",BLASST,AR,BLASST,TURBT,"[47249,12750]",Missing QC,True,14730.0,Epi,63.299052228271826
"BLASST|AR|[47288,15534]",BLASST,AR,BLASST,TURBT,"[47288,15534]",Missing QC,True,15085.0,Epi,21.827150344260613
"BLASST|AR|[47352,15800]",BLASST,AR,BLASST,TURBT,"[47352,15800]",Missing QC,True,12660.0,Epi,52.02917908147539
"BLASST|AR|[47398,14234]",BLASST,AR,BLASST,TURBT,"[47398,14234]",Missing QC,True,14595.0,Epi,30.940854556935378
"BLASST|AR|[47564,11379]",BLASST,AR,BLASST,TURBT,"[47564,11379]",Missing QC,True,18820.0,Epi,14.403044871794874
"BLASST|AR|[47624,9233]",BLASST,AR,BLASST,TURBT,"[47624,9233]",Missing QC,True,18580.0,Epi,13.610741006456902
"BLASST|AR|[47631,16861]",BLASST,AR,BLASST,TURBT,"[47631,16861]",Missing QC,True,13830.0,Epi,3.998307594668923
"BLASST|AR|[47647,10827]",BLASST,AR,BLASST,TURBT,"[47647,10827]",Missing QC,True,16410.0,Epi,26.888248610825276
"BLASST|AR|[47663,18368]",BLASST,AR,BLASST,TURBT,"[47663,18368]",Missing QC,True,19230.0,Epi,0.5193370165745856
"BLASST|AR|[47837,9474]",BLASST,AR,BLASST,TURBT,"[47837,9474]",Missing QC,True,11740.0,Epi,80.22847980759595
"BLASST|AR|[47839,18350]",BLASST,AR,BLASST,TURBT,"[47839,18350]",Missing QC,True,9475.0,Epi,77.97599740512487
"BLASST|AR|[47859,13169]",BLASST,AR,BLASST,TURBT,"[47859,13169]",Missing QC,True,7675.0,Epi,4.615877764718452
"BLASST|AR|[47861,13783]",BLASST,AR,BLASST,TURBT,"[47861,13783]",Missing QC,True,15465.0,Epi,26.641960057648753
"BLASST|AR|[47911,8336]",BLASST,AR,BLASST,TURBT,"[47911,8336]",Missing QC,True,17075.0,Epi,17.90185783521809
"BLASST|AR|[47952,13218]",BLASST,AR,BLASST,TURBT,"[47952,13218]",Missing QC,True,9695.0,Epi,62.73200543232232
"BLASST|AR|[48024,11962]",BLASST,AR,BLASST,TURBT,"[48024,11962]",Missing QC,True,10670.0,Epi,50.52928722653493
"BLASST|AR|[48040,16630]",BLASST,AR,BLASST,TURBT,"[48040,16630]",Missing QC,True,14170.0,Epi,22.692428856452796
"BLASST|AR|[48133,10627]",BLASST,AR,BLASST,TURBT,"[48133,10627]",Missing QC,True,12295.0,Epi,73.71598009107275
"BLASST|AR|[48144,14368]",BLASST,AR,BLASST,TURBT,"[48144,14368]",Missing QC,True,10995.0,Epi,4.691916336913511
"BLASST|AR|[48156,12669]",BLASST,AR,BLASST,TURBT,"[48156,12669]",Missing QC,True,7345.0,Epi,7.392269064580171
"BLASST|AR|[48165,2674]",BLASST,AR,BLASST,TURBT,"[48165,2674]",Missing QC,True,13555.0,Epi,8.382066276803119
"BLASST|AR|[48227,11127]",BLASST,AR,BLASST,TURBT,"[48227,11127]",Missing QC,True,12115.0,Epi,62.916135019139304
"BLASST|AR|[48251,14529]",BLASST,AR,BLASST,TURBT,"[48251,14529]",Missing QC,True,16215.0,Epi,85.44690221199079
"BLASST|AR|[48273,18754]",BLASST,AR,BLASST,TURBT,"[48273,18754]",Missing QC,True,16770.0,Epi,40.1086191290355
"BLASST|AR|[48308,14777]",BLASST,AR,BLASST,TURBT,"[48308,14777]",Missing QC,True,11165.0,Epi,61.03803405730601
"BLASST|AR|[48322,6329]",BLASST,AR,BLASST,TURBT,"[48322,6329]",Missing QC,True,17495.0,Epi,0.07376185458377241
"BLASST|AR|[48345,11075]",BLASST,AR,BLASST,TURBT,"[48345,11075]",Missing QC,True,10920.0,Epi,30.74966941308107
"BLASST|AR|[48357,14841]",BLASST,AR,BLASST,TURBT,"[48357,14841]",Missing QC,True,9715.0,Epi,46.82289319513294
"BLASST|AR|[48404,20464]",BLASST,AR,BLASST,TURBT,"[48404,20464]",Missing QC,True,12585.0,Epi,28.348055640166518
"BLASST|AR|[48420,8404]",BLASST,AR,BLASST,TURBT,"[48420,8404]",Missing QC,True,12715.0,Epi,47.574729004708196
"BLASST|AR|[48430,18185]",BLASST,AR,BLASST,TURBT,"[48430,18185]",Missing QC,True,10250.0,Epi,2.4626699353688433
"BLASST|AR|[48474,11545]",BLASST,AR,BLASST,TURBT,"[48474,11545]",Missing QC,True,15215.0,Epi,9.140848165238408
"BLASST|AR|[48474,17259]",BLASST,AR,BLASST,TURBT,"[48474,17259]",Missing QC,True,15545.0,Epi,39.658976930792385
"BLASST|AR|[48565,4973]",BLASST,AR,BLASST,TURBT,"[48565,4973]",Missing QC,True,16985.0,Epi,7.55533199195171
"BLASST|AR|[48591,4242]",BLASST,AR,BLASST,TURBT,"[48591,4242]",Missing QC,True,14290.0,Epi,11.842105263157894
"BLASST|AR|[48640,20543]",BLASST,AR,BLASST,TURBT,"[48640,20543]",Missing QC,True,7245.0,Epi,6.613508442776736
"BLASST|AR|[48649,14028]",BLASST,AR,BLASST,TURBT,"[48649,14028]",Missing QC,True,15285.0,Epi,7.397370269998995
"BLASST|AR|[48674,13868]",BLASST,AR,BLASST,TURBT,"[48674,13868]",Missing QC,True,7880.0,Epi,4.75781026081972
"BLASST|AR|[48687,12383]",BLASST,AR,BLASST,TURBT,"[48687,12383]",Missing QC,True,12305.0,Epi,11.48949713558243
"BLASST|AR|[48767,10557]",BLASST,AR,BLASST,TURBT,"[48767,10557]",Missing QC,True,17525.0,Epi,15.543566775244301
"BLASST|AR|[48787,15246]",BLASST,AR,BLASST,TURBT,"[48787,15246]",Missing QC,True,14700.0,Epi,38.794061205938796
"BLASST|AR|[48798,10678]",BLASST,AR,BLASST,TURBT,"[48798,10678]",Missing QC,True,17340.0,Epi,22.062248570823627
"BLASST|AR|[48840,5942]",BLASST,AR,BLASST,TURBT,"[48840,5942]",Missing QC,True,9890.0,Epi,5.3711790393013095
"BLASST|AR|[48896,11521]",BLASST,AR,BLASST,TURBT,"[48896,11521]",Missing QC,True,13270.0,Epi,49.521126760563384
"BLASST|AR|[49021,12746]",BLASST,AR,BLASST,TURBT,"[49021,12746]",Missing QC,True,15380.0,Epi,39.01194243135654
"BLASST|AR|[49078,12428]",BLASST,AR,BLASST,TURBT,"[49078,12428]",Missing QC,True,5275.0,Epi,5.52364118426867
"BLASST|AR|[49101,14160]",BLASST,AR,BLASST,TURBT,"[49101,14160]",Missing QC,True,15875.0,Epi,0.17797319932998326
"BLASST|AR|[49123,7137]",BLASST,AR,BLASST,TURBT,"[49123,7137]",Missing QC,True,9280.0,Epi,7.676319800471109
"BLASST|AR|[49192,19360]",BLASST,AR,BLASST,TURBT,"[49192,19360]",Missing QC,True,16110.0,Epi,52.94529452945295
"BLASST|AR|[49231,5127]",BLASST,AR,BLASST,TURBT,"[49231,5127]",Missing QC,True,14920.0,Epi,33.67987647967061
"BLASST|AR|[49304,11289]",BLASST,AR,BLASST,TURBT,"[49304,11289]",Missing QC,True,15195.0,Epi,47.28472847284728
"BLASST|AR|[49321,19478]",BLASST,AR,BLASST,TURBT,"[49321,19478]",Missing QC,True,13690.0,Epi,21.937550040032026
"BLASST|AR|[49331,20248]",BLASST,AR,BLASST,TURBT,"[49331,20248]",Missing QC,True,10530.0,Epi,67.5112843660238
"BLASST|AR|[49356,20395]",BLASST,AR,BLASST,TURBT,"[49356,20395]",Missing QC,True,10430.0,Epi,12.036345531491163
"BLASST|AR|[49402,16235]",BLASST,AR,BLASST,TURBT,"[49402,16235]",Missing QC,True,17730.0,Epi,44.4790202770528
"BLASST|AR|[49420,14224]",BLASST,AR,BLASST,TURBT,"[49420,14224]",Missing QC,True,13940.0,Epi,18.934789327289586
"BLASST|AR|[49565,11171]",BLASST,AR,BLASST,TURBT,"[49565,11171]",Missing QC,True,15335.0,Epi,17.925802764210744
"BLASST|AR|[49675,16715]",BLASST,AR,BLASST,TURBT,"[49675,16715]",Missing QC,True,9505.0,Epi,21.759018609003014
"BLASST|AR|[49710,12970]",BLASST,AR,BLASST,TURBT,"[49710,12970]",Missing QC,True,14850.0,Epi,1.9410267288926601
"BLASST|AR|[49727,17151]",BLASST,AR,BLASST,TURBT,"[49727,17151]",Missing QC,True,9965.0,Epi,20.55930797487854
"BLASST|AR|[49889,17969]",BLASST,AR,BLASST,TURBT,"[49889,17969]",Missing QC,True,12245.0,Epi,40.04569529546163
"BLASST|AR|[49898,16080]",BLASST,AR,BLASST,TURBT,"[49898,16080]",Missing QC,True,16870.0,Epi,49.17239896818573
"BLASST|AR|[49939,13100]",BLASST,AR,BLASST,TURBT,"[49939,13100]",Missing QC,True,12020.0,Epi,0.30040439052570767
"BLASST|AR|[49969,16540]",BLASST,AR,BLASST,TURBT,"[49969,16540]",Missing QC,True,10635.0,Epi,0.6971022416621103
"BLASST|AR|[50000,10405]",BLASST,AR,BLASST,TURBT,"[50000,10405]",Missing QC,True,18085.0,Epi,37.95022258195063
"BLASST|AR|[50006,14062]",BLASST,AR,BLASST,TURBT,"[50006,14062]",Missing QC,True,11555.0,Epi,1.8309222423146474
"BLASST|AR|[50072,9270]",BLASST,AR,BLASST,TURBT,"[50072,9270]",Missing QC,True,12750.0,Epi,60.95553548128074
"BLASST|AR|[50115,7766]",BLASST,AR,BLASST,TURBT,"[50115,7766]",Missing QC,True,13385.0,Epi,27.658448841392445
"BLASST|AR|[50131,10735]",BLASST,AR,BLASST,TURBT,"[50131,10735]",Missing QC,True,13715.0,Epi,63.62865621025858
"BLASST|AR|[50169,17390]",BLASST,AR,BLASST,TURBT,"[50169,17390]",Missing QC,True,12090.0,Epi,61.90327287888264
"BLASST|AR|[50197,14919]",BLASST,AR,BLASST,TURBT,"[50197,14919]",Missing QC,True,11920.0,Epi,0.7384882710686359
"BLASST|AR|[50198,7763]",BLASST,AR,BLASST,TURBT,"[50198,7763]",Missing QC,True,14760.0,Epi,25.354394491697047
"BLASST|AR|[50234,11000]",BLASST,AR,BLASST,TURBT,"[50234,11000]",Missing QC,True,10075.0,Epi,59.84168241965973
"BLASST|AR|[50253,18625]",BLASST,AR,BLASST,TURBT,"[50253,18625]",Missing QC,True,10310.0,Epi,0.5839416058394161
"BLASST|AR|[50258,13762]",BLASST,AR,BLASST,TURBT,"[50258,13762]",Missing QC,True,14035.0,Epi,42.287153652392945
"BLASST|AR|[50296,4180]",BLASST,AR,BLASST,TURBT,"[50296,4180]",Missing QC,True,17520.0,Epi,2.8215684305653177
"BLASST|AR|[50465,9925]",BLASST,AR,BLASST,TURBT,"[50465,9925]",Missing QC,True,13670.0,Epi,47.994283964478925
"BLASST|AR|[50511,5164]",BLASST,AR,BLASST,TURBT,"[50511,5164]",Missing QC,True,14120.0,Epi,22.122173334697635
"BLASST|AR|[50535,12403]",BLASST,AR,BLASST,TURBT,"[50535,12403]",Missing QC,True,17430.0,Epi,21.917259340879497
"BLASST|AR|[50550,18438]",BLASST,AR,BLASST,TURBT,"[50550,18438]",Missing QC,True,12655.0,Epi,40.420584369628955
"BLASST|AR|[50587,19576]",BLASST,AR,BLASST,TURBT,"[50587,19576]",Missing QC,True,14580.0,Epi,45.579468525815905
"BLASST|AR|[50595,15429]",BLASST,AR,BLASST,TURBT,"[50595,15429]",Missing QC,True,16100.0,Epi,36.72947939955286
"BLASST|AR|[50597,11518]",BLASST,AR,BLASST,TURBT,"[50597,11518]",Missing QC,True,15740.0,Epi,20.738884045335656
"BLASST|AR|[50870,10062]",BLASST,AR,BLASST,TURBT,"[50870,10062]",Missing QC,True,13070.0,Epi,60.56687700424124
"BLASST|AR|[51016,15116]",BLASST,AR,BLASST,TURBT,"[51016,15116]",Missing QC,True,13635.0,Epi,52.041021516187406
"BLASST|AR|[51113,12876]",BLASST,AR,BLASST,TURBT,"[51113,12876]",Missing QC,True,15950.0,Epi,1.645319171092367
"BLASST|AR|[51118,20028]",BLASST,AR,BLASST,TURBT,"[51118,20028]",Missing QC,True,11930.0,Epi,2.45392082015487
"BLASST|AR|[51134,9925]",BLASST,AR,BLASST,TURBT,"[51134,9925]",Missing QC,True,13330.0,Epi,31.93206835098018
"BLASST|AR|[51152,14185]",BLASST,AR,BLASST,TURBT,"[51152,14185]",Missing QC,True,10000.0,Epi,24.53606073386757
"BLASST|AR|[51206,2703]",BLASST,AR,BLASST,TURBT,"[51206,2703]",Missing QC,True,14385.0,Epi,1.3570566948130278
"BLASST|AR|[51576,13810]",BLASST,AR,BLASST,TURBT,"[51576,13810]",Missing QC,True,15180.0,Epi,28.750676041103297
"BLASST|AR|[51675,16521]",BLASST,AR,BLASST,TURBT,"[51675,16521]",Missing QC,True,12590.0,Epi,51.99186991869919
"BLASST|AR|[51752,11289]",BLASST,AR,BLASST,TURBT,"[51752,11289]",Missing QC,True,16095.0,Epi,54.30361657689348
"BLASST|AR|[51764,16549]",BLASST,AR,BLASST,TURBT,"[51764,16549]",Missing QC,True,11430.0,Epi,5.438637975880822
"BLASST|AR|[51782,12584]",BLASST,AR,BLASST,TURBT,"[51782,12584]",Missing QC,True,14805.0,Epi,2.5538201772899956
"BLASST|AR|[51826,13932]",BLASST,AR,BLASST,TURBT,"[51826,13932]",Missing QC,True,12305.0,Epi,6.853884226382613
"BLASST|AR|[51916,7233]",BLASST,AR,BLASST,TURBT,"[51916,7233]",Missing QC,True,17305.0,Epi,35.770392749244714
"BLASST|AR|[52211,13959]",BLASST,AR,BLASST,TURBT,"[52211,13959]",Missing QC,True,13585.0,Epi,32.406105643703555
"BLASST|AR|[52238,14519]",BLASST,AR,BLASST,TURBT,"[52238,14519]",Missing QC,True,13920.0,Epi,19.812651087832396
"BLASST|AR|[52258,17783]",BLASST,AR,BLASST,TURBT,"[52258,17783]",Missing QC,True,10780.0,Epi,84.47136563876651
"BLASST|AR|[52352,15495]",BLASST,AR,BLASST,TURBT,"[52352,15495]",Missing QC,True,9370.0,Epi,55.36652489367025
"BLASST|AR|[52357,17250]",BLASST,AR,BLASST,TURBT,"[52357,17250]",Missing QC,True,13060.0,Epi,6.581240389543824
"BLASST|AR|[52406,8915]",BLASST,AR,BLASST,TURBT,"[52406,8915]",Missing QC,True,14850.0,Epi,13.92221762515515
"BLASST|AR|[52471,10856]",BLASST,AR,BLASST,TURBT,"[52471,10856]",Missing QC,True,13895.0,Epi,77.14
"BLASST|AR|[52483,15986]",BLASST,AR,BLASST,TURBT,"[52483,15986]",Missing QC,True,14230.0,Epi,3.2629366429786804
"BLASST|AR|[52540,16958]",BLASST,AR,BLASST,TURBT,"[52540,16958]",Missing QC,True,17120.0,Epi,21.097426654651045
"BLASST|AR|[52557,14123]",BLASST,AR,BLASST,TURBT,"[52557,14123]",Missing QC,True,11090.0,Epi,46.609534011783616
"BLASST|AR|[52924,21074]",BLASST,AR,BLASST,TURBT,"[52924,21074]",Missing QC,True,17995.0,Epi,1.4321482223335
"BLASST|AR|[53095,13753]",BLASST,AR,BLASST,TURBT,"[53095,13753]",Missing QC,True,19275.0,Epi,26.42849893433472
"BLASST|AR|[53171,12157]",BLASST,AR,BLASST,TURBT,"[53171,12157]",Missing QC,True,9020.0,Epi,88.74083944037308
"BLASST|AR|[53202,13513]",BLASST,AR,BLASST,TURBT,"[53202,13513]",Missing QC,True,20125.0,Epi,13.842457166736315
"BLASST|AR|[53208,13456]",BLASST,AR,BLASST,TURBT,"[53208,13456]",Missing QC,True,10135.0,Epi,25.78125
"BLASST|AR|[53217,11865]",BLASST,AR,BLASST,TURBT,"[53217,11865]",Missing QC,True,19840.0,Epi,13.26219512195122
"BLASST|AR|[53350,13221]",BLASST,AR,BLASST,TURBT,"[53350,13221]",Missing QC,True,9575.0,Epi,66.2529678394129
"BLASST|AR|[53375,15047]",BLASST,AR,BLASST,TURBT,"[53375,15047]",Missing QC,True,13660.0,Epi,31.584309730005092
"BLASST|AR|[53435,16085]",BLASST,AR,BLASST,TURBT,"[53435,16085]",Missing QC,True,9970.0,Epi,43.7808937758499
"BLASST|AR|[53502,14601]",BLASST,AR,BLASST,TURBT,"[53502,14601]",Missing QC,True,11780.0,Epi,62.933039539723346
"BLASST|AR|[53569,14256]",BLASST,AR,BLASST,TURBT,"[53569,14256]",Missing QC,True,9750.0,Epi,61.01126028583803
"BLASST|AR|[53606,12834]",BLASST,AR,BLASST,TURBT,"[53606,12834]",Missing QC,True,15890.0,Epi,14.54729387961558
"BLASST|AR|[53796,8615]",BLASST,AR,BLASST,TURBT,"[53796,8615]",Missing QC,True,13585.0,Epi,34.33502538071066
"BLASST|AR|[53868,11258]",BLASST,AR,BLASST,TURBT,"[53868,11258]",Missing QC,True,12675.0,Epi,65.6816792337477
"BLASST|AR|[53868,11758]",BLASST,AR,BLASST,TURBT,"[53868,11758]",Missing QC,True,9705.0,Epi,50.607424071991
"BLASST|AR|[53965,17371]",BLASST,AR,BLASST,TURBT,"[53965,17371]",Missing QC,True,14455.0,Epi,46.95146409947854
"BLASST|AR|[53992,13799]",BLASST,AR,BLASST,TURBT,"[53992,13799]",Missing QC,True,14445.0,Epi,34.28513568246253
"BLASST|AR|[54255,11359]",BLASST,AR,BLASST,TURBT,"[54255,11359]",Missing QC,True,12600.0,Epi,1.2950647532376622
"BLASST|AR|[54285,15349]",BLASST,AR,BLASST,TURBT,"[54285,15349]",Missing QC,True,11920.0,Epi,34.3363188084935
"BLASST|AR|[54302,15099]",BLASST,AR,BLASST,TURBT,"[54302,15099]",Missing QC,True,12450.0,Epi,33.845690174804105
"BLASST|AR|[54314,11186]",BLASST,AR,BLASST,TURBT,"[54314,11186]",Missing QC,True,10720.0,Epi,34.93975903614458
"BLASST|AR|[54476,13040]",BLASST,AR,BLASST,TURBT,"[54476,13040]",Missing QC,True,14460.0,Epi,0.5073431241655542
"BLASST|AR|[54642,19604]",BLASST,AR,BLASST,TURBT,"[54642,19604]",Missing QC,True,14465.0,Epi,1.526177481301799
"BLASST|AR|[54694,12120]",BLASST,AR,BLASST,TURBT,"[54694,12120]",Missing QC,True,15480.0,Epi,1.9415426822834227
"BLASST|AR|[54694,6713]",BLASST,AR,BLASST,TURBT,"[54694,6713]",Missing QC,True,11950.0,Epi,12.820821785757321
"BLASST|AR|[54712,15215]",BLASST,AR,BLASST,TURBT,"[54712,15215]",Missing QC,True,14735.0,Epi,39.072198627899375
"BLASST|AR|[54713,11620]",BLASST,AR,BLASST,TURBT,"[54713,11620]",Missing QC,True,7980.0,Epi,9.488836662749707
"BLASST|AR|[54829,16596]",BLASST,AR,BLASST,TURBT,"[54829,16596]",Missing QC,True,15870.0,Epi,26.174358974358974
"BLASST|AR|[54829,17096]",BLASST,AR,BLASST,TURBT,"[54829,17096]",Missing QC,True,14420.0,Epi,10.886208704771894
"BLASST|AR|[54953,15561]",BLASST,AR,BLASST,TURBT,"[54953,15561]",Missing QC,True,17805.0,Epi,38.7294259333601
"BLASST|AR|[55001,9811]",BLASST,AR,BLASST,TURBT,"[55001,9811]",Missing QC,True,13880.0,Epi,2.3560209424083767
"BLASST|AR|[55397,16635]",BLASST,AR,BLASST,TURBT,"[55397,16635]",Missing QC,True,9290.0,Epi,72.96332759045042
"BLASST|AR|[55418,14364]",BLASST,AR,BLASST,TURBT,"[55418,14364]",Missing QC,True,16220.0,Epi,45.222737351340456
"BLASST|AR|[55603,18596]",BLASST,AR,BLASST,TURBT,"[55603,18596]",Missing QC,True,11625.0,Epi,80.50245220698629
"BLASST|AR|[55663,21393]",BLASST,AR,BLASST,TURBT,"[55663,21393]",Missing QC,True,20695.0,Epi,0.22002200220022003
"BLASST|AR|[55777,21103]",BLASST,AR,BLASST,TURBT,"[55777,21103]",Missing QC,True,13250.0,Epi,33.427419354838705
"BLASST|AR|[55962,13704]",BLASST,AR,BLASST,TURBT,"[55962,13704]",Missing QC,True,16905.0,Epi,0.34040849018822583
"BLASST|AR|[55986,15315]",BLASST,AR,BLASST,TURBT,"[55986,15315]",Missing QC,True,15670.0,Epi,11.993704092339977
"BLASST|AR|[56007,16280]",BLASST,AR,BLASST,TURBT,"[56007,16280]",Missing QC,True,9845.0,Epi,26.02068590092542
"BLASST|AR|[56151,12827]",BLASST,AR,BLASST,TURBT,"[56151,12827]",Missing QC,True,12520.0,Epi,88.05
"BLASST|AR|[56289,15780]",BLASST,AR,BLASST,TURBT,"[56289,15780]",Missing QC,True,11820.0,Epi,34.83826723054064
"BLASST|AR|[56394,15686]",BLASST,AR,BLASST,TURBT,"[56394,15686]",Missing QC,True,14685.0,Epi,0.34107162504125865
"BLASST|AR|[56394,16883]",BLASST,AR,BLASST,TURBT,"[56394,16883]",Missing QC,True,18475.0,Epi,1.3904624575136473
"BLASST|AR|[56759,11669]",BLASST,AR,BLASST,TURBT,"[56759,11669]",Missing QC,True,16545.0,Epi,7.525134558748857
"BLASST|AR|[57085,14640]",BLASST,AR,BLASST,TURBT,"[57085,14640]",Missing QC,True,14375.0,Epi,28.28354430379747
"BLASST|AR|[57402,10824]",BLASST,AR,BLASST,TURBT,"[57402,10824]",Missing QC,True,12965.0,Epi,22.030128399555153
"BLASST|AR|[57427,19978]",BLASST,AR,BLASST,TURBT,"[57427,19978]",Missing QC,True,10625.0,Epi,4.0198237885462555
"BLASST|AR|[57635,11179]",BLASST,AR,BLASST,TURBT,"[57635,11179]",Missing QC,True,15170.0,Epi,52.52
"BLASST|AR|[57659,10500]",BLASST,AR,BLASST,TURBT,"[57659,10500]",Missing QC,True,17545.0,Epi,12.476219084810253
"BLASST|AR|[57714,10978]",BLASST,AR,BLASST,TURBT,"[57714,10978]",Missing QC,True,12440.0,Epi,54.393348388421266
"BLASST|AR|[58027,11853]",BLASST,AR,BLASST,TURBT,"[58027,11853]",Missing QC,True,12710.0,Epi,26.70322716726429
"BLASST|AR|[58408,10690]",BLASST,AR,BLASST,TURBT,"[58408,10690]",Missing QC,True,15090.0,Epi,2.763018065887354
"BLASST|AR|[58460,11528]",BLASST,AR,BLASST,TURBT,"[58460,11528]",Missing QC,True,11685.0,Epi,46.49214659685864
"BLASST|AR|[58473,14829]",BLASST,AR,BLASST,TURBT,"[58473,14829]",Missing QC,True,11265.0,Epi,22.919605077574047
"BLASST|AR|[58584,13064]",BLASST,AR,BLASST,TURBT,"[58584,13064]",Missing QC,True,18415.0,Epi,81.71268507402961
"BLASST|AR|[58604,16958]",BLASST,AR,BLASST,TURBT,"[58604,16958]",Missing QC,True,10195.0,Epi,70.35965274906987
"BLASST|AR|[58777,8817]",BLASST,AR,BLASST,TURBT,"[58777,8817]",Missing QC,True,10160.0,Epi,21.290392305198313
"BLASST|AR|[58929,16876]",BLASST,AR,BLASST,TURBT,"[58929,16876]",Missing QC,True,8685.0,Epi,28.571428571428573
"BLASST|AR|[59456,15966]",BLASST,AR,BLASST,TURBT,"[59456,15966]",Missing QC,True,13375.0,Epi,5.998552073637398
"BLASST|AR|[59541,12376]",BLASST,AR,BLASST,TURBT,"[59541,12376]",Missing QC,True,16900.0,Epi,0.882711038961039
"BLASST|AR|[59615,14955]",BLASST,AR,BLASST,TURBT,"[59615,14955]",Missing QC,True,11270.0,Epi,44.878424469138515
"BLASST|AR|[59843,12799]",BLASST,AR,BLASST,TURBT,"[59843,12799]",Missing QC,True,12905.0,Epi,86.39
"BLASST|AR|[59921,9783]",BLASST,AR,BLASST,TURBT,"[59921,9783]",Missing QC,True,15650.0,Epi,26.490929137015133
"BLASST|AR|[59997,15084]",BLASST,AR,BLASST,TURBT,"[59997,15084]",Missing QC,True,15590.0,Epi,43.30866173234647
"BLASST|AR|[60195,8544]",BLASST,AR,BLASST,TURBT,"[60195,8544]",Missing QC,True,20990.0,Epi,24.452075547924455
"BLASST|AR|[60226,8475]",BLASST,AR,BLASST,TURBT,"[60226,8475]",Missing QC,True,15520.0,Epi,19.857790601813686
"BLASST|AR|[60572,17470]",BLASST,AR,BLASST,TURBT,"[60572,17470]",Missing QC,True,13900.0,Epi,0.4010840108401084
"BLASST|AR|[60646,9050]",BLASST,AR,BLASST,TURBT,"[60646,9050]",Missing QC,True,12775.0,Epi,29.229823842687427
"BLASST|AR|[60735,12978]",BLASST,AR,BLASST,TURBT,"[60735,12978]",Missing QC,True,14810.0,Epi,20.99099099099099
"BLASST|AR|[61795,9226]",BLASST,AR,BLASST,TURBT,"[61795,9226]",Missing QC,True,16330.0,Epi,10.138718890248878
"BLASST|AR|[61864,9055]",BLASST,AR,BLASST,TURBT,"[61864,9055]",Missing QC,True,14035.0,Epi,10.652847526445134
"BLASST|AR|[63721,10438]",BLASST,AR,BLASST,TURBT,"[63721,10438]",Missing QC,True,14320.0,Epi,77.43
"BLASST|AR|[30341,13258]",BLASST,AR,BLASST,TURBT,"[30341,13258]",Missing QC,True,17375.0,Stroma,92.75494672754947
"BLASST|AR|[31598,7095]",BLASST,AR,BLASST,TURBT,"[31598,7095]",Missing QC,True,15995.0,Stroma,64.60863353403408
"BLASST|AR|[31833,9335]",BLASST,AR,BLASST,TURBT,"[31833,9335]",Missing QC,True,11335.0,Stroma,90.70396173442862
"BLASST|AR|[31836,6595]",BLASST,AR,BLASST,TURBT,"[31836,6595]",Missing QC,True,16005.0,Stroma,72.94225109103826
"BLASST|AR|[31843,12447]",BLASST,AR,BLASST,TURBT,"[31843,12447]",Missing QC,True,11175.0,Stroma,92.32468249585864
"BLASST|AR|[32148,9283]",BLASST,AR,BLASST,TURBT,"[32148,9283]",Missing QC,True,13135.0,Stroma,62.994206728326056
"BLASST|AR|[32577,16395]",BLASST,AR,BLASST,TURBT,"[32577,16395]",Missing QC,True,14900.0,Stroma,80.92039302185682
"BLASST|AR|[32626,6725]",BLASST,AR,BLASST,TURBT,"[32626,6725]",Missing QC,True,17970.0,Stroma,78.19267354786481
"BLASST|AR|[32921,5927]",BLASST,AR,BLASST,TURBT,"[32921,5927]",Missing QC,True,17240.0,Stroma,91.72840759159646
"BLASST|AR|[33137,7756]",BLASST,AR,BLASST,TURBT,"[33137,7756]",Missing QC,True,13145.0,Stroma,91.26355296080067
"BLASST|AR|[33387,6427]",BLASST,AR,BLASST,TURBT,"[33387,6427]",Missing QC,True,17930.0,Stroma,94.31131695529601
"BLASST|AR|[33585,14772]",BLASST,AR,BLASST,TURBT,"[33585,14772]",Missing QC,True,8565.0,Stroma,97.63856091123768
"BLASST|AR|[33689,6927]",BLASST,AR,BLASST,TURBT,"[33689,6927]",Missing QC,True,17190.0,Stroma,95.89398654753539
"BLASST|AR|[34430,16948]",BLASST,AR,BLASST,TURBT,"[34430,16948]",Missing QC,True,14540.0,Stroma,87.10302508343202
"BLASST|AR|[34455,14004]",BLASST,AR,BLASST,TURBT,"[34455,14004]",Missing QC,True,12605.0,Stroma,83.5841170323929
"BLASST|AR|[34497,8368]",BLASST,AR,BLASST,TURBT,"[34497,8368]",Missing QC,True,12490.0,Stroma,93.1233542637229
"BLASST|AR|[34509,17151]",BLASST,AR,BLASST,TURBT,"[34509,17151]",Missing QC,True,5935.0,Stroma,99.42196531791907
"BLASST|AR|[34621,20905]",BLASST,AR,BLASST,TURBT,"[34621,20905]",Missing QC,True,14450.0,Stroma,1.6153925300956888
"BLASST|AR|[34688,11367]",BLASST,AR,BLASST,TURBT,"[34688,11367]",Missing QC,True,16530.0,Stroma,84.55882352941177
"BLASST|AR|[34705,7952]",BLASST,AR,BLASST,TURBT,"[34705,7952]",Missing QC,True,9610.0,Stroma,87.34685255597803
"BLASST|AR|[34861,13932]",BLASST,AR,BLASST,TURBT,"[34861,13932]",Missing QC,True,11885.0,Stroma,83.25397629419511
"BLASST|AR|[35010,13121]",BLASST,AR,BLASST,TURBT,"[35010,13121]",Missing QC,True,8475.0,Stroma,99.93485342019544
"BLASST|AR|[35468,9166]",BLASST,AR,BLASST,TURBT,"[35468,9166]",Missing QC,True,10160.0,Stroma,97.32161323681488
"BLASST|AR|[35699,16417]",BLASST,AR,BLASST,TURBT,"[35699,16417]",Missing QC,True,10225.0,Stroma,16.11629576453697
"BLASST|AR|[35744,13421]",BLASST,AR,BLASST,TURBT,"[35744,13421]",Missing QC,True,18660.0,Stroma,90.19
"BLASST|AR|[35758,12546]",BLASST,AR,BLASST,TURBT,"[35758,12546]",Missing QC,True,12390.0,Stroma,17.256902761104442
"BLASST|AR|[35823,18050]",BLASST,AR,BLASST,TURBT,"[35823,18050]",Missing QC,True,16200.0,Stroma,51.512076314187134
"BLASST|AR|[35907,16380]",BLASST,AR,BLASST,TURBT,"[35907,16380]",Missing QC,True,16795.0,Stroma,82.15594462540716
"BLASST|AR|[35962,11716]",BLASST,AR,BLASST,TURBT,"[35962,11716]",Missing QC,True,14195.0,Stroma,86.91703235023981
"BLASST|AR|[36063,8249]",BLASST,AR,BLASST,TURBT,"[36063,8249]",Missing QC,True,13255.0,Stroma,55.81
"BLASST|AR|[36188,21152]",BLASST,AR,BLASST,TURBT,"[36188,21152]",Missing QC,True,16995.0,Stroma,76.4935613257336
"BLASST|AR|[36336,12656]",BLASST,AR,BLASST,TURBT,"[36336,12656]",Missing QC,True,18290.0,Stroma,79.33660687443631
"BLASST|AR|[36693,14160]",BLASST,AR,BLASST,TURBT,"[36693,14160]",Missing QC,True,9060.0,Stroma,99.5731470702367
"BLASST|AR|[36985,11818]",BLASST,AR,BLASST,TURBT,"[36985,11818]",Missing QC,True,19150.0,Stroma,72.3
"BLASST|AR|[37025,16970]",BLASST,AR,BLASST,TURBT,"[37025,16970]",Missing QC,True,14505.0,Stroma,76.5654935968539
"BLASST|AR|[37151,17820]",BLASST,AR,BLASST,TURBT,"[37151,17820]",Missing QC,True,13150.0,Stroma,55.376399301632944
"BLASST|AR|[37429,4845]",BLASST,AR,BLASST,TURBT,"[37429,4845]",Missing QC,True,10475.0,Stroma,82.86924298570673
"BLASST|AR|[37508,11388]",BLASST,AR,BLASST,TURBT,"[37508,11388]",Missing QC,True,16425.0,Stroma,68.44484629294756
"BLASST|AR|[37709,6279]",BLASST,AR,BLASST,TURBT,"[37709,6279]",Missing QC,True,10990.0,Stroma,70.7496881025292
"BLASST|AR|[37880,15930]",BLASST,AR,BLASST,TURBT,"[37880,15930]",Missing QC,True,11070.0,Stroma,90.85764040052241
"BLASST|AR|[37897,8958]",BLASST,AR,BLASST,TURBT,"[37897,8958]",Missing QC,True,12105.0,Stroma,60.973406924234816
"BLASST|AR|[38022,22745]",BLASST,AR,BLASST,TURBT,"[38022,22745]",Missing QC,True,7935.0,Stroma,24.798807749627425
"BLASST|AR|[38137,12239]",BLASST,AR,BLASST,TURBT,"[38137,12239]",Missing QC,True,12500.0,Stroma,19.339669834917455
"BLASST|AR|[38338,15037]",BLASST,AR,BLASST,TURBT,"[38338,15037]",Missing QC,True,12385.0,Stroma,57.83350050150452
"BLASST|AR|[38660,19135]",BLASST,AR,BLASST,TURBT,"[38660,19135]",Missing QC,True,14155.0,Stroma,75.63160543532965
"BLASST|AR|[38727,14234]",BLASST,AR,BLASST,TURBT,"[38727,14234]",Missing QC,True,14685.0,Stroma,73.95998729755478
"BLASST|AR|[38891,9925]",BLASST,AR,BLASST,TURBT,"[38891,9925]",Missing QC,True,11130.0,Stroma,35.60172638763425
"BLASST|AR|[38975,12721]",BLASST,AR,BLASST,TURBT,"[38975,12721]",Missing QC,True,10640.0,Stroma,55.8043545557734
"BLASST|AR|[39000,13595]",BLASST,AR,BLASST,TURBT,"[39000,13595]",Missing QC,True,10350.0,Stroma,91.95616693868034
"BLASST|AR|[39020,15595]",BLASST,AR,BLASST,TURBT,"[39020,15595]",Missing QC,True,18680.0,Stroma,67.58873182141767
"BLASST|AR|[39067,13453]",BLASST,AR,BLASST,TURBT,"[39067,13453]",Missing QC,True,11950.0,Stroma,71.8198604842019
"BLASST|AR|[39079,14789]",BLASST,AR,BLASST,TURBT,"[39079,14789]",Missing QC,True,15625.0,Stroma,70.21919879062736
"BLASST|AR|[39181,8306]",BLASST,AR,BLASST,TURBT,"[39181,8306]",Missing QC,True,18270.0,Stroma,60.67985794013192
"BLASST|AR|[39183,15927]",BLASST,AR,BLASST,TURBT,"[39183,15927]",Missing QC,True,14585.0,Stroma,25.73257325732573
"BLASST|AR|[39292,8824]",BLASST,AR,BLASST,TURBT,"[39292,8824]",Missing QC,True,11830.0,Stroma,91.92085737840065
"BLASST|AR|[39389,13777]",BLASST,AR,BLASST,TURBT,"[39389,13777]",Missing QC,True,8830.0,Stroma,70.74965829040059
"BLASST|AR|[39510,14945]",BLASST,AR,BLASST,TURBT,"[39510,14945]",Missing QC,True,16185.0,Stroma,63.972309884963856
"BLASST|AR|[39748,18211]",BLASST,AR,BLASST,TURBT,"[39748,18211]",Missing QC,True,12640.0,Stroma,88.23344838406024
"BLASST|AR|[39904,10646]",BLASST,AR,BLASST,TURBT,"[39904,10646]",Missing QC,True,16835.0,Stroma,85.4375823952946
"BLASST|AR|[39989,4847]",BLASST,AR,BLASST,TURBT,"[39989,4847]",Missing QC,True,16800.0,Stroma,62.381190595297646
"BLASST|AR|[40124,13425]",BLASST,AR,BLASST,TURBT,"[40124,13425]",Missing QC,True,5855.0,Stroma,97.3151590251962
"BLASST|AR|[40264,19122]",BLASST,AR,BLASST,TURBT,"[40264,19122]",Missing QC,True,15705.0,Stroma,84.58438287153652
"BLASST|AR|[40447,20469]",BLASST,AR,BLASST,TURBT,"[40447,20469]",Missing QC,True,4735.0,Stroma,93.23354208034215
"BLASST|AR|[40504,13109]",BLASST,AR,BLASST,TURBT,"[40504,13109]",Missing QC,True,15575.0,Stroma,78.92728210417742
"BLASST|AR|[40578,20372]",BLASST,AR,BLASST,TURBT,"[40578,20372]",Missing QC,True,14655.0,Stroma,81.11718275652703
"BLASST|AR|[40593,18392]",BLASST,AR,BLASST,TURBT,"[40593,18392]",Missing QC,True,10605.0,Stroma,99.07250311050787
"BLASST|AR|[40729,19520]",BLASST,AR,BLASST,TURBT,"[40729,19520]",Missing QC,True,14130.0,Stroma,57.81059063136456
"BLASST|AR|[40739,8525]",BLASST,AR,BLASST,TURBT,"[40739,8525]",Missing QC,True,9330.0,Stroma,88.19544241428865
"BLASST|AR|[40786,10901]",BLASST,AR,BLASST,TURBT,"[40786,10901]",Missing QC,True,13430.0,Stroma,34.10230692076229
"BLASST|AR|[40789,3809]",BLASST,AR,BLASST,TURBT,"[40789,3809]",Missing QC,True,12080.0,Stroma,79.03898269751929
"BLASST|AR|[40791,15092]",BLASST,AR,BLASST,TURBT,"[40791,15092]",Missing QC,True,14000.0,Stroma,17.73177317731773
"BLASST|AR|[40878,15790]",BLASST,AR,BLASST,TURBT,"[40878,15790]",Missing QC,True,17900.0,Stroma,99.43656093489149
"BLASST|AR|[40948,15078]",BLASST,AR,BLASST,TURBT,"[40948,15078]",Missing QC,True,15655.0,Stroma,70.9413782665725
"BLASST|AR|[40950,16021]",BLASST,AR,BLASST,TURBT,"[40950,16021]",Missing QC,True,11050.0,Stroma,55.913978494623656
"BLASST|AR|[40972,11513]",BLASST,AR,BLASST,TURBT,"[40972,11513]",Missing QC,True,14925.0,Stroma,95.39800995024875
"BLASST|AR|[41089,11902]",BLASST,AR,BLASST,TURBT,"[41089,11902]",Missing QC,True,17115.0,Stroma,91.98184568835097
"BLASST|AR|[41111,15166]",BLASST,AR,BLASST,TURBT,"[41111,15166]",Missing QC,True,15640.0,Stroma,87.16751269035532
"BLASST|AR|[41220,13064]",BLASST,AR,BLASST,TURBT,"[41220,13064]",Missing QC,True,12720.0,Stroma,94.42610927759442
"BLASST|AR|[41252,16764]",BLASST,AR,BLASST,TURBT,"[41252,16764]",Missing QC,True,9495.0,Stroma,67.17128027681662
"BLASST|AR|[41285,19625]",BLASST,AR,BLASST,TURBT,"[41285,19625]",Missing QC,True,14105.0,Stroma,68.7154765491614
"BLASST|AR|[41332,11658]",BLASST,AR,BLASST,TURBT,"[41332,11658]",Missing QC,True,16440.0,Stroma,62.38476953907816
"BLASST|AR|[41342,8107]",BLASST,AR,BLASST,TURBT,"[41342,8107]",Missing QC,True,17685.0,Stroma,64.59
"BLASST|AR|[41530,10809]",BLASST,AR,BLASST,TURBT,"[41530,10809]",Missing QC,True,15070.0,Stroma,77.77892348937927
"BLASST|AR|[41547,15290]",BLASST,AR,BLASST,TURBT,"[41547,15290]",Missing QC,True,14525.0,Stroma,98.97831526271894
"BLASST|AR|[41661,5470]",BLASST,AR,BLASST,TURBT,"[41661,5470]",Missing QC,True,13400.0,Stroma,88.10018593459478
"BLASST|AR|[41850,22211]",BLASST,AR,BLASST,TURBT,"[41850,22211]",Missing QC,True,15505.0,Stroma,69.87334137515079
"BLASST|AR|[41972,15500]",BLASST,AR,BLASST,TURBT,"[41972,15500]",Missing QC,True,14220.0,Stroma,53.07122744811763
"BLASST|AR|[42102,10648]",BLASST,AR,BLASST,TURBT,"[42102,10648]",Missing QC,True,18370.0,Stroma,90.34164913335337
"BLASST|AR|[42358,17435]",BLASST,AR,BLASST,TURBT,"[42358,17435]",Missing QC,True,14295.0,Stroma,63.88627573952128
"BLASST|AR|[42667,15885]",BLASST,AR,BLASST,TURBT,"[42667,15885]",Missing QC,True,13215.0,Stroma,94.68901453957996
"BLASST|AR|[42677,10811]",BLASST,AR,BLASST,TURBT,"[42677,10811]",Missing QC,True,10880.0,Stroma,99.98754049339645
"BLASST|AR|[42757,14631]",BLASST,AR,BLASST,TURBT,"[42757,14631]",Missing QC,True,15265.0,Stroma,90.40008144151483
"BLASST|AR|[42759,11548]",BLASST,AR,BLASST,TURBT,"[42759,11548]",Missing QC,True,8445.0,Stroma,97.60906040268456
"BLASST|AR|[42784,16876]",BLASST,AR,BLASST,TURBT,"[42784,16876]",Missing QC,True,11090.0,Stroma,84.56101601325234
"BLASST|AR|[42785,13782]",BLASST,AR,BLASST,TURBT,"[42785,13782]",Missing QC,True,10050.0,Stroma,97.92682926829268
"BLASST|AR|[42801,12353]",BLASST,AR,BLASST,TURBT,"[42801,12353]",Missing QC,True,9455.0,Stroma,43.2909361750888
"BLASST|AR|[42833,16141]",BLASST,AR,BLASST,TURBT,"[42833,16141]",Missing QC,True,15410.0,Stroma,97.53669817011863
"BLASST|AR|[42838,18804]",BLASST,AR,BLASST,TURBT,"[42838,18804]",Missing QC,True,11965.0,Stroma,99.79681679647815
"BLASST|AR|[42936,14496]",BLASST,AR,BLASST,TURBT,"[42936,14496]",Missing QC,True,11550.0,Stroma,99.21642202847367
"BLASST|AR|[42940,15510]",BLASST,AR,BLASST,TURBT,"[42940,15510]",Missing QC,True,10550.0,Stroma,99.15492957746478
"BLASST|AR|[43059,14885]",BLASST,AR,BLASST,TURBT,"[43059,14885]",Missing QC,True,12905.0,Stroma,98.1229907705071
"BLASST|AR|[43059,15385]",BLASST,AR,BLASST,TURBT,"[43059,15385]",Missing QC,True,15665.0,Stroma,92.62185736275012
"BLASST|AR|[43066,15825]",BLASST,AR,BLASST,TURBT,"[43066,15825]",Missing QC,True,12430.0,Stroma,59.09137842023748
"BLASST|AR|[43123,13183]",BLASST,AR,BLASST,TURBT,"[43123,13183]",Missing QC,True,9370.0,Stroma,85.83659491193738
"BLASST|AR|[43185,15198]",BLASST,AR,BLASST,TURBT,"[43185,15198]",Missing QC,True,9480.0,Stroma,61.04068574188095
"BLASST|AR|[43188,18308]",BLASST,AR,BLASST,TURBT,"[43188,18308]",Missing QC,True,16375.0,Stroma,79.4921279837481
"BLASST|AR|[43230,13600]",BLASST,AR,BLASST,TURBT,"[43230,13600]",Missing QC,True,14815.0,Stroma,74.28844519966016
"BLASST|AR|[43325,12794]",BLASST,AR,BLASST,TURBT,"[43325,12794]",Missing QC,True,14055.0,Stroma,43.52056168505516
"BLASST|AR|[43445,18883]",BLASST,AR,BLASST,TURBT,"[43445,18883]",Missing QC,True,16055.0,Stroma,98.37728194726166
"BLASST|AR|[43483,10651]",BLASST,AR,BLASST,TURBT,"[43483,10651]",Missing QC,True,9160.0,Stroma,93.86892177589853
"BLASST|AR|[43530,18311]",BLASST,AR,BLASST,TURBT,"[43530,18311]",Missing QC,True,9200.0,Stroma,99.66534457114527
"BLASST|AR|[43634,14465]",BLASST,AR,BLASST,TURBT,"[43634,14465]",Missing QC,True,18075.0,Stroma,88.17269686834904
"BLASST|AR|[43634,22134]",BLASST,AR,BLASST,TURBT,"[43634,22134]",Missing QC,True,9365.0,Stroma,83.75394321766562
"BLASST|AR|[43706,13520]",BLASST,AR,BLASST,TURBT,"[43706,13520]",Missing QC,True,16325.0,Stroma,76.43566383457878
"BLASST|AR|[43862,14266]",BLASST,AR,BLASST,TURBT,"[43862,14266]",Missing QC,True,17405.0,Stroma,57.73839492498238
"BLASST|AR|[43894,16443]",BLASST,AR,BLASST,TURBT,"[43894,16443]",Missing QC,True,14625.0,Stroma,86.68221929201745
"BLASST|AR|[43911,12685]",BLASST,AR,BLASST,TURBT,"[43911,12685]",Missing QC,True,12145.0,Stroma,91.11180904522614
"BLASST|AR|[44035,18261]",BLASST,AR,BLASST,TURBT,"[44035,18261]",Missing QC,True,18480.0,Stroma,93.68106380785487
"BLASST|AR|[44214,14653]",BLASST,AR,BLASST,TURBT,"[44214,14653]",Missing QC,True,14080.0,Stroma,56.90121108998098
"BLASST|AR|[44221,8815]",BLASST,AR,BLASST,TURBT,"[44221,8815]",Missing QC,True,16065.0,Stroma,64.70285302296838
"BLASST|AR|[44310,8038]",BLASST,AR,BLASST,TURBT,"[44310,8038]",Missing QC,True,14300.0,Stroma,80.61224489795919
"BLASST|AR|[44385,19413]",BLASST,AR,BLASST,TURBT,"[44385,19413]",Missing QC,True,9305.0,Stroma,56.58427876823339
"BLASST|AR|[44414,6934]",BLASST,AR,BLASST,TURBT,"[44414,6934]",Missing QC,True,9790.0,Stroma,67.37715952434372
"BLASST|AR|[44471,10770]",BLASST,AR,BLASST,TURBT,"[44471,10770]",Missing QC,True,14235.0,Stroma,87.68090363572186
"BLASST|AR|[44530,8719]",BLASST,AR,BLASST,TURBT,"[44530,8719]",Missing QC,True,13800.0,Stroma,84.05873099108548
"BLASST|AR|[44543,14413]",BLASST,AR,BLASST,TURBT,"[44543,14413]",Missing QC,True,16510.0,Stroma,93.28440735900271
"BLASST|AR|[44605,14715]",BLASST,AR,BLASST,TURBT,"[44605,14715]",Missing QC,True,13115.0,Stroma,94.85411140583554
"BLASST|AR|[44613,9315]",BLASST,AR,BLASST,TURBT,"[44613,9315]",Missing QC,True,14980.0,Stroma,45.47192594083317
"BLASST|AR|[44660,13917]",BLASST,AR,BLASST,TURBT,"[44660,13917]",Missing QC,True,8785.0,Stroma,79.24944812362031
"BLASST|AR|[44670,16213]",BLASST,AR,BLASST,TURBT,"[44670,16213]",Missing QC,True,14445.0,Stroma,87.24038886433938
"BLASST|AR|[44689,15327]",BLASST,AR,BLASST,TURBT,"[44689,15327]",Missing QC,True,10060.0,Stroma,77.46097137901127
"BLASST|AR|[44708,16095]",BLASST,AR,BLASST,TURBT,"[44708,16095]",Missing QC,True,11175.0,Stroma,47.236286919831215
"BLASST|AR|[44780,17332]",BLASST,AR,BLASST,TURBT,"[44780,17332]",Missing QC,True,9165.0,Stroma,68.83569341425039
"BLASST|AR|[44801,13927]",BLASST,AR,BLASST,TURBT,"[44801,13927]",Missing QC,True,10310.0,Stroma,99.92792273316996
"BLASST|AR|[44816,10057]",BLASST,AR,BLASST,TURBT,"[44816,10057]",Missing QC,True,17810.0,Stroma,94.61530704850257
"BLASST|AR|[44816,17327]",BLASST,AR,BLASST,TURBT,"[44816,17327]",Missing QC,True,16120.0,Stroma,84.47185653571057
"BLASST|AR|[44984,6644]",BLASST,AR,BLASST,TURBT,"[44984,6644]",Missing QC,True,13165.0,Stroma,99.88400295265211
"BLASST|AR|[45012,8386]",BLASST,AR,BLASST,TURBT,"[45012,8386]",Missing QC,True,16180.0,Stroma,57.71704180064309
"BLASST|AR|[45019,13042]",BLASST,AR,BLASST,TURBT,"[45019,13042]",Missing QC,True,16275.0,Stroma,94.50980392156863
"BLASST|AR|[45024,11585]",BLASST,AR,BLASST,TURBT,"[45024,11585]",Missing QC,True,16040.0,Stroma,87.55942146252656
"BLASST|AR|[45133,16142]",BLASST,AR,BLASST,TURBT,"[45133,16142]",Missing QC,True,5750.0,Stroma,99.78329393223011
"BLASST|AR|[45140,16028]",BLASST,AR,BLASST,TURBT,"[45140,16028]",Missing QC,True,16300.0,Stroma,85.54242521026296
"BLASST|AR|[45257,13731]",BLASST,AR,BLASST,TURBT,"[45257,13731]",Missing QC,True,15230.0,Stroma,99.12
"BLASST|AR|[45282,8969]",BLASST,AR,BLASST,TURBT,"[45282,8969]",Missing QC,True,17610.0,Stroma,51.67
"BLASST|AR|[45289,9024]",BLASST,AR,BLASST,TURBT,"[45289,9024]",Missing QC,True,14630.0,Stroma,62.42405519513953
"BLASST|AR|[45290,17894]",BLASST,AR,BLASST,TURBT,"[45290,17894]",Missing QC,True,10460.0,Stroma,88.08377467501204
"BLASST|AR|[45314,12177]",BLASST,AR,BLASST,TURBT,"[45314,12177]",Missing QC,True,13230.0,Stroma,88.28241828669087
"BLASST|AR|[45336,9469]",BLASST,AR,BLASST,TURBT,"[45336,9469]",Missing QC,True,17955.0,Stroma,53.955537752854
"BLASST|AR|[45406,18412]",BLASST,AR,BLASST,TURBT,"[45406,18412]",Missing QC,True,16585.0,Stroma,87.4767513949163
"BLASST|AR|[45408,13245]",BLASST,AR,BLASST,TURBT,"[45408,13245]",Missing QC,True,9285.0,Stroma,92.81373280733554
"BLASST|AR|[45497,15851]",BLASST,AR,BLASST,TURBT,"[45497,15851]",Missing QC,True,15085.0,Stroma,93.89207807118255
"BLASST|AR|[45542,9871]",BLASST,AR,BLASST,TURBT,"[45542,9871]",Missing QC,True,15985.0,Stroma,79.54804602467087
"BLASST|AR|[45563,16586]",BLASST,AR,BLASST,TURBT,"[45563,16586]",Missing QC,True,11475.0,Stroma,72.85743093365598
"BLASST|AR|[45621,15609]",BLASST,AR,BLASST,TURBT,"[45621,15609]",Missing QC,True,17535.0,Stroma,70.23115577889448
"BLASST|AR|[45663,21597]",BLASST,AR,BLASST,TURBT,"[45663,21597]",Missing QC,True,13570.0,Stroma,85.73410157917199
"BLASST|AR|[45703,19480]",BLASST,AR,BLASST,TURBT,"[45703,19480]",Missing QC,True,20550.0,Stroma,98.38283157038242
"BLASST|AR|[45727,15944]",BLASST,AR,BLASST,TURBT,"[45727,15944]",Missing QC,True,10650.0,Stroma,60.30787805614247
"BLASST|AR|[45741,17267]",BLASST,AR,BLASST,TURBT,"[45741,17267]",Missing QC,True,11890.0,Stroma,76.97180220678382
"BLASST|AR|[45800,10995]",BLASST,AR,BLASST,TURBT,"[45800,10995]",Missing QC,True,20435.0,Stroma,76.17038376532047
"BLASST|AR|[45839,15157]",BLASST,AR,BLASST,TURBT,"[45839,15157]",Missing QC,True,12010.0,Stroma,95.84786053882725
"BLASST|AR|[45852,11055]",BLASST,AR,BLASST,TURBT,"[45852,11055]",Missing QC,True,16280.0,Stroma,95.02870028700288
"BLASST|AR|[45904,19532]",BLASST,AR,BLASST,TURBT,"[45904,19532]",Missing QC,True,15545.0,Stroma,99.9004424778761
"BLASST|AR|[45924,18345]",BLASST,AR,BLASST,TURBT,"[45924,18345]",Missing QC,True,13355.0,Stroma,98.91968572675687
"BLASST|AR|[45938,11758]",BLASST,AR,BLASST,TURBT,"[45938,11758]",Missing QC,True,11505.0,Stroma,95.93474883480062
"BLASST|AR|[45946,15196]",BLASST,AR,BLASST,TURBT,"[45946,15196]",Missing QC,True,14245.0,Stroma,98.24737105658488
"BLASST|AR|[45990,10424]",BLASST,AR,BLASST,TURBT,"[45990,10424]",Missing QC,True,14015.0,Stroma,97.06864963896973
"BLASST|AR|[46005,12205]",BLASST,AR,BLASST,TURBT,"[46005,12205]",Missing QC,True,10305.0,Stroma,79.69537702456292
"BLASST|AR|[46057,13057]",BLASST,AR,BLASST,TURBT,"[46057,13057]",Missing QC,True,15775.0,Stroma,99.39668174962294
"BLASST|AR|[46209,10483]",BLASST,AR,BLASST,TURBT,"[46209,10483]",Missing QC,True,12105.0,Stroma,40.815494393476044
"BLASST|AR|[46226,10314]",BLASST,AR,BLASST,TURBT,"[46226,10314]",Missing QC,True,12505.0,Stroma,99.66366366366367
"BLASST|AR|[46241,14304]",BLASST,AR,BLASST,TURBT,"[46241,14304]",Missing QC,True,15315.0,Stroma,98.63877489740767
"BLASST|AR|[46263,14496]",BLASST,AR,BLASST,TURBT,"[46263,14496]",Missing QC,True,8570.0,Stroma,98.49857623608594
"BLASST|AR|[46510,16725]",BLASST,AR,BLASST,TURBT,"[46510,16725]",Missing QC,True,11070.0,Stroma,80.31739488870569
"BLASST|AR|[46548,14043]",BLASST,AR,BLASST,TURBT,"[46548,14043]",Missing QC,True,16685.0,Stroma,53.68171021377672
"BLASST|AR|[46573,19032]",BLASST,AR,BLASST,TURBT,"[46573,19032]",Missing QC,True,16095.0,Stroma,99.86384583158778
"BLASST|AR|[46583,17775]",BLASST,AR,BLASST,TURBT,"[46583,17775]",Missing QC,True,14595.0,Stroma,39.51993572361153
"BLASST|AR|[46589,16098]",BLASST,AR,BLASST,TURBT,"[46589,16098]",Missing QC,True,11890.0,Stroma,62.76348966212809
"BLASST|AR|[46652,17225]",BLASST,AR,BLASST,TURBT,"[46652,17225]",Missing QC,True,14205.0,Stroma,91.08658743633276
"BLASST|AR|[46660,13726]",BLASST,AR,BLASST,TURBT,"[46660,13726]",Missing QC,True,14975.0,Stroma,99.45283210051676
"BLASST|AR|[46684,16752]",BLASST,AR,BLASST,TURBT,"[46684,16752]",Missing QC,True,5075.0,Stroma,99.5841995841996
"BLASST|AR|[46709,14804]",BLASST,AR,BLASST,TURBT,"[46709,14804]",Missing QC,True,13090.0,Stroma,99.20330778539733
"BLASST|AR|[46719,12549]",BLASST,AR,BLASST,TURBT,"[46719,12549]",Missing QC,True,14655.0,Stroma,23.471637602726
"BLASST|AR|[46791,17840]",BLASST,AR,BLASST,TURBT,"[46791,17840]",Missing QC,True,6920.0,Stroma,96.74125874125875
"BLASST|AR|[46826,12537]",BLASST,AR,BLASST,TURBT,"[46826,12537]",Missing QC,True,8225.0,Stroma,10.456601335343528
"BLASST|AR|[46850,15208]",BLASST,AR,BLASST,TURBT,"[46850,15208]",Missing QC,True,14705.0,Stroma,52.55158530447912
"BLASST|AR|[47055,15034]",BLASST,AR,BLASST,TURBT,"[47055,15034]",Missing QC,True,13605.0,Stroma,44.93829856940046
"BLASST|AR|[47073,12781]",BLASST,AR,BLASST,TURBT,"[47073,12781]",Missing QC,True,10990.0,Stroma,38.01408306970099
"BLASST|AR|[47076,14373]",BLASST,AR,BLASST,TURBT,"[47076,14373]",Missing QC,True,14925.0,Stroma,55.360227619144396
"BLASST|AR|[47210,14447]",BLASST,AR,BLASST,TURBT,"[47210,14447]",Missing QC,True,10145.0,Stroma,91.34667979433323
"BLASST|AR|[47241,17866]",BLASST,AR,BLASST,TURBT,"[47241,17866]",Missing QC,True,11690.0,Stroma,97.74328489652136
"BLASST|AR|[47249,12750]",BLASST,AR,BLASST,TURBT,"[47249,12750]",Missing QC,True,14730.0,Stroma,36.70094777172817
"BLASST|AR|[47288,15534]",BLASST,AR,BLASST,TURBT,"[47288,15534]",Missing QC,True,15085.0,Stroma,78.17284965573938
"BLASST|AR|[47352,15800]",BLASST,AR,BLASST,TURBT,"[47352,15800]",Missing QC,True,12660.0,Stroma,47.97082091852461
"BLASST|AR|[47398,14234]",BLASST,AR,BLASST,TURBT,"[47398,14234]",Missing QC,True,14595.0,Stroma,69.05914544306461
"BLASST|AR|[47564,11379]",BLASST,AR,BLASST,TURBT,"[47564,11379]",Missing QC,True,18820.0,Stroma,85.59695512820514
"BLASST|AR|[47624,9233]",BLASST,AR,BLASST,TURBT,"[47624,9233]",Missing QC,True,18580.0,Stroma,86.3892589935431
"BLASST|AR|[47631,16861]",BLASST,AR,BLASST,TURBT,"[47631,16861]",Missing QC,True,13830.0,Stroma,96.00169240533107
"BLASST|AR|[47647,10827]",BLASST,AR,BLASST,TURBT,"[47647,10827]",Missing QC,True,16410.0,Stroma,73.11175138917473
"BLASST|AR|[47663,18368]",BLASST,AR,BLASST,TURBT,"[47663,18368]",Missing QC,True,19230.0,Stroma,99.48066298342542
"BLASST|AR|[47837,9474]",BLASST,AR,BLASST,TURBT,"[47837,9474]",Missing QC,True,11740.0,Stroma,19.771520192404047
"BLASST|AR|[47839,18350]",BLASST,AR,BLASST,TURBT,"[47839,18350]",Missing QC,True,9475.0,Stroma,22.02400259487512
"BLASST|AR|[47859,13169]",BLASST,AR,BLASST,TURBT,"[47859,13169]",Missing QC,True,7675.0,Stroma,95.38412223528154
"BLASST|AR|[47861,13783]",BLASST,AR,BLASST,TURBT,"[47861,13783]",Missing QC,True,15465.0,Stroma,73.35803994235125
"BLASST|AR|[47911,8336]",BLASST,AR,BLASST,TURBT,"[47911,8336]",Missing QC,True,17075.0,Stroma,82.0981421647819
"BLASST|AR|[47952,13218]",BLASST,AR,BLASST,TURBT,"[47952,13218]",Missing QC,True,9695.0,Stroma,37.26799456767768
"BLASST|AR|[48024,11962]",BLASST,AR,BLASST,TURBT,"[48024,11962]",Missing QC,True,10670.0,Stroma,49.47071277346507
"BLASST|AR|[48040,16630]",BLASST,AR,BLASST,TURBT,"[48040,16630]",Missing QC,True,14170.0,Stroma,77.3075711435472
"BLASST|AR|[48133,10627]",BLASST,AR,BLASST,TURBT,"[48133,10627]",Missing QC,True,12295.0,Stroma,26.284019908927245
"BLASST|AR|[48144,14368]",BLASST,AR,BLASST,TURBT,"[48144,14368]",Missing QC,True,10995.0,Stroma,95.30808366308649
"BLASST|AR|[48156,12669]",BLASST,AR,BLASST,TURBT,"[48156,12669]",Missing QC,True,7345.0,Stroma,92.60773093541984
"BLASST|AR|[48165,2674]",BLASST,AR,BLASST,TURBT,"[48165,2674]",Missing QC,True,13555.0,Stroma,91.61793372319688
"BLASST|AR|[48227,11127]",BLASST,AR,BLASST,TURBT,"[48227,11127]",Missing QC,True,12115.0,Stroma,37.08386498086069
"BLASST|AR|[48251,14529]",BLASST,AR,BLASST,TURBT,"[48251,14529]",Missing QC,True,16215.0,Stroma,14.55309778800921
"BLASST|AR|[48273,18754]",BLASST,AR,BLASST,TURBT,"[48273,18754]",Missing QC,True,16770.0,Stroma,59.8913808709645
"BLASST|AR|[48308,14777]",BLASST,AR,BLASST,TURBT,"[48308,14777]",Missing QC,True,11165.0,Stroma,38.96196594269399
"BLASST|AR|[48322,6329]",BLASST,AR,BLASST,TURBT,"[48322,6329]",Missing QC,True,17495.0,Stroma,99.92623814541624
"BLASST|AR|[48345,11075]",BLASST,AR,BLASST,TURBT,"[48345,11075]",Missing QC,True,10920.0,Stroma,69.25033058691893
"BLASST|AR|[48357,14841]",BLASST,AR,BLASST,TURBT,"[48357,14841]",Missing QC,True,9715.0,Stroma,53.17710680486705
"BLASST|AR|[48404,20464]",BLASST,AR,BLASST,TURBT,"[48404,20464]",Missing QC,True,12585.0,Stroma,71.65194435983348
"BLASST|AR|[48420,8404]",BLASST,AR,BLASST,TURBT,"[48420,8404]",Missing QC,True,12715.0,Stroma,52.42527099529179
"BLASST|AR|[48430,18185]",BLASST,AR,BLASST,TURBT,"[48430,18185]",Missing QC,True,10250.0,Stroma,97.53733006463116
"BLASST|AR|[48474,11545]",BLASST,AR,BLASST,TURBT,"[48474,11545]",Missing QC,True,15215.0,Stroma,90.85915183476158
"BLASST|AR|[48474,17259]",BLASST,AR,BLASST,TURBT,"[48474,17259]",Missing QC,True,15545.0,Stroma,60.34102306920763
"BLASST|AR|[48565,4973]",BLASST,AR,BLASST,TURBT,"[48565,4973]",Missing QC,True,16985.0,Stroma,92.44466800804828
"BLASST|AR|[48591,4242]",BLASST,AR,BLASST,TURBT,"[48591,4242]",Missing QC,True,14290.0,Stroma,88.1578947368421
"BLASST|AR|[48640,20543]",BLASST,AR,BLASST,TURBT,"[48640,20543]",Missing QC,True,7245.0,Stroma,93.38649155722327
"BLASST|AR|[48649,14028]",BLASST,AR,BLASST,TURBT,"[48649,14028]",Missing QC,True,15285.0,Stroma,92.602629730001
"BLASST|AR|[48674,13868]",BLASST,AR,BLASST,TURBT,"[48674,13868]",Missing QC,True,7880.0,Stroma,95.24218973918029
"BLASST|AR|[48687,12383]",BLASST,AR,BLASST,TURBT,"[48687,12383]",Missing QC,True,12305.0,Stroma,88.51050286441756
"BLASST|AR|[48767,10557]",BLASST,AR,BLASST,TURBT,"[48767,10557]",Missing QC,True,17525.0,Stroma,84.4564332247557
"BLASST|AR|[48787,15246]",BLASST,AR,BLASST,TURBT,"[48787,15246]",Missing QC,True,14700.0,Stroma,61.20593879406121
"BLASST|AR|[48798,10678]",BLASST,AR,BLASST,TURBT,"[48798,10678]",Missing QC,True,17340.0,Stroma,77.93775142917636
"BLASST|AR|[48840,5942]",BLASST,AR,BLASST,TURBT,"[48840,5942]",Missing QC,True,9890.0,Stroma,94.6288209606987
"BLASST|AR|[48896,11521]",BLASST,AR,BLASST,TURBT,"[48896,11521]",Missing QC,True,13270.0,Stroma,50.478873239436616
"BLASST|AR|[49021,12746]",BLASST,AR,BLASST,TURBT,"[49021,12746]",Missing QC,True,15380.0,Stroma,60.98805756864346
"BLASST|AR|[49078,12428]",BLASST,AR,BLASST,TURBT,"[49078,12428]",Missing QC,True,5275.0,Stroma,94.47635881573133
"BLASST|AR|[49101,14160]",BLASST,AR,BLASST,TURBT,"[49101,14160]",Missing QC,True,15875.0,Stroma,99.82202680067002
"BLASST|AR|[49123,7137]",BLASST,AR,BLASST,TURBT,"[49123,7137]",Missing QC,True,9280.0,Stroma,92.3236801995289
"BLASST|AR|[49192,19360]",BLASST,AR,BLASST,TURBT,"[49192,19360]",Missing QC,True,16110.0,Stroma,47.054705470547056
"BLASST|AR|[49231,5127]",BLASST,AR,BLASST,TURBT,"[49231,5127]",Missing QC,True,14920.0,Stroma,66.32012352032939
"BLASST|AR|[49304,11289]",BLASST,AR,BLASST,TURBT,"[49304,11289]",Missing QC,True,15195.0,Stroma,52.71527152715271
"BLASST|AR|[49321,19478]",BLASST,AR,BLASST,TURBT,"[49321,19478]",Missing QC,True,13690.0,Stroma,78.06244995996798
"BLASST|AR|[49331,20248]",BLASST,AR,BLASST,TURBT,"[49331,20248]",Missing QC,True,10530.0,Stroma,32.4887156339762
"BLASST|AR|[49356,20395]",BLASST,AR,BLASST,TURBT,"[49356,20395]",Missing QC,True,10430.0,Stroma,87.96365446850884
"BLASST|AR|[49402,16235]",BLASST,AR,BLASST,TURBT,"[49402,16235]",Missing QC,True,17730.0,Stroma,55.520979722947196
"BLASST|AR|[49420,14224]",BLASST,AR,BLASST,TURBT,"[49420,14224]",Missing QC,True,13940.0,Stroma,81.06521067271042
"BLASST|AR|[49565,11171]",BLASST,AR,BLASST,TURBT,"[49565,11171]",Missing QC,True,15335.0,Stroma,82.07419723578926
"BLASST|AR|[49675,16715]",BLASST,AR,BLASST,TURBT,"[49675,16715]",Missing QC,True,9505.0,Stroma,78.24098139099699
"BLASST|AR|[49710,12970]",BLASST,AR,BLASST,TURBT,"[49710,12970]",Missing QC,True,14850.0,Stroma,98.05897327110733
"BLASST|AR|[49727,17151]",BLASST,AR,BLASST,TURBT,"[49727,17151]",Missing QC,True,9965.0,Stroma,79.44069202512145
"BLASST|AR|[49889,17969]",BLASST,AR,BLASST,TURBT,"[49889,17969]",Missing QC,True,12245.0,Stroma,59.95430470453838
"BLASST|AR|[49898,16080]",BLASST,AR,BLASST,TURBT,"[49898,16080]",Missing QC,True,16870.0,Stroma,50.827601031814275
"BLASST|AR|[49939,13100]",BLASST,AR,BLASST,TURBT,"[49939,13100]",Missing QC,True,12020.0,Stroma,99.69959560947427
"BLASST|AR|[49969,16540]",BLASST,AR,BLASST,TURBT,"[49969,16540]",Missing QC,True,10635.0,Stroma,99.30289775833789
"BLASST|AR|[50000,10405]",BLASST,AR,BLASST,TURBT,"[50000,10405]",Missing QC,True,18085.0,Stroma,62.04977741804937
"BLASST|AR|[50006,14062]",BLASST,AR,BLASST,TURBT,"[50006,14062]",Missing QC,True,11555.0,Stroma,98.16907775768534
"BLASST|AR|[50072,9270]",BLASST,AR,BLASST,TURBT,"[50072,9270]",Missing QC,True,12750.0,Stroma,39.044464518719266
"BLASST|AR|[50115,7766]",BLASST,AR,BLASST,TURBT,"[50115,7766]",Missing QC,True,13385.0,Stroma,72.34155115860754
"BLASST|AR|[50131,10735]",BLASST,AR,BLASST,TURBT,"[50131,10735]",Missing QC,True,13715.0,Stroma,36.37134378974142
"BLASST|AR|[50169,17390]",BLASST,AR,BLASST,TURBT,"[50169,17390]",Missing QC,True,12090.0,Stroma,38.09672712111736
"BLASST|AR|[50197,14919]",BLASST,AR,BLASST,TURBT,"[50197,14919]",Missing QC,True,11920.0,Stroma,99.26151172893135
"BLASST|AR|[50198,7763]",BLASST,AR,BLASST,TURBT,"[50198,7763]",Missing QC,True,14760.0,Stroma,74.64560550830296
"BLASST|AR|[50234,11000]",BLASST,AR,BLASST,TURBT,"[50234,11000]",Missing QC,True,10075.0,Stroma,40.15831758034027
"BLASST|AR|[50253,18625]",BLASST,AR,BLASST,TURBT,"[50253,18625]",Missing QC,True,10310.0,Stroma,99.41605839416059
"BLASST|AR|[50258,13762]",BLASST,AR,BLASST,TURBT,"[50258,13762]",Missing QC,True,14035.0,Stroma,57.712846347607055
"BLASST|AR|[50296,4180]",BLASST,AR,BLASST,TURBT,"[50296,4180]",Missing QC,True,17520.0,Stroma,97.17843156943468
"BLASST|AR|[50465,9925]",BLASST,AR,BLASST,TURBT,"[50465,9925]",Missing QC,True,13670.0,Stroma,52.005716035521075
"BLASST|AR|[50511,5164]",BLASST,AR,BLASST,TURBT,"[50511,5164]",Missing QC,True,14120.0,Stroma,77.87782666530236
"BLASST|AR|[50535,12403]",BLASST,AR,BLASST,TURBT,"[50535,12403]",Missing QC,True,17430.0,Stroma,78.0827406591205
"BLASST|AR|[50550,18438]",BLASST,AR,BLASST,TURBT,"[50550,18438]",Missing QC,True,12655.0,Stroma,59.579415630371045
"BLASST|AR|[50587,19576]",BLASST,AR,BLASST,TURBT,"[50587,19576]",Missing QC,True,14580.0,Stroma,54.420531474184095
"BLASST|AR|[50595,15429]",BLASST,AR,BLASST,TURBT,"[50595,15429]",Missing QC,True,16100.0,Stroma,63.270520600447135
"BLASST|AR|[50597,11518]",BLASST,AR,BLASST,TURBT,"[50597,11518]",Missing QC,True,15740.0,Stroma,79.26111595466433
"BLASST|AR|[50870,10062]",BLASST,AR,BLASST,TURBT,"[50870,10062]",Missing QC,True,13070.0,Stroma,39.433122995758765
"BLASST|AR|[51016,15116]",BLASST,AR,BLASST,TURBT,"[51016,15116]",Missing QC,True,13635.0,Stroma,47.95897848381259
"BLASST|AR|[51113,12876]",BLASST,AR,BLASST,TURBT,"[51113,12876]",Missing QC,True,15950.0,Stroma,98.35468082890763
"BLASST|AR|[51118,20028]",BLASST,AR,BLASST,TURBT,"[51118,20028]",Missing QC,True,11930.0,Stroma,97.54607917984514
"BLASST|AR|[51134,9925]",BLASST,AR,BLASST,TURBT,"[51134,9925]",Missing QC,True,13330.0,Stroma,68.06793164901981
"BLASST|AR|[51152,14185]",BLASST,AR,BLASST,TURBT,"[51152,14185]",Missing QC,True,10000.0,Stroma,75.46393926613243
"BLASST|AR|[51206,2703]",BLASST,AR,BLASST,TURBT,"[51206,2703]",Missing QC,True,14385.0,Stroma,98.64294330518699
"BLASST|AR|[51576,13810]",BLASST,AR,BLASST,TURBT,"[51576,13810]",Missing QC,True,15180.0,Stroma,71.2493239588967
"BLASST|AR|[51675,16521]",BLASST,AR,BLASST,TURBT,"[51675,16521]",Missing QC,True,12590.0,Stroma,48.00813008130081
"BLASST|AR|[51752,11289]",BLASST,AR,BLASST,TURBT,"[51752,11289]",Missing QC,True,16095.0,Stroma,45.69638342310652
"BLASST|AR|[51764,16549]",BLASST,AR,BLASST,TURBT,"[51764,16549]",Missing QC,True,11430.0,Stroma,94.56136202411918
"BLASST|AR|[51782,12584]",BLASST,AR,BLASST,TURBT,"[51782,12584]",Missing QC,True,14805.0,Stroma,97.44617982271
"BLASST|AR|[51826,13932]",BLASST,AR,BLASST,TURBT,"[51826,13932]",Missing QC,True,12305.0,Stroma,93.1461157736174
"BLASST|AR|[51916,7233]",BLASST,AR,BLASST,TURBT,"[51916,7233]",Missing QC,True,17305.0,Stroma,64.22960725075528
"BLASST|AR|[52211,13959]",BLASST,AR,BLASST,TURBT,"[52211,13959]",Missing QC,True,13585.0,Stroma,67.59389435629643
"BLASST|AR|[52238,14519]",BLASST,AR,BLASST,TURBT,"[52238,14519]",Missing QC,True,13920.0,Stroma,80.18734891216761
"BLASST|AR|[52258,17783]",BLASST,AR,BLASST,TURBT,"[52258,17783]",Missing QC,True,10780.0,Stroma,15.528634361233479
"BLASST|AR|[52352,15495]",BLASST,AR,BLASST,TURBT,"[52352,15495]",Missing QC,True,9370.0,Stroma,44.63347510632975
"BLASST|AR|[52357,17250]",BLASST,AR,BLASST,TURBT,"[52357,17250]",Missing QC,True,13060.0,Stroma,93.41875961045618
"BLASST|AR|[52406,8915]",BLASST,AR,BLASST,TURBT,"[52406,8915]",Missing QC,True,14850.0,Stroma,86.07778237484484
"BLASST|AR|[52471,10856]",BLASST,AR,BLASST,TURBT,"[52471,10856]",Missing QC,True,13895.0,Stroma,22.86
"BLASST|AR|[52483,15986]",BLASST,AR,BLASST,TURBT,"[52483,15986]",Missing QC,True,14230.0,Stroma,96.73706335702131
"BLASST|AR|[52540,16958]",BLASST,AR,BLASST,TURBT,"[52540,16958]",Missing QC,True,17120.0,Stroma,78.90257334534896
"BLASST|AR|[52557,14123]",BLASST,AR,BLASST,TURBT,"[52557,14123]",Missing QC,True,11090.0,Stroma,53.39046598821639
"BLASST|AR|[52924,21074]",BLASST,AR,BLASST,TURBT,"[52924,21074]",Missing QC,True,17995.0,Stroma,98.56785177766649
"BLASST|AR|[53095,13753]",BLASST,AR,BLASST,TURBT,"[53095,13753]",Missing QC,True,19275.0,Stroma,73.57150106566527
"BLASST|AR|[53171,12157]",BLASST,AR,BLASST,TURBT,"[53171,12157]",Missing QC,True,9020.0,Stroma,11.259160559626915
"BLASST|AR|[53202,13513]",BLASST,AR,BLASST,TURBT,"[53202,13513]",Missing QC,True,20125.0,Stroma,86.15754283326369
"BLASST|AR|[53208,13456]",BLASST,AR,BLASST,TURBT,"[53208,13456]",Missing QC,True,10135.0,Stroma,74.21875
"BLASST|AR|[53217,11865]",BLASST,AR,BLASST,TURBT,"[53217,11865]",Missing QC,True,19840.0,Stroma,86.73780487804879
"BLASST|AR|[53350,13221]",BLASST,AR,BLASST,TURBT,"[53350,13221]",Missing QC,True,9575.0,Stroma,33.747032160587096
"BLASST|AR|[53375,15047]",BLASST,AR,BLASST,TURBT,"[53375,15047]",Missing QC,True,13660.0,Stroma,68.41569026999491
"BLASST|AR|[53435,16085]",BLASST,AR,BLASST,TURBT,"[53435,16085]",Missing QC,True,9970.0,Stroma,56.21910622415011
"BLASST|AR|[53502,14601]",BLASST,AR,BLASST,TURBT,"[53502,14601]",Missing QC,True,11780.0,Stroma,37.066960460276654
"BLASST|AR|[53569,14256]",BLASST,AR,BLASST,TURBT,"[53569,14256]",Missing QC,True,9750.0,Stroma,38.98873971416197
"BLASST|AR|[53606,12834]",BLASST,AR,BLASST,TURBT,"[53606,12834]",Missing QC,True,15890.0,Stroma,85.45270612038442
"BLASST|AR|[53796,8615]",BLASST,AR,BLASST,TURBT,"[53796,8615]",Missing QC,True,13585.0,Stroma,65.66497461928935
"BLASST|AR|[53868,11258]",BLASST,AR,BLASST,TURBT,"[53868,11258]",Missing QC,True,12675.0,Stroma,34.3183207662523
"BLASST|AR|[53868,11758]",BLASST,AR,BLASST,TURBT,"[53868,11758]",Missing QC,True,9705.0,Stroma,49.392575928008995
"BLASST|AR|[53965,17371]",BLASST,AR,BLASST,TURBT,"[53965,17371]",Missing QC,True,14455.0,Stroma,53.04853590052146
"BLASST|AR|[53992,13799]",BLASST,AR,BLASST,TURBT,"[53992,13799]",Missing QC,True,14445.0,Stroma,65.71486431753748
"BLASST|AR|[54255,11359]",BLASST,AR,BLASST,TURBT,"[54255,11359]",Missing QC,True,12600.0,Stroma,98.70493524676235
"BLASST|AR|[54285,15349]",BLASST,AR,BLASST,TURBT,"[54285,15349]",Missing QC,True,11920.0,Stroma,65.66368119150648
"BLASST|AR|[54302,15099]",BLASST,AR,BLASST,TURBT,"[54302,15099]",Missing QC,True,12450.0,Stroma,66.1543098251959
"BLASST|AR|[54314,11186]",BLASST,AR,BLASST,TURBT,"[54314,11186]",Missing QC,True,10720.0,Stroma,65.06024096385542
"BLASST|AR|[54476,13040]",BLASST,AR,BLASST,TURBT,"[54476,13040]",Missing QC,True,14460.0,Stroma,99.49265687583446
"BLASST|AR|[54642,19604]",BLASST,AR,BLASST,TURBT,"[54642,19604]",Missing QC,True,14465.0,Stroma,98.47382251869819
"BLASST|AR|[54694,12120]",BLASST,AR,BLASST,TURBT,"[54694,12120]",Missing QC,True,15480.0,Stroma,98.05845731771656
"BLASST|AR|[54694,6713]",BLASST,AR,BLASST,TURBT,"[54694,6713]",Missing QC,True,11950.0,Stroma,87.17917821424267
"BLASST|AR|[54712,15215]",BLASST,AR,BLASST,TURBT,"[54712,15215]",Missing QC,True,14735.0,Stroma,60.92780137210061
"BLASST|AR|[54713,11620]",BLASST,AR,BLASST,TURBT,"[54713,11620]",Missing QC,True,7980.0,Stroma,90.5111633372503
"BLASST|AR|[54829,16596]",BLASST,AR,BLASST,TURBT,"[54829,16596]",Missing QC,True,15870.0,Stroma,73.82564102564102
"BLASST|AR|[54829,17096]",BLASST,AR,BLASST,TURBT,"[54829,17096]",Missing QC,True,14420.0,Stroma,89.11379129522811
"BLASST|AR|[54953,15561]",BLASST,AR,BLASST,TURBT,"[54953,15561]",Missing QC,True,17805.0,Stroma,61.2705740666399
"BLASST|AR|[55001,9811]",BLASST,AR,BLASST,TURBT,"[55001,9811]",Missing QC,True,13880.0,Stroma,97.64397905759162
"BLASST|AR|[55397,16635]",BLASST,AR,BLASST,TURBT,"[55397,16635]",Missing QC,True,9290.0,Stroma,27.036672409549595
"BLASST|AR|[55418,14364]",BLASST,AR,BLASST,TURBT,"[55418,14364]",Missing QC,True,16220.0,Stroma,54.777262648659544
"BLASST|AR|[55603,18596]",BLASST,AR,BLASST,TURBT,"[55603,18596]",Missing QC,True,11625.0,Stroma,19.49754779301371
"BLASST|AR|[55663,21393]",BLASST,AR,BLASST,TURBT,"[55663,21393]",Missing QC,True,20695.0,Stroma,99.77997799779979
"BLASST|AR|[55777,21103]",BLASST,AR,BLASST,TURBT,"[55777,21103]",Missing QC,True,13250.0,Stroma,66.5725806451613
"BLASST|AR|[55962,13704]",BLASST,AR,BLASST,TURBT,"[55962,13704]",Missing QC,True,16905.0,Stroma,99.65959150981176
"BLASST|AR|[55986,15315]",BLASST,AR,BLASST,TURBT,"[55986,15315]",Missing QC,True,15670.0,Stroma,88.00629590766
"BLASST|AR|[56007,16280]",BLASST,AR,BLASST,TURBT,"[56007,16280]",Missing QC,True,9845.0,Stroma,73.97931409907457
"BLASST|AR|[56151,12827]",BLASST,AR,BLASST,TURBT,"[56151,12827]",Missing QC,True,12520.0,Stroma,11.95
"BLASST|AR|[56289,15780]",BLASST,AR,BLASST,TURBT,"[56289,15780]",Missing QC,True,11820.0,Stroma,65.16173276945938
"BLASST|AR|[56394,15686]",BLASST,AR,BLASST,TURBT,"[56394,15686]",Missing QC,True,14685.0,Stroma,99.65892837495873
"BLASST|AR|[56394,16883]",BLASST,AR,BLASST,TURBT,"[56394,16883]",Missing QC,True,18475.0,Stroma,98.60953754248636
"BLASST|AR|[56759,11669]",BLASST,AR,BLASST,TURBT,"[56759,11669]",Missing QC,True,16545.0,Stroma,92.47486544125114
"BLASST|AR|[57085,14640]",BLASST,AR,BLASST,TURBT,"[57085,14640]",Missing QC,True,14375.0,Stroma,71.71645569620252
"BLASST|AR|[57402,10824]",BLASST,AR,BLASST,TURBT,"[57402,10824]",Missing QC,True,12965.0,Stroma,77.96987160044485
"BLASST|AR|[57427,19978]",BLASST,AR,BLASST,TURBT,"[57427,19978]",Missing QC,True,10625.0,Stroma,95.98017621145374
"BLASST|AR|[57635,11179]",BLASST,AR,BLASST,TURBT,"[57635,11179]",Missing QC,True,15170.0,Stroma,47.48
"BLASST|AR|[57659,10500]",BLASST,AR,BLASST,TURBT,"[57659,10500]",Missing QC,True,17545.0,Stroma,87.52378091518975
"BLASST|AR|[57714,10978]",BLASST,AR,BLASST,TURBT,"[57714,10978]",Missing QC,True,12440.0,Stroma,45.606651611578734
"BLASST|AR|[58027,11853]",BLASST,AR,BLASST,TURBT,"[58027,11853]",Missing QC,True,12710.0,Stroma,73.29677283273571
"BLASST|AR|[58408,10690]",BLASST,AR,BLASST,TURBT,"[58408,10690]",Missing QC,True,15090.0,Stroma,97.23698193411265
"BLASST|AR|[58460,11528]",BLASST,AR,BLASST,TURBT,"[58460,11528]",Missing QC,True,11685.0,Stroma,53.50785340314136
"BLASST|AR|[58473,14829]",BLASST,AR,BLASST,TURBT,"[58473,14829]",Missing QC,True,11265.0,Stroma,77.08039492242595
"BLASST|AR|[58584,13064]",BLASST,AR,BLASST,TURBT,"[58584,13064]",Missing QC,True,18415.0,Stroma,18.287314925970385
"BLASST|AR|[58604,16958]",BLASST,AR,BLASST,TURBT,"[58604,16958]",Missing QC,True,10195.0,Stroma,29.64034725093014
"BLASST|AR|[58777,8817]",BLASST,AR,BLASST,TURBT,"[58777,8817]",Missing QC,True,10160.0,Stroma,78.70960769480169
"BLASST|AR|[58929,16876]",BLASST,AR,BLASST,TURBT,"[58929,16876]",Missing QC,True,8685.0,Stroma,71.42857142857143
"BLASST|AR|[59456,15966]",BLASST,AR,BLASST,TURBT,"[59456,15966]",Missing QC,True,13375.0,Stroma,94.0014479263626
"BLASST|AR|[59541,12376]",BLASST,AR,BLASST,TURBT,"[59541,12376]",Missing QC,True,16900.0,Stroma,99.11728896103895
"BLASST|AR|[59615,14955]",BLASST,AR,BLASST,TURBT,"[59615,14955]",Missing QC,True,11270.0,Stroma,55.12157553086148
"BLASST|AR|[59843,12799]",BLASST,AR,BLASST,TURBT,"[59843,12799]",Missing QC,True,12905.0,Stroma,13.61
"BLASST|AR|[59921,9783]",BLASST,AR,BLASST,TURBT,"[59921,9783]",Missing QC,True,15650.0,Stroma,73.50907086298486
"BLASST|AR|[59997,15084]",BLASST,AR,BLASST,TURBT,"[59997,15084]",Missing QC,True,15590.0,Stroma,56.691338267653535
"BLASST|AR|[60195,8544]",BLASST,AR,BLASST,TURBT,"[60195,8544]",Missing QC,True,20990.0,Stroma,75.54792445207555
"BLASST|AR|[60226,8475]",BLASST,AR,BLASST,TURBT,"[60226,8475]",Missing QC,True,15520.0,Stroma,80.14220939818632
"BLASST|AR|[60572,17470]",BLASST,AR,BLASST,TURBT,"[60572,17470]",Missing QC,True,13900.0,Stroma,99.59891598915989
"BLASST|AR|[60646,9050]",BLASST,AR,BLASST,TURBT,"[60646,9050]",Missing QC,True,12775.0,Stroma,70.77017615731258
"BLASST|AR|[60735,12978]",BLASST,AR,BLASST,TURBT,"[60735,12978]",Missing QC,True,14810.0,Stroma,79.00900900900902
"BLASST|AR|[61795,9226]",BLASST,AR,BLASST,TURBT,"[61795,9226]",Missing QC,True,16330.0,Stroma,89.86128110975113
"BLASST|AR|[61864,9055]",BLASST,AR,BLASST,TURBT,"[61864,9055]",Missing QC,True,14035.0,Stroma,89.34715247355486
"BLASST|AR|[63721,10438]",BLASST,AR,BLASST,TURBT,"[63721,10438]",Missing QC,True,14320.0,Stroma,22.57
"BLASST|AR|[36125,8782]",BLASST,AR,BLASST,RC,"[36125,8782]",Missing QC,True,9025.0,Epi,37.98188329471245
"BLASST|AR|[37250,14499]",BLASST,AR,BLASST,RC,"[37250,14499]",Missing QC,True,8825.0,Epi,31.06595675323264
"BLASST|AR|[37496,10730]",BLASST,AR,BLASST,RC,"[37496,10730]",Missing QC,True,10485.0,Epi,32.46686530360628
"BLASST|AR|[39451,15543]",BLASST,AR,BLASST,RC,"[39451,15543]",Missing QC,True,11755.0,Epi,46.32204649187984
"BLASST|AR|[39902,17798]",BLASST,AR,BLASST,RC,"[39902,17798]",Missing QC,True,15645.0,Epi,27.458518818292188
"BLASST|AR|[40219,15704]",BLASST,AR,BLASST,RC,"[40219,15704]",Missing QC,True,7730.0,Epi,3.3812670034978627
"BLASST|AR|[40516,8336]",BLASST,AR,BLASST,RC,"[40516,8336]",Missing QC,True,12730.0,Epi,30.73115396514386
"BLASST|AR|[40836,11258]",BLASST,AR,BLASST,RC,"[40836,11258]",Missing QC,True,11565.0,Epi,36.96614181331687
"BLASST|AR|[40992,11575]",BLASST,AR,BLASST,RC,"[40992,11575]",Missing QC,True,8960.0,Epi,32.034270191202594
"BLASST|AR|[41106,20154]",BLASST,AR,BLASST,RC,"[41106,20154]",Missing QC,True,5230.0,Epi,6.355992589425681
"BLASST|AR|[41119,20372]",BLASST,AR,BLASST,RC,"[41119,20372]",Missing QC,True,6070.0,Epi,24.172440338722094
"BLASST|AR|[41146,10985]",BLASST,AR,BLASST,RC,"[41146,10985]",Missing QC,True,12960.0,Epi,6.324949591425237
"BLASST|AR|[41270,17247]",BLASST,AR,BLASST,RC,"[41270,17247]",Missing QC,True,4575.0,Epi,0.03857280617164899
"BLASST|AR|[41277,19260]",BLASST,AR,BLASST,RC,"[41277,19260]",Missing QC,True,9750.0,Epi,70.44299201161947
"BLASST|AR|[41421,15914]",BLASST,AR,BLASST,RC,"[41421,15914]",Missing QC,True,7420.0,Epi,14.346176298890835
"BLASST|AR|[41433,15627]",BLASST,AR,BLASST,RC,"[41433,15627]",Missing QC,True,11020.0,Epi,46.59969864389754
"BLASST|AR|[41832,20125]",BLASST,AR,BLASST,RC,"[41832,20125]",Missing QC,True,5300.0,Epi,3.3652601604970234
"BLASST|AR|[41847,13560]",BLASST,AR,BLASST,RC,"[41847,13560]",Missing QC,True,8535.0,Epi,0.5579171094580234
"BLASST|AR|[42469,21854]",BLASST,AR,BLASST,RC,"[42469,21854]",Missing QC,True,10400.0,Epi,6.644689399402493
"BLASST|AR|[42486,16707]",BLASST,AR,BLASST,RC,"[42486,16707]",Missing QC,True,5595.0,Epi,13.091309130913091
"BLASST|AR|[42494,16090]",BLASST,AR,BLASST,RC,"[42494,16090]",Missing QC,True,10105.0,Epi,5.3573602824789965
"BLASST|AR|[42779,15198]",BLASST,AR,BLASST,RC,"[42779,15198]",Missing QC,True,10360.0,Epi,8.10727812468011
"BLASST|AR|[42923,9211]",BLASST,AR,BLASST,RC,"[42923,9211]",Missing QC,True,4840.0,Epi,1.6384683882457702
"BLASST|AR|[42982,7048]",BLASST,AR,BLASST,RC,"[42982,7048]",Missing QC,True,10770.0,Epi,68.51055316594977
"BLASST|AR|[43247,21346]",BLASST,AR,BLASST,RC,"[43247,21346]",Missing QC,True,10530.0,Epi,3.719555691429736
"BLASST|AR|[43418,17778]",BLASST,AR,BLASST,RC,"[43418,17778]",Missing QC,True,10790.0,Epi,0.705855126128211
"BLASST|AR|[43458,15027]",BLASST,AR,BLASST,RC,"[43458,15027]",Missing QC,True,3915.0,Epi,1.3733119707026777
"BLASST|AR|[43520,13904]",BLASST,AR,BLASST,RC,"[43520,13904]",Missing QC,True,12350.0,Epi,0.7756172165173695
"BLASST|AR|[43527,16440]",BLASST,AR,BLASST,RC,"[43527,16440]",Missing QC,True,7850.0,Epi,19.453576691985038
"BLASST|AR|[43681,12165]",BLASST,AR,BLASST,RC,"[43681,12165]",Missing QC,True,12450.0,Epi,27.068723702664798
"BLASST|AR|[43760,13989]",BLASST,AR,BLASST,RC,"[43760,13989]",Missing QC,True,8915.0,Epi,6.507666098807496
"BLASST|AR|[43763,8383]",BLASST,AR,BLASST,RC,"[43763,8383]",Missing QC,True,8655.0,Epi,7.036567078094359
"BLASST|AR|[43854,17314]",BLASST,AR,BLASST,RC,"[43854,17314]",Missing QC,True,12885.0,Epi,45.40237555051382
"BLASST|AR|[43916,20846]",BLASST,AR,BLASST,RC,"[43916,20846]",Missing QC,True,7840.0,Epi,1.9818913480885312
"BLASST|AR|[43991,17582]",BLASST,AR,BLASST,RC,"[43991,17582]",Missing QC,True,12745.0,Epi,58.88319775032641
"BLASST|AR|[44070,10891]",BLASST,AR,BLASST,RC,"[44070,10891]",Missing QC,True,7420.0,Epi,1.259301659988552
"BLASST|AR|[44127,8864]",BLASST,AR,BLASST,RC,"[44127,8864]",Missing QC,True,8600.0,Epi,42.65659895777943
"BLASST|AR|[44345,23160]",BLASST,AR,BLASST,RC,"[44345,23160]",Missing QC,True,5215.0,Epi,1.3028895768833848
"BLASST|AR|[44704,8358]",BLASST,AR,BLASST,RC,"[44704,8358]",Missing QC,True,11690.0,Epi,1.9363030367156913
"BLASST|AR|[44769,7858]",BLASST,AR,BLASST,RC,"[44769,7858]",Missing QC,True,14640.0,Epi,9.401623734589558
"BLASST|AR|[45096,10594]",BLASST,AR,BLASST,RC,"[45096,10594]",Missing QC,True,11315.0,Epi,17.90411540093339
"BLASST|AR|[45123,13307]",BLASST,AR,BLASST,RC,"[45123,13307]",Missing QC,True,3825.0,Epi,4.422504733567758
"BLASST|AR|[45140,9598]",BLASST,AR,BLASST,RC,"[45140,9598]",Missing QC,True,10010.0,Epi,43.400265008663744
"BLASST|AR|[45304,22062]",BLASST,AR,BLASST,RC,"[45304,22062]",Missing QC,True,8065.0,Epi,1.4239320509617786
"BLASST|AR|[45311,14794]",BLASST,AR,BLASST,RC,"[45311,14794]",Missing QC,True,16460.0,Epi,11.922447437995721
"BLASST|AR|[45391,15015]",BLASST,AR,BLASST,RC,"[45391,15015]",Missing QC,True,11525.0,Epi,38.26838087585376
"BLASST|AR|[45787,20338]",BLASST,AR,BLASST,RC,"[45787,20338]",Missing QC,True,8335.0,Epi,1.6903819407296459
"BLASST|AR|[45990,13981]",BLASST,AR,BLASST,RC,"[45990,13981]",Missing QC,True,8125.0,Epi,10.008410428931874
"BLASST|AR|[46246,14987]",BLASST,AR,BLASST,RC,"[46246,14987]",Missing QC,True,12505.0,Epi,54.32911392405063
"BLASST|AR|[46256,7576]",BLASST,AR,BLASST,RC,"[46256,7576]",Missing QC,True,5340.0,Epi,8.178545716342692
"BLASST|AR|[46320,6991]",BLASST,AR,BLASST,RC,"[46320,6991]",Missing QC,True,14940.0,Epi,0.29011604641856736
"BLASST|AR|[46370,12120]",BLASST,AR,BLASST,RC,"[46370,12120]",Missing QC,True,9820.0,Epi,2.0745947171522503
"BLASST|AR|[46593,13245]",BLASST,AR,BLASST,RC,"[46593,13245]",Missing QC,True,11665.0,Epi,0.43818466353677615
"BLASST|AR|[47036,6046]",BLASST,AR,BLASST,RC,"[47036,6046]",Missing QC,True,13445.0,Epi,18.70546914199699
"BLASST|AR|[47143,15228]",BLASST,AR,BLASST,RC,"[47143,15228]",Missing QC,True,9445.0,Epi,61.41304347826086
"BLASST|AR|[47155,21193]",BLASST,AR,BLASST,RC,"[47155,21193]",Missing QC,True,9335.0,Epi,1.5476571672537092
"BLASST|AR|[47309,17287]",BLASST,AR,BLASST,RC,"[47309,17287]",Missing QC,True,8720.0,Epi,7.422852376980818
"BLASST|AR|[47316,11389]",BLASST,AR,BLASST,RC,"[47316,11389]",Missing QC,True,9955.0,Epi,15.106689357245715
"BLASST|AR|[47344,11590]",BLASST,AR,BLASST,RC,"[47344,11590]",Missing QC,True,7780.0,Epi,46.70931367234089
"BLASST|AR|[47440,12165]",BLASST,AR,BLASST,RC,"[47440,12165]",Missing QC,True,10235.0,Epi,54.41635612851244
"BLASST|AR|[47599,7268]",BLASST,AR,BLASST,RC,"[47599,7268]",Missing QC,True,10630.0,Epi,79.91397419225768
"BLASST|AR|[47690,11962]",BLASST,AR,BLASST,RC,"[47690,11962]",Missing QC,True,9575.0,Epi,0.7176520994001714
"BLASST|AR|[47705,5546]",BLASST,AR,BLASST,RC,"[47705,5546]",Missing QC,True,11815.0,Epi,4.759907737471168
"BLASST|AR|[48020,9838]",BLASST,AR,BLASST,RC,"[48020,9838]",Missing QC,True,10225.0,Epi,76.36673688434146
"BLASST|AR|[48141,20677]",BLASST,AR,BLASST,RC,"[48141,20677]",Missing QC,True,9085.0,Epi,3.082009171376773
"BLASST|AR|[48211,19480]",BLASST,AR,BLASST,RC,"[48211,19480]",Missing QC,True,6120.0,Epi,7.795772714795497
"BLASST|AR|[48298,19126]",BLASST,AR,BLASST,RC,"[48298,19126]",Missing QC,True,6185.0,Epi,20.229885057471268
"BLASST|AR|[48352,12314]",BLASST,AR,BLASST,RC,"[48352,12314]",Missing QC,True,10205.0,Epi,16.308641975308642
"BLASST|AR|[48374,5486]",BLASST,AR,BLASST,RC,"[48374,5486]",Missing QC,True,13065.0,Epi,0.02030869212022746
"BLASST|AR|[48474,19245]",BLASST,AR,BLASST,RC,"[48474,19245]",Missing QC,True,3420.0,Epi,8.709338929695699
"BLASST|AR|[48483,5142]",BLASST,AR,BLASST,RC,"[48483,5142]",Missing QC,True,11045.0,Epi,13.457024701017101
"BLASST|AR|[48615,9337]",BLASST,AR,BLASST,RC,"[48615,9337]",Missing QC,True,14360.0,Epi,20.816542948038176
"BLASST|AR|[48870,7434]",BLASST,AR,BLASST,RC,"[48870,7434]",Missing QC,True,4625.0,Epi,1.0775862068965518
"BLASST|AR|[48877,13597]",BLASST,AR,BLASST,RC,"[48877,13597]",Missing QC,True,4220.0,Epi,0.49680624556423003
"BLASST|AR|[48882,8594]",BLASST,AR,BLASST,RC,"[48882,8594]",Missing QC,True,12025.0,Epi,28.519083969465647
"BLASST|AR|[49039,20315]",BLASST,AR,BLASST,RC,"[49039,20315]",Missing QC,True,8630.0,Epi,0.2433438305181792
"BLASST|AR|[49098,14425]",BLASST,AR,BLASST,RC,"[49098,14425]",Missing QC,True,3175.0,Epi,5.761024182076813
"BLASST|AR|[49162,19168]",BLASST,AR,BLASST,RC,"[49162,19168]",Missing QC,True,9945.0,Epi,5.050505050505051
"BLASST|AR|[49512,19334]",BLASST,AR,BLASST,RC,"[49512,19334]",Missing QC,True,9480.0,Epi,11.021837659662134
"BLASST|AR|[49579,8170]",BLASST,AR,BLASST,RC,"[49579,8170]",Missing QC,True,9220.0,Epi,1.9490802777439398
"BLASST|AR|[49762,12021]",BLASST,AR,BLASST,RC,"[49762,12021]",Missing QC,True,2850.0,Epi,0.3883051621745089
"BLASST|AR|[50062,12227]",BLASST,AR,BLASST,RC,"[50062,12227]",Missing QC,True,6355.0,Epi,9.932221063607924
"BLASST|AR|[50117,11407]",BLASST,AR,BLASST,RC,"[50117,11407]",Missing QC,True,6980.0,Epi,5.693820565739954
"BLASST|AR|[50193,13305]",BLASST,AR,BLASST,RC,"[50193,13305]",Missing QC,True,3460.0,Epi,2.2048015678588926
"BLASST|AR|[50528,19292]",BLASST,AR,BLASST,RC,"[50528,19292]",Missing QC,True,9495.0,Epi,2.604220277920741
"BLASST|AR|[50577,10376]",BLASST,AR,BLASST,RC,"[50577,10376]",Missing QC,True,7875.0,Epi,7.651778230152077
"BLASST|AR|[50674,17508]",BLASST,AR,BLASST,RC,"[50674,17508]",Missing QC,True,6595.0,Epi,0.7054673721340389
"BLASST|AR|[50743,10527]",BLASST,AR,BLASST,RC,"[50743,10527]",Missing QC,True,11310.0,Epi,26.267986529237678
"BLASST|AR|[50833,21108]",BLASST,AR,BLASST,RC,"[50833,21108]",Missing QC,True,5650.0,Epi,1.6675729563168389
"BLASST|AR|[50867,10435]",BLASST,AR,BLASST,RC,"[50867,10435]",Missing QC,True,4290.0,Epi,0.22135416666666669
"BLASST|AR|[51120,11587]",BLASST,AR,BLASST,RC,"[51120,11587]",Missing QC,True,7290.0,Epi,22.803509941130734
"BLASST|AR|[51187,8460]",BLASST,AR,BLASST,RC,"[51187,8460]",Missing QC,True,9635.0,Epi,8.617496459309294
"BLASST|AR|[51229,19032]",BLASST,AR,BLASST,RC,"[51229,19032]",Missing QC,True,14230.0,Epi,2.796309439318666
"BLASST|AR|[51239,17059]",BLASST,AR,BLASST,RC,"[51239,17059]",Missing QC,True,10890.0,Epi,6.461409571682899
"BLASST|AR|[51524,11927]",BLASST,AR,BLASST,RC,"[51524,11927]",Missing QC,True,7985.0,Epi,2.0448472173812013
"BLASST|AR|[51601,9508]",BLASST,AR,BLASST,RC,"[51601,9508]",Missing QC,True,12410.0,Epi,15.097636176772868
"BLASST|AR|[51608,9788]",BLASST,AR,BLASST,RC,"[51608,9788]",Missing QC,True,3765.0,Epi,1.1369173298684425
"BLASST|AR|[51631,11253]",BLASST,AR,BLASST,RC,"[51631,11253]",Missing QC,True,12285.0,Epi,9.179600886917958
"BLASST|AR|[51636,17391]",BLASST,AR,BLASST,RC,"[51636,17391]",Missing QC,True,7175.0,Epi,19.8972275334608
"BLASST|AR|[51643,10569]",BLASST,AR,BLASST,RC,"[51643,10569]",Missing QC,True,4185.0,Epi,0.25700334104343353
"BLASST|AR|[51700,14851]",BLASST,AR,BLASST,RC,"[51700,14851]",Missing QC,True,11155.0,Epi,2.077678012111088
"BLASST|AR|[51824,7533]",BLASST,AR,BLASST,RC,"[51824,7533]",Missing QC,True,8480.0,Epi,1.7456947393253126
"BLASST|AR|[51906,16209]",BLASST,AR,BLASST,RC,"[51906,16209]",Missing QC,True,13585.0,Epi,18.069505825632785
"BLASST|AR|[52067,18987]",BLASST,AR,BLASST,RC,"[52067,18987]",Missing QC,True,8495.0,Epi,4.774305555555555
"BLASST|AR|[52097,14544]",BLASST,AR,BLASST,RC,"[52097,14544]",Missing QC,True,12770.0,Epi,15.962914441197219
"BLASST|AR|[52161,16556]",BLASST,AR,BLASST,RC,"[52161,16556]",Missing QC,True,6285.0,Epi,5.855086606489388
"BLASST|AR|[52233,19133]",BLASST,AR,BLASST,RC,"[52233,19133]",Missing QC,True,10560.0,Epi,1.40965399401965
"BLASST|AR|[52317,12950]",BLASST,AR,BLASST,RC,"[52317,12950]",Missing QC,True,6735.0,Epi,1.7613903240958197
"BLASST|AR|[52835,11444]",BLASST,AR,BLASST,RC,"[52835,11444]",Missing QC,True,11225.0,Epi,35.36646839399133
"BLASST|AR|[52979,7977]",BLASST,AR,BLASST,RC,"[52979,7977]",Missing QC,True,8540.0,Epi,8.586900464156782
"BLASST|AR|[53135,18501]",BLASST,AR,BLASST,RC,"[53135,18501]",Missing QC,True,5840.0,Epi,12.099522835719155
"BLASST|AR|[53137,12693]",BLASST,AR,BLASST,RC,"[53137,12693]",Missing QC,True,11595.0,Epi,46.77670507630021
"BLASST|AR|[53172,17039]",BLASST,AR,BLASST,RC,"[53172,17039]",Missing QC,True,6540.0,Epi,2.813494589433482
"BLASST|AR|[53266,17812]",BLASST,AR,BLASST,RC,"[53266,17812]",Missing QC,True,3600.0,Epi,10.695109563198375
"BLASST|AR|[53336,22236]",BLASST,AR,BLASST,RC,"[53336,22236]",Missing QC,True,13595.0,Epi,10.666666666666666
"BLASST|AR|[53348,9122]",BLASST,AR,BLASST,RC,"[53348,9122]",Missing QC,True,6395.0,Epi,3.0295283139460563
"BLASST|AR|[53373,20479]",BLASST,AR,BLASST,RC,"[53373,20479]",Missing QC,True,7185.0,Epi,85.89330880662222
"BLASST|AR|[53390,14529]",BLASST,AR,BLASST,RC,"[53390,14529]",Missing QC,True,11095.0,Epi,1.9232882734366414
"BLASST|AR|[53564,12559]",BLASST,AR,BLASST,RC,"[53564,12559]",Missing QC,True,9085.0,Epi,12.66674267472352
"BLASST|AR|[53717,12309]",BLASST,AR,BLASST,RC,"[53717,12309]",Missing QC,True,11855.0,Epi,2.4227492043937997
"BLASST|AR|[53878,19302]",BLASST,AR,BLASST,RC,"[53878,19302]",Missing QC,True,11430.0,Epi,1.2192580241767401
"BLASST|AR|[53881,16692]",BLASST,AR,BLASST,RC,"[53881,16692]",Missing QC,True,5440.0,Epi,5.444971037388099
"BLASST|AR|[53888,7791]",BLASST,AR,BLASST,RC,"[53888,7791]",Missing QC,True,7065.0,Epi,0.6729810568295114
"BLASST|AR|[53915,15473]",BLASST,AR,BLASST,RC,"[53915,15473]",Missing QC,True,8170.0,Epi,5.523392270380222
"BLASST|AR|[54022,17641]",BLASST,AR,BLASST,RC,"[54022,17641]",Missing QC,True,6515.0,Epi,0.34298257648511454
"BLASST|AR|[54024,19792]",BLASST,AR,BLASST,RC,"[54024,19792]",Missing QC,True,5690.0,Epi,75.20740268028078
"BLASST|AR|[54124,15889]",BLASST,AR,BLASST,RC,"[54124,15889]",Missing QC,True,8140.0,Epi,12.024353120243532
"BLASST|AR|[54141,18635]",BLASST,AR,BLASST,RC,"[54141,18635]",Missing QC,True,12280.0,Epi,5.613660618996798
"BLASST|AR|[54141,9310]",BLASST,AR,BLASST,RC,"[54141,9310]",Missing QC,True,17665.0,Epi,13.97119341563786
"BLASST|AR|[54384,5687]",BLASST,AR,BLASST,RC,"[54384,5687]",Missing QC,True,9645.0,Epi,12.516483516483516
"BLASST|AR|[54443,13446]",BLASST,AR,BLASST,RC,"[54443,13446]",Missing QC,True,13400.0,Epi,2.171463689439721
"BLASST|AR|[54609,19034]",BLASST,AR,BLASST,RC,"[54609,19034]",Missing QC,True,5655.0,Epi,70.31302216776206
"BLASST|AR|[54654,14360]",BLASST,AR,BLASST,RC,"[54654,14360]",Missing QC,True,6805.0,Epi,10.532488857612009
"BLASST|AR|[54689,20751]",BLASST,AR,BLASST,RC,"[54689,20751]",Missing QC,True,4690.0,Epi,0.08514986376021799
"BLASST|AR|[54701,14311]",BLASST,AR,BLASST,RC,"[54701,14311]",Missing QC,True,9155.0,Epi,10.280869104398516
"BLASST|AR|[54708,19636]",BLASST,AR,BLASST,RC,"[54708,19636]",Missing QC,True,13285.0,Epi,35.335082761404934
"BLASST|AR|[54825,15270]",BLASST,AR,BLASST,RC,"[54825,15270]",Missing QC,True,7330.0,Epi,3.1690929451287797
"BLASST|AR|[54835,10653]",BLASST,AR,BLASST,RC,"[54835,10653]",Missing QC,True,5295.0,Epi,1.4688940092165899
"BLASST|AR|[54917,14393]",BLASST,AR,BLASST,RC,"[54917,14393]",Missing QC,True,13260.0,Epi,31.353868953106808
"BLASST|AR|[54951,8760]",BLASST,AR,BLASST,RC,"[54951,8760]",Missing QC,True,7295.0,Epi,9.807114228456914
"BLASST|AR|[55147,6039]",BLASST,AR,BLASST,RC,"[55147,6039]",Missing QC,True,9480.0,Epi,2.253206915783603
"BLASST|AR|[55209,5539]",BLASST,AR,BLASST,RC,"[55209,5539]",Missing QC,True,9250.0,Epi,12.394195888754535
"BLASST|AR|[55212,11947]",BLASST,AR,BLASST,RC,"[55212,11947]",Missing QC,True,2800.0,Epi,0.021510002151000216
"BLASST|AR|[55534,19433]",BLASST,AR,BLASST,RC,"[55534,19433]",Missing QC,True,2505.0,Epi,0.3597122302158273
"BLASST|AR|[55702,8078]",BLASST,AR,BLASST,RC,"[55702,8078]",Missing QC,True,6975.0,Epi,0.6501422186103211
"BLASST|AR|[55940,5677]",BLASST,AR,BLASST,RC,"[55940,5677]",Missing QC,True,9190.0,Epi,27.307469600463232
"BLASST|AR|[56104,15468]",BLASST,AR,BLASST,RC,"[56104,15468]",Missing QC,True,5355.0,Epi,4.696643055127811
"BLASST|AR|[56138,9840]",BLASST,AR,BLASST,RC,"[56138,9840]",Missing QC,True,7635.0,Epi,7.879490150637311
"BLASST|AR|[56349,11876]",BLASST,AR,BLASST,RC,"[56349,11876]",Missing QC,True,4080.0,Epi,0.07680491551459294
"BLASST|AR|[56418,16472]",BLASST,AR,BLASST,RC,"[56418,16472]",Missing QC,True,4985.0,Epi,12.47897392767031
"BLASST|AR|[56622,12130]",BLASST,AR,BLASST,RC,"[56622,12130]",Missing QC,True,6140.0,Epi,1.2704174228675136
"BLASST|AR|[56664,17304]",BLASST,AR,BLASST,RC,"[56664,17304]",Missing QC,True,3375.0,Epi,73.98393194706995
"BLASST|AR|[56842,16338]",BLASST,AR,BLASST,RC,"[56842,16338]",Missing QC,True,6220.0,Epi,0.5541346973572038
"BLASST|AR|[57266,11530]",BLASST,AR,BLASST,RC,"[57266,11530]",Missing QC,True,9965.0,Epi,1.1855029919837419
"BLASST|AR|[57434,15297]",BLASST,AR,BLASST,RC,"[57434,15297]",Missing QC,True,4135.0,Epi,0.03702332469455757
"BLASST|AR|[57546,13793]",BLASST,AR,BLASST,RC,"[57546,13793]",Missing QC,True,5655.0,Epi,6.907944135756118
"BLASST|AR|[57952,18288]",BLASST,AR,BLASST,RC,"[57952,18288]",Missing QC,True,9040.0,Epi,66.44685802948021
"BLASST|AR|[58014,15398]",BLASST,AR,BLASST,RC,"[58014,15398]",Missing QC,True,4710.0,Epi,0.8086934546373515
"BLASST|AR|[58334,14588]",BLASST,AR,BLASST,RC,"[58334,14588]",Missing QC,True,9080.0,Epi,1.107394163109932
"BLASST|AR|[58411,14787]",BLASST,AR,BLASST,RC,"[58411,14787]",Missing QC,True,5380.0,Epi,0.02603488674824265
"BLASST|AR|[58416,10707]",BLASST,AR,BLASST,RC,"[58416,10707]",Missing QC,True,7955.0,Epi,12.83908535719358
"BLASST|AR|[58844,17552]",BLASST,AR,BLASST,RC,"[58844,17552]",Missing QC,True,4240.0,Epi,0.06495615459564794
"BLASST|AR|[58931,18514]",BLASST,AR,BLASST,RC,"[58931,18514]",Missing QC,True,12765.0,Epi,1.7295090772370822
"BLASST|AR|[59085,10207]",BLASST,AR,BLASST,RC,"[59085,10207]",Missing QC,True,9060.0,Epi,7.689289917614751
"BLASST|AR|[59657,16160]",BLASST,AR,BLASST,RC,"[59657,16160]",Missing QC,True,7060.0,Epi,0.1756697408871322
"BLASST|AR|[60121,9362]",BLASST,AR,BLASST,RC,"[60121,9362]",Missing QC,True,8735.0,Epi,6.3237669275686414
"BLASST|AR|[60326,15798]",BLASST,AR,BLASST,RC,"[60326,15798]",Missing QC,True,6575.0,Epi,0.4515209125475285
"BLASST|AR|[60681,8777]",BLASST,AR,BLASST,RC,"[60681,8777]",Missing QC,True,7835.0,Epi,5.834227467811159
"BLASST|AR|[61181,6017]",BLASST,AR,BLASST,RC,"[61181,6017]",Missing QC,True,7750.0,Epi,0.09248249438499143
"BLASST|AR|[63456,17894]",BLASST,AR,BLASST,RC,"[63456,17894]",Missing QC,True,6125.0,Epi,0.7692307692307693
"BLASST|AR|[63934,13932]",BLASST,AR,BLASST,RC,"[63934,13932]",Missing QC,True,6640.0,Epi,61.65007794699604
"BLASST|AR|[63967,17158]",BLASST,AR,BLASST,RC,"[63967,17158]",Missing QC,True,5370.0,Epi,1.1525102620776762
"BLASST|AR|[36125,8782]",BLASST,AR,BLASST,RC,"[36125,8782]",Missing QC,True,9025.0,Stroma,62.018116705287554
"BLASST|AR|[37250,14499]",BLASST,AR,BLASST,RC,"[37250,14499]",Missing QC,True,8825.0,Stroma,68.93404324676736
"BLASST|AR|[37496,10730]",BLASST,AR,BLASST,RC,"[37496,10730]",Missing QC,True,10485.0,Stroma,67.5331346963937
"BLASST|AR|[39451,15543]",BLASST,AR,BLASST,RC,"[39451,15543]",Missing QC,True,11755.0,Stroma,53.677953508120154
"BLASST|AR|[39902,17798]",BLASST,AR,BLASST,RC,"[39902,17798]",Missing QC,True,15645.0,Stroma,72.54148118170781
"BLASST|AR|[40219,15704]",BLASST,AR,BLASST,RC,"[40219,15704]",Missing QC,True,7730.0,Stroma,96.61873299650215
"BLASST|AR|[40516,8336]",BLASST,AR,BLASST,RC,"[40516,8336]",Missing QC,True,12730.0,Stroma,69.26884603485614
"BLASST|AR|[40836,11258]",BLASST,AR,BLASST,RC,"[40836,11258]",Missing QC,True,11565.0,Stroma,63.03385818668313
"BLASST|AR|[40992,11575]",BLASST,AR,BLASST,RC,"[40992,11575]",Missing QC,True,8960.0,Stroma,67.96572980879742
"BLASST|AR|[41106,20154]",BLASST,AR,BLASST,RC,"[41106,20154]",Missing QC,True,5230.0,Stroma,93.64400741057432
"BLASST|AR|[41119,20372]",BLASST,AR,BLASST,RC,"[41119,20372]",Missing QC,True,6070.0,Stroma,75.8275596612779
"BLASST|AR|[41146,10985]",BLASST,AR,BLASST,RC,"[41146,10985]",Missing QC,True,12960.0,Stroma,93.67505040857478
"BLASST|AR|[41270,17247]",BLASST,AR,BLASST,RC,"[41270,17247]",Missing QC,True,4575.0,Stroma,99.96142719382834
"BLASST|AR|[41277,19260]",BLASST,AR,BLASST,RC,"[41277,19260]",Missing QC,True,9750.0,Stroma,29.557007988380537
"BLASST|AR|[41421,15914]",BLASST,AR,BLASST,RC,"[41421,15914]",Missing QC,True,7420.0,Stroma,85.65382370110918
"BLASST|AR|[41433,15627]",BLASST,AR,BLASST,RC,"[41433,15627]",Missing QC,True,11020.0,Stroma,53.40030135610246
"BLASST|AR|[41832,20125]",BLASST,AR,BLASST,RC,"[41832,20125]",Missing QC,True,5300.0,Stroma,96.63473983950298
"BLASST|AR|[41847,13560]",BLASST,AR,BLASST,RC,"[41847,13560]",Missing QC,True,8535.0,Stroma,99.44208289054197
"BLASST|AR|[42469,21854]",BLASST,AR,BLASST,RC,"[42469,21854]",Missing QC,True,10400.0,Stroma,93.3553106005975
"BLASST|AR|[42486,16707]",BLASST,AR,BLASST,RC,"[42486,16707]",Missing QC,True,5595.0,Stroma,86.90869086908691
"BLASST|AR|[42494,16090]",BLASST,AR,BLASST,RC,"[42494,16090]",Missing QC,True,10105.0,Stroma,94.64263971752099
"BLASST|AR|[42779,15198]",BLASST,AR,BLASST,RC,"[42779,15198]",Missing QC,True,10360.0,Stroma,91.89272187531989
"BLASST|AR|[42923,9211]",BLASST,AR,BLASST,RC,"[42923,9211]",Missing QC,True,4840.0,Stroma,98.36153161175423
"BLASST|AR|[42982,7048]",BLASST,AR,BLASST,RC,"[42982,7048]",Missing QC,True,10770.0,Stroma,31.489446834050216
"BLASST|AR|[43247,21346]",BLASST,AR,BLASST,RC,"[43247,21346]",Missing QC,True,10530.0,Stroma,96.28044430857025
"BLASST|AR|[43418,17778]",BLASST,AR,BLASST,RC,"[43418,17778]",Missing QC,True,10790.0,Stroma,99.29414487387179
"BLASST|AR|[43458,15027]",BLASST,AR,BLASST,RC,"[43458,15027]",Missing QC,True,3915.0,Stroma,98.62668802929731
"BLASST|AR|[43520,13904]",BLASST,AR,BLASST,RC,"[43520,13904]",Missing QC,True,12350.0,Stroma,99.22438278348264
"BLASST|AR|[43527,16440]",BLASST,AR,BLASST,RC,"[43527,16440]",Missing QC,True,7850.0,Stroma,80.54642330801497
"BLASST|AR|[43681,12165]",BLASST,AR,BLASST,RC,"[43681,12165]",Missing QC,True,12450.0,Stroma,72.9312762973352
"BLASST|AR|[43760,13989]",BLASST,AR,BLASST,RC,"[43760,13989]",Missing QC,True,8915.0,Stroma,93.49233390119251
"BLASST|AR|[43763,8383]",BLASST,AR,BLASST,RC,"[43763,8383]",Missing QC,True,8655.0,Stroma,92.96343292190565
"BLASST|AR|[43854,17314]",BLASST,AR,BLASST,RC,"[43854,17314]",Missing QC,True,12885.0,Stroma,54.597624449486176
"BLASST|AR|[43916,20846]",BLASST,AR,BLASST,RC,"[43916,20846]",Missing QC,True,7840.0,Stroma,98.01810865191146
"BLASST|AR|[43991,17582]",BLASST,AR,BLASST,RC,"[43991,17582]",Missing QC,True,12745.0,Stroma,41.1168022496736
"BLASST|AR|[44070,10891]",BLASST,AR,BLASST,RC,"[44070,10891]",Missing QC,True,7420.0,Stroma,98.74069834001145
"BLASST|AR|[44127,8864]",BLASST,AR,BLASST,RC,"[44127,8864]",Missing QC,True,8600.0,Stroma,57.34340104222057
"BLASST|AR|[44345,23160]",BLASST,AR,BLASST,RC,"[44345,23160]",Missing QC,True,5215.0,Stroma,98.69711042311661
"BLASST|AR|[44704,8358]",BLASST,AR,BLASST,RC,"[44704,8358]",Missing QC,True,11690.0,Stroma,98.0636969632843
"BLASST|AR|[44769,7858]",BLASST,AR,BLASST,RC,"[44769,7858]",Missing QC,True,14640.0,Stroma,90.59837626541045
"BLASST|AR|[45096,10594]",BLASST,AR,BLASST,RC,"[45096,10594]",Missing QC,True,11315.0,Stroma,82.09588459906662
"BLASST|AR|[45123,13307]",BLASST,AR,BLASST,RC,"[45123,13307]",Missing QC,True,3825.0,Stroma,95.57749526643225
"BLASST|AR|[45140,9598]",BLASST,AR,BLASST,RC,"[45140,9598]",Missing QC,True,10010.0,Stroma,56.599734991336256
"BLASST|AR|[45304,22062]",BLASST,AR,BLASST,RC,"[45304,22062]",Missing QC,True,8065.0,Stroma,98.57606794903822
"BLASST|AR|[45311,14794]",BLASST,AR,BLASST,RC,"[45311,14794]",Missing QC,True,16460.0,Stroma,88.07755256200427
"BLASST|AR|[45391,15015]",BLASST,AR,BLASST,RC,"[45391,15015]",Missing QC,True,11525.0,Stroma,61.73161912414624
"BLASST|AR|[45787,20338]",BLASST,AR,BLASST,RC,"[45787,20338]",Missing QC,True,8335.0,Stroma,98.30961805927035
"BLASST|AR|[45990,13981]",BLASST,AR,BLASST,RC,"[45990,13981]",Missing QC,True,8125.0,Stroma,89.99158957106812
"BLASST|AR|[46246,14987]",BLASST,AR,BLASST,RC,"[46246,14987]",Missing QC,True,12505.0,Stroma,45.67088607594937
"BLASST|AR|[46256,7576]",BLASST,AR,BLASST,RC,"[46256,7576]",Missing QC,True,5340.0,Stroma,91.8214542836573
"BLASST|AR|[46320,6991]",BLASST,AR,BLASST,RC,"[46320,6991]",Missing QC,True,14940.0,Stroma,99.70988395358142
"BLASST|AR|[46370,12120]",BLASST,AR,BLASST,RC,"[46370,12120]",Missing QC,True,9820.0,Stroma,97.92540528284776
"BLASST|AR|[46593,13245]",BLASST,AR,BLASST,RC,"[46593,13245]",Missing QC,True,11665.0,Stroma,99.56181533646321
"BLASST|AR|[47036,6046]",BLASST,AR,BLASST,RC,"[47036,6046]",Missing QC,True,13445.0,Stroma,81.29453085800301
"BLASST|AR|[47143,15228]",BLASST,AR,BLASST,RC,"[47143,15228]",Missing QC,True,9445.0,Stroma,38.58695652173913
"BLASST|AR|[47155,21193]",BLASST,AR,BLASST,RC,"[47155,21193]",Missing QC,True,9335.0,Stroma,98.4523428327463
"BLASST|AR|[47309,17287]",BLASST,AR,BLASST,RC,"[47309,17287]",Missing QC,True,8720.0,Stroma,92.57714762301917
"BLASST|AR|[47316,11389]",BLASST,AR,BLASST,RC,"[47316,11389]",Missing QC,True,9955.0,Stroma,84.89331064275429
"BLASST|AR|[47344,11590]",BLASST,AR,BLASST,RC,"[47344,11590]",Missing QC,True,7780.0,Stroma,53.29068632765912
"BLASST|AR|[47440,12165]",BLASST,AR,BLASST,RC,"[47440,12165]",Missing QC,True,10235.0,Stroma,45.58364387148757
"BLASST|AR|[47599,7268]",BLASST,AR,BLASST,RC,"[47599,7268]",Missing QC,True,10630.0,Stroma,20.08602580774232
"BLASST|AR|[47690,11962]",BLASST,AR,BLASST,RC,"[47690,11962]",Missing QC,True,9575.0,Stroma,99.28234790059983
"BLASST|AR|[47705,5546]",BLASST,AR,BLASST,RC,"[47705,5546]",Missing QC,True,11815.0,Stroma,95.24009226252882
"BLASST|AR|[48020,9838]",BLASST,AR,BLASST,RC,"[48020,9838]",Missing QC,True,10225.0,Stroma,23.633263115658544
"BLASST|AR|[48141,20677]",BLASST,AR,BLASST,RC,"[48141,20677]",Missing QC,True,9085.0,Stroma,96.91799082862323
"BLASST|AR|[48211,19480]",BLASST,AR,BLASST,RC,"[48211,19480]",Missing QC,True,6120.0,Stroma,92.2042272852045
"BLASST|AR|[48298,19126]",BLASST,AR,BLASST,RC,"[48298,19126]",Missing QC,True,6185.0,Stroma,79.77011494252875
"BLASST|AR|[48352,12314]",BLASST,AR,BLASST,RC,"[48352,12314]",Missing QC,True,10205.0,Stroma,83.69135802469137
"BLASST|AR|[48374,5486]",BLASST,AR,BLASST,RC,"[48374,5486]",Missing QC,True,13065.0,Stroma,99.97969130787979
"BLASST|AR|[48474,19245]",BLASST,AR,BLASST,RC,"[48474,19245]",Missing QC,True,3420.0,Stroma,91.29066107030431
"BLASST|AR|[48483,5142]",BLASST,AR,BLASST,RC,"[48483,5142]",Missing QC,True,11045.0,Stroma,86.54297529898291
"BLASST|AR|[48615,9337]",BLASST,AR,BLASST,RC,"[48615,9337]",Missing QC,True,14360.0,Stroma,79.18345705196182
"BLASST|AR|[48870,7434]",BLASST,AR,BLASST,RC,"[48870,7434]",Missing QC,True,4625.0,Stroma,98.92241379310344
"BLASST|AR|[48877,13597]",BLASST,AR,BLASST,RC,"[48877,13597]",Missing QC,True,4220.0,Stroma,99.50319375443577
"BLASST|AR|[48882,8594]",BLASST,AR,BLASST,RC,"[48882,8594]",Missing QC,True,12025.0,Stroma,71.48091603053435
"BLASST|AR|[49039,20315]",BLASST,AR,BLASST,RC,"[49039,20315]",Missing QC,True,8630.0,Stroma,99.75665616948181
"BLASST|AR|[49098,14425]",BLASST,AR,BLASST,RC,"[49098,14425]",Missing QC,True,3175.0,Stroma,94.23897581792318
"BLASST|AR|[49162,19168]",BLASST,AR,BLASST,RC,"[49162,19168]",Missing QC,True,9945.0,Stroma,94.94949494949495
"BLASST|AR|[49512,19334]",BLASST,AR,BLASST,RC,"[49512,19334]",Missing QC,True,9480.0,Stroma,88.97816234033786
"BLASST|AR|[49579,8170]",BLASST,AR,BLASST,RC,"[49579,8170]",Missing QC,True,9220.0,Stroma,98.05091972225607
"BLASST|AR|[49762,12021]",BLASST,AR,BLASST,RC,"[49762,12021]",Missing QC,True,2850.0,Stroma,99.61169483782548
"BLASST|AR|[50062,12227]",BLASST,AR,BLASST,RC,"[50062,12227]",Missing QC,True,6355.0,Stroma,90.06777893639206
"BLASST|AR|[50117,11407]",BLASST,AR,BLASST,RC,"[50117,11407]",Missing QC,True,6980.0,Stroma,94.30617943426005
"BLASST|AR|[50193,13305]",BLASST,AR,BLASST,RC,"[50193,13305]",Missing QC,True,3460.0,Stroma,97.7951984321411
"BLASST|AR|[50528,19292]",BLASST,AR,BLASST,RC,"[50528,19292]",Missing QC,True,9495.0,Stroma,97.39577972207925
"BLASST|AR|[50577,10376]",BLASST,AR,BLASST,RC,"[50577,10376]",Missing QC,True,7875.0,Stroma,92.34822176984791
"BLASST|AR|[50674,17508]",BLASST,AR,BLASST,RC,"[50674,17508]",Missing QC,True,6595.0,Stroma,99.29453262786596
"BLASST|AR|[50743,10527]",BLASST,AR,BLASST,RC,"[50743,10527]",Missing QC,True,11310.0,Stroma,73.73201347076233
"BLASST|AR|[50833,21108]",BLASST,AR,BLASST,RC,"[50833,21108]",Missing QC,True,5650.0,Stroma,98.33242704368315
"BLASST|AR|[50867,10435]",BLASST,AR,BLASST,RC,"[50867,10435]",Missing QC,True,4290.0,Stroma,99.77864583333334
"BLASST|AR|[51120,11587]",BLASST,AR,BLASST,RC,"[51120,11587]",Missing QC,True,7290.0,Stroma,77.19649005886926
"BLASST|AR|[51187,8460]",BLASST,AR,BLASST,RC,"[51187,8460]",Missing QC,True,9635.0,Stroma,91.38250354069072
"BLASST|AR|[51229,19032]",BLASST,AR,BLASST,RC,"[51229,19032]",Missing QC,True,14230.0,Stroma,97.20369056068132
"BLASST|AR|[51239,17059]",BLASST,AR,BLASST,RC,"[51239,17059]",Missing QC,True,10890.0,Stroma,93.53859042831711
"BLASST|AR|[51524,11927]",BLASST,AR,BLASST,RC,"[51524,11927]",Missing QC,True,7985.0,Stroma,97.9551527826188
"BLASST|AR|[51601,9508]",BLASST,AR,BLASST,RC,"[51601,9508]",Missing QC,True,12410.0,Stroma,84.90236382322713
"BLASST|AR|[51608,9788]",BLASST,AR,BLASST,RC,"[51608,9788]",Missing QC,True,3765.0,Stroma,98.86308267013156
"BLASST|AR|[51631,11253]",BLASST,AR,BLASST,RC,"[51631,11253]",Missing QC,True,12285.0,Stroma,90.82039911308203
"BLASST|AR|[51636,17391]",BLASST,AR,BLASST,RC,"[51636,17391]",Missing QC,True,7175.0,Stroma,80.1027724665392
"BLASST|AR|[51643,10569]",BLASST,AR,BLASST,RC,"[51643,10569]",Missing QC,True,4185.0,Stroma,99.74299665895656
"BLASST|AR|[51700,14851]",BLASST,AR,BLASST,RC,"[51700,14851]",Missing QC,True,11155.0,Stroma,97.9223219878889
"BLASST|AR|[51824,7533]",BLASST,AR,BLASST,RC,"[51824,7533]",Missing QC,True,8480.0,Stroma,98.25430526067468
"BLASST|AR|[51906,16209]",BLASST,AR,BLASST,RC,"[51906,16209]",Missing QC,True,13585.0,Stroma,81.93049417436721
"BLASST|AR|[52067,18987]",BLASST,AR,BLASST,RC,"[52067,18987]",Missing QC,True,8495.0,Stroma,95.22569444444444
"BLASST|AR|[52097,14544]",BLASST,AR,BLASST,RC,"[52097,14544]",Missing QC,True,12770.0,Stroma,84.03708555880277
"BLASST|AR|[52161,16556]",BLASST,AR,BLASST,RC,"[52161,16556]",Missing QC,True,6285.0,Stroma,94.14491339351062
"BLASST|AR|[52233,19133]",BLASST,AR,BLASST,RC,"[52233,19133]",Missing QC,True,10560.0,Stroma,98.59034600598036
"BLASST|AR|[52317,12950]",BLASST,AR,BLASST,RC,"[52317,12950]",Missing QC,True,6735.0,Stroma,98.23860967590419
"BLASST|AR|[52835,11444]",BLASST,AR,BLASST,RC,"[52835,11444]",Missing QC,True,11225.0,Stroma,64.63353160600867
"BLASST|AR|[52979,7977]",BLASST,AR,BLASST,RC,"[52979,7977]",Missing QC,True,8540.0,Stroma,91.41309953584323
"BLASST|AR|[53135,18501]",BLASST,AR,BLASST,RC,"[53135,18501]",Missing QC,True,5840.0,Stroma,87.90047716428084
"BLASST|AR|[53137,12693]",BLASST,AR,BLASST,RC,"[53137,12693]",Missing QC,True,11595.0,Stroma,53.223294923699775
"BLASST|AR|[53172,17039]",BLASST,AR,BLASST,RC,"[53172,17039]",Missing QC,True,6540.0,Stroma,97.18650541056653
"BLASST|AR|[53266,17812]",BLASST,AR,BLASST,RC,"[53266,17812]",Missing QC,True,3600.0,Stroma,89.30489043680163
"BLASST|AR|[53336,22236]",BLASST,AR,BLASST,RC,"[53336,22236]",Missing QC,True,13595.0,Stroma,89.33333333333333
"BLASST|AR|[53348,9122]",BLASST,AR,BLASST,RC,"[53348,9122]",Missing QC,True,6395.0,Stroma,96.97047168605394
"BLASST|AR|[53373,20479]",BLASST,AR,BLASST,RC,"[53373,20479]",Missing QC,True,7185.0,Stroma,14.10669119337779
"BLASST|AR|[53390,14529]",BLASST,AR,BLASST,RC,"[53390,14529]",Missing QC,True,11095.0,Stroma,98.07671172656336
"BLASST|AR|[53564,12559]",BLASST,AR,BLASST,RC,"[53564,12559]",Missing QC,True,9085.0,Stroma,87.33325732527648
"BLASST|AR|[53717,12309]",BLASST,AR,BLASST,RC,"[53717,12309]",Missing QC,True,11855.0,Stroma,97.5772507956062
"BLASST|AR|[53878,19302]",BLASST,AR,BLASST,RC,"[53878,19302]",Missing QC,True,11430.0,Stroma,98.78074197582325
"BLASST|AR|[53881,16692]",BLASST,AR,BLASST,RC,"[53881,16692]",Missing QC,True,5440.0,Stroma,94.5550289626119
"BLASST|AR|[53888,7791]",BLASST,AR,BLASST,RC,"[53888,7791]",Missing QC,True,7065.0,Stroma,99.32701894317047
"BLASST|AR|[53915,15473]",BLASST,AR,BLASST,RC,"[53915,15473]",Missing QC,True,8170.0,Stroma,94.47660772961977
"BLASST|AR|[54022,17641]",BLASST,AR,BLASST,RC,"[54022,17641]",Missing QC,True,6515.0,Stroma,99.65701742351489
"BLASST|AR|[54024,19792]",BLASST,AR,BLASST,RC,"[54024,19792]",Missing QC,True,5690.0,Stroma,24.79259731971921
"BLASST|AR|[54124,15889]",BLASST,AR,BLASST,RC,"[54124,15889]",Missing QC,True,8140.0,Stroma,87.97564687975647
"BLASST|AR|[54141,18635]",BLASST,AR,BLASST,RC,"[54141,18635]",Missing QC,True,12280.0,Stroma,94.3863393810032
"BLASST|AR|[54141,9310]",BLASST,AR,BLASST,RC,"[54141,9310]",Missing QC,True,17665.0,Stroma,86.02880658436214
"BLASST|AR|[54384,5687]",BLASST,AR,BLASST,RC,"[54384,5687]",Missing QC,True,9645.0,Stroma,87.48351648351648
"BLASST|AR|[54443,13446]",BLASST,AR,BLASST,RC,"[54443,13446]",Missing QC,True,13400.0,Stroma,97.82853631056027
"BLASST|AR|[54609,19034]",BLASST,AR,BLASST,RC,"[54609,19034]",Missing QC,True,5655.0,Stroma,29.686977832237943
"BLASST|AR|[54654,14360]",BLASST,AR,BLASST,RC,"[54654,14360]",Missing QC,True,6805.0,Stroma,89.46751114238799
"BLASST|AR|[54689,20751]",BLASST,AR,BLASST,RC,"[54689,20751]",Missing QC,True,4690.0,Stroma,99.91485013623978
"BLASST|AR|[54701,14311]",BLASST,AR,BLASST,RC,"[54701,14311]",Missing QC,True,9155.0,Stroma,89.71913089560148
"BLASST|AR|[54708,19636]",BLASST,AR,BLASST,RC,"[54708,19636]",Missing QC,True,13285.0,Stroma,64.66491723859508
"BLASST|AR|[54825,15270]",BLASST,AR,BLASST,RC,"[54825,15270]",Missing QC,True,7330.0,Stroma,96.83090705487122
"BLASST|AR|[54835,10653]",BLASST,AR,BLASST,RC,"[54835,10653]",Missing QC,True,5295.0,Stroma,98.53110599078342
"BLASST|AR|[54917,14393]",BLASST,AR,BLASST,RC,"[54917,14393]",Missing QC,True,13260.0,Stroma,68.64613104689319
"BLASST|AR|[54951,8760]",BLASST,AR,BLASST,RC,"[54951,8760]",Missing QC,True,7295.0,Stroma,90.19288577154309
"BLASST|AR|[55147,6039]",BLASST,AR,BLASST,RC,"[55147,6039]",Missing QC,True,9480.0,Stroma,97.7467930842164
"BLASST|AR|[55209,5539]",BLASST,AR,BLASST,RC,"[55209,5539]",Missing QC,True,9250.0,Stroma,87.60580411124546
"BLASST|AR|[55212,11947]",BLASST,AR,BLASST,RC,"[55212,11947]",Missing QC,True,2800.0,Stroma,99.97848999784901
"BLASST|AR|[55534,19433]",BLASST,AR,BLASST,RC,"[55534,19433]",Missing QC,True,2505.0,Stroma,99.64028776978418
"BLASST|AR|[55702,8078]",BLASST,AR,BLASST,RC,"[55702,8078]",Missing QC,True,6975.0,Stroma,99.34985778138969
"BLASST|AR|[55940,5677]",BLASST,AR,BLASST,RC,"[55940,5677]",Missing QC,True,9190.0,Stroma,72.69253039953678
"BLASST|AR|[56104,15468]",BLASST,AR,BLASST,RC,"[56104,15468]",Missing QC,True,5355.0,Stroma,95.30335694487219
"BLASST|AR|[56138,9840]",BLASST,AR,BLASST,RC,"[56138,9840]",Missing QC,True,7635.0,Stroma,92.12050984936269
"BLASST|AR|[56349,11876]",BLASST,AR,BLASST,RC,"[56349,11876]",Missing QC,True,4080.0,Stroma,99.92319508448541
"BLASST|AR|[56418,16472]",BLASST,AR,BLASST,RC,"[56418,16472]",Missing QC,True,4985.0,Stroma,87.52102607232969
"BLASST|AR|[56622,12130]",BLASST,AR,BLASST,RC,"[56622,12130]",Missing QC,True,6140.0,Stroma,98.72958257713249
"BLASST|AR|[56664,17304]",BLASST,AR,BLASST,RC,"[56664,17304]",Missing QC,True,3375.0,Stroma,26.016068052930056
"BLASST|AR|[56842,16338]",BLASST,AR,BLASST,RC,"[56842,16338]",Missing QC,True,6220.0,Stroma,99.4458653026428
"BLASST|AR|[57266,11530]",BLASST,AR,BLASST,RC,"[57266,11530]",Missing QC,True,9965.0,Stroma,98.81449700801626
"BLASST|AR|[57434,15297]",BLASST,AR,BLASST,RC,"[57434,15297]",Missing QC,True,4135.0,Stroma,99.96297667530544
"BLASST|AR|[57546,13793]",BLASST,AR,BLASST,RC,"[57546,13793]",Missing QC,True,5655.0,Stroma,93.09205586424387
"BLASST|AR|[57952,18288]",BLASST,AR,BLASST,RC,"[57952,18288]",Missing QC,True,9040.0,Stroma,33.55314197051978
"BLASST|AR|[58014,15398]",BLASST,AR,BLASST,RC,"[58014,15398]",Missing QC,True,4710.0,Stroma,99.19130654536265
"BLASST|AR|[58334,14588]",BLASST,AR,BLASST,RC,"[58334,14588]",Missing QC,True,9080.0,Stroma,98.89260583689007
"BLASST|AR|[58411,14787]",BLASST,AR,BLASST,RC,"[58411,14787]",Missing QC,True,5380.0,Stroma,99.97396511325177
"BLASST|AR|[58416,10707]",BLASST,AR,BLASST,RC,"[58416,10707]",Missing QC,True,7955.0,Stroma,87.16091464280642
"BLASST|AR|[58844,17552]",BLASST,AR,BLASST,RC,"[58844,17552]",Missing QC,True,4240.0,Stroma,99.93504384540435
"BLASST|AR|[58931,18514]",BLASST,AR,BLASST,RC,"[58931,18514]",Missing QC,True,12765.0,Stroma,98.27049092276292
"BLASST|AR|[59085,10207]",BLASST,AR,BLASST,RC,"[59085,10207]",Missing QC,True,9060.0,Stroma,92.31071008238526
"BLASST|AR|[59657,16160]",BLASST,AR,BLASST,RC,"[59657,16160]",Missing QC,True,7060.0,Stroma,99.82433025911287
"BLASST|AR|[60121,9362]",BLASST,AR,BLASST,RC,"[60121,9362]",Missing QC,True,8735.0,Stroma,93.67623307243136
"BLASST|AR|[60326,15798]",BLASST,AR,BLASST,RC,"[60326,15798]",Missing QC,True,6575.0,Stroma,99.54847908745248
"BLASST|AR|[60681,8777]",BLASST,AR,BLASST,RC,"[60681,8777]",Missing QC,True,7835.0,Stroma,94.16577253218884
"BLASST|AR|[61181,6017]",BLASST,AR,BLASST,RC,"[61181,6017]",Missing QC,True,7750.0,Stroma,99.90751750561502
"BLASST|AR|[63456,17894]",BLASST,AR,BLASST,RC,"[63456,17894]",Missing QC,True,6125.0,Stroma,99.23076923076923
"BLASST|AR|[63934,13932]",BLASST,AR,BLASST,RC,"[63934,13932]",Missing QC,True,6640.0,Stroma,38.34992205300396
"BLASST|AR|[63967,17158]",BLASST,AR,BLASST,RC,"[63967,17158]",Missing QC,True,5370.0,Stroma,98.84748973792233
"TMA|BT|[37881,18781]",TMA,BT,NAC2020,TURBT,"[37881,18781]",Acceptable,True,8124.0,Epi,20.70773263433814
"TMA|BT|[37970,16975]",TMA,BT,NAC2020,TURBT,"[37970,16975]",Acceptable,True,6436.0,Epi,50.435431699427724
"TMA|BT|[38168,15399]",TMA,BT,NAC2020,TURBT,"[38168,15399]",Acceptable,True,6979.0,Epi,79.93858751279427
"TMA|BT|[38366,13565]",TMA,BT,NAC2020,TURBT,"[38366,13565]",Acceptable,True,4170.0,Epi,55.40250221155062
"TMA|BT|[38446,11900]",TMA,BT,NAC2020,TURBT,"[38446,11900]",Acceptable,True,5438.0,Epi,77.28020686412788
"TMA|BT|[38684,10234]",TMA,BT,NAC2020,TURBT,"[38684,10234]",Acceptable,True,4893.0,Epi,1.7601161313736164
"TMA|BT|[38842,8529]",TMA,BT,NAC2020,TURBT,"[38842,8529]",Acceptable,True,10950.0,Epi,3.0533399800598207
"TMA|BT|[39009,13607]",TMA,BT,NAC2020,TURBT,"[39009,13607]",Acceptable,True,9060.0,Epi,87.43176674211158
"TMA|BT|[39049,8888]",TMA,BT,NAC2020,TURBT,"[39049,8888]",Acceptable,True,7730.0,Epi,6.099738975133948
"TMA|BT|[39168,10474]",TMA,BT,NAC2020,TURBT,"[39168,10474]",Acceptable,True,6284.0,Epi,15.233146451524682
"TMA|BT|[39207,12021]",TMA,BT,NAC2020,TURBT,"[39207,12021]",Borderline,True,5657.0,Epi,15.211220571046919
"TMA|BT|[39397,19036]",TMA,BT,NAC2020,TURBT,"[39397,19036]",Acceptable,True,7798.0,Epi,32.75941230486685
"TMA|BT|[39635,17212]",TMA,BT,NAC2020,TURBT,"[39635,17212]",Acceptable,True,8653.0,Epi,74.77477477477477
"TMA|BT|[39794,15468]",TMA,BT,NAC2020,TURBT,"[39794,15468]",Acceptable,True,4351.0,Epi,55.8831484987828
"TMA|BT|[39952,13763]",TMA,BT,NAC2020,TURBT,"[39952,13763]",Borderline,True,3750.0,Epi,38.78052107488746
"TMA|BT|[40195,11984]",TMA,BT,NAC2020,TURBT,"[40195,11984]",Acceptable,True,4775.0,Epi,81.2104893467572
"TMA|BT|[40349,10314]",TMA,BT,NAC2020,TURBT,"[40349,10314]",Acceptable,True,8397.0,Epi,2.1082621082621085
"TMA|BT|[40547,8569]",TMA,BT,NAC2020,TURBT,"[40547,8569]",Acceptable,True,5966.0,Epi,0.1792406713377872
"TMA|BT|[40635,13567]",TMA,BT,NAC2020,TURBT,"[40635,13567]",Borderline,True,4731.0,Epi,49.33900963477482
"TMA|BT|[41147,19220]",TMA,BT,NAC2020,TURBT,"[41147,19220]",Acceptable,True,5323.0,Epi,77.62011801067715
"TMA|BT|[41340,17332]",TMA,BT,NAC2020,TURBT,"[41340,17332]",Acceptable,True,5244.0,Epi,66.6204287515763
"TMA|BT|[41499,15587]",TMA,BT,NAC2020,TURBT,"[41499,15587]",Acceptable,True,4852.0,Epi,55.93781855249746
"TMA|BT|[41974,12177]",TMA,BT,NAC2020,TURBT,"[41974,12177]",Acceptable,True,6024.0,Epi,2.056368694810693
"TMA|BT|[42023,16541]",TMA,BT,NAC2020,TURBT,"[42023,16541]",Borderline,True,4393.0,Epi,27.817691962281096
"TMA|BT|[42054,10432]",TMA,BT,NAC2020,TURBT,"[42054,10432]",Acceptable,True,5816.0,Epi,46.493506493506494
"TMA|BT|[42252,8728]",TMA,BT,NAC2020,TURBT,"[42252,8728]",Acceptable,True,6738.0,Epi,33.30085261875762
"TMA|BT|[42260,11902]",TMA,BT,NAC2020,TURBT,"[42260,11902]",Acceptable,True,8328.0,Epi,51.19453924914676
"TMA|BT|[42260,13607]",TMA,BT,NAC2020,TURBT,"[42260,13607]",Acceptable,True,4649.0,Epi,2.8152260111022995
"TMA|BT|[42379,8690]",TMA,BT,NAC2020,TURBT,"[42379,8690]",Acceptable,True,6396.0,Epi,66.63413273842721
"TMA|BT|[42815,19324]",TMA,BT,NAC2020,TURBT,"[42815,19324]",Acceptable,True,6753.0,Epi,76.3500509453187
"TMA|BT|[43164,15864]",TMA,BT,NAC2020,TURBT,"[43164,15864]",Acceptable,True,4981.0,Epi,68.4328534340335
"TMA|BT|[43323,14080]",TMA,BT,NAC2020,TURBT,"[43323,14080]",Acceptable,True,4917.0,Epi,65.56776556776556
"TMA|BT|[43521,12336]",TMA,BT,NAC2020,TURBT,"[43521,12336]",Acceptable,True,6193.0,Epi,50.97516656571775
"TMA|BT|[43759,10591]",TMA,BT,NAC2020,TURBT,"[43759,10591]",Acceptable,True,4254.0,Epi,38.56441717791411
"TMA|BT|[43846,13527]",TMA,BT,NAC2020,TURBT,"[43846,13527]",Acceptable,True,7072.0,Epi,4.758214507129573
"TMA|BT|[43886,11941]",TMA,BT,NAC2020,TURBT,"[43886,11941]",Acceptable,True,7789.0,Epi,3.2896427653559495
"TMA|BT|[43917,8807]",TMA,BT,NAC2020,TURBT,"[43917,8807]",Acceptable,True,7832.0,Epi,60.991511871078856
"TMA|BT|[44517,19676]",TMA,BT,NAC2020,TURBT,"[44517,19676]",Acceptable,True,8225.0,Epi,42.67372451852687
"TMA|BT|[44591,17807]",TMA,BT,NAC2020,TURBT,"[44591,17807]",Acceptable,True,11599.0,Epi,0.24279880807857854
"TMA|BT|[44869,16102]",TMA,BT,NAC2020,TURBT,"[44869,16102]",Acceptable,True,5390.0,Epi,56.84783985810211
"TMA|BT|[45094,14212]",TMA,BT,NAC2020,TURBT,"[45094,14212]",Acceptable,True,6183.0,Epi,58.29388871357947
"TMA|BT|[45186,12455]",TMA,BT,NAC2020,TURBT,"[45186,12455]",Acceptable,True,12415.0,Epi,17.460495349097837
"TMA|BT|[45583,8965]",TMA,BT,NAC2020,TURBT,"[45583,8965]",Acceptable,True,8564.0,Epi,1.4172139647424817
"TMA|BT|[45670,10236]",TMA,BT,NAC2020,TURBT,"[45670,10236]",Acceptable,True,5311.0,Epi,59.67677838124255
"TMA|BT|[45670,8532]",TMA,BT,NAC2020,TURBT,"[45670,8532]",Acceptable,True,7144.0,Epi,22.715720682560814
"TMA|BT|[46362,19910]",TMA,BT,NAC2020,TURBT,"[46362,19910]",Acceptable,True,7947.0,Epi,18.57935627081021
"TMA|BT|[46574,16221]",TMA,BT,NAC2020,TURBT,"[46574,16221]",Acceptable,True,6400.0,Epi,66.10169491525424
"TMA|BT|[46970,12534]",TMA,BT,NAC2020,TURBT,"[46970,12534]",Acceptable,True,12099.0,Epi,20.249393069962483
"TMA|BT|[47098,13448]",TMA,BT,NAC2020,TURBT,"[47098,13448]",Borderline,True,3872.0,Epi,57.4021207177814
"TMA|BT|[47098,15113]",TMA,BT,NAC2020,TURBT,"[47098,15113]",Acceptable,True,5604.0,Epi,27.4577440496723
"TMA|BT|[47288,9084]",TMA,BT,NAC2020,TURBT,"[47288,9084]",Acceptable,True,7680.0,Epi,3.008970137390712
"TMA|BT|[48001,19988]",TMA,BT,NAC2020,TURBT,"[48001,19988]",Acceptable,True,8492.0,Epi,24.855627578078966
"TMA|BT|[48120,18164]",TMA,BT,NAC2020,TURBT,"[48120,18164]",Acceptable,True,7461.0,Epi,20.577746077032806
"TMA|BT|[48279,16301]",TMA,BT,NAC2020,TURBT,"[48279,16301]",Acceptable,True,7703.0,Epi,11.581479254359593
"TMA|BT|[48437,14477]",TMA,BT,NAC2020,TURBT,"[48437,14477]",Acceptable,True,9160.0,Epi,55.95968956330359
"TMA|BT|[48675,12692]",TMA,BT,NAC2020,TURBT,"[48675,12692]",Acceptable,True,7772.0,Epi,13.716031516320951
"TMA|BT|[48755,11067]",TMA,BT,NAC2020,TURBT,"[48755,11067]",Acceptable,True,6904.0,Epi,46.28068889703188
"TMA|BT|[48763,16739]",TMA,BT,NAC2020,TURBT,"[48763,16739]",Borderline,True,3381.0,Epi,31.468771448181194
"TMA|BT|[48882,13369]",TMA,BT,NAC2020,TURBT,"[48882,13369]",Acceptable,True,5556.0,Epi,74.59226310823561
"TMA|BT|[48882,15074]",TMA,BT,NAC2020,TURBT,"[48882,15074]",Acceptable,True,6327.0,Epi,79.2106938255888
"TMA|BT|[48953,9362]",TMA,BT,NAC2020,TURBT,"[48953,9362]",Acceptable,True,6737.0,Epi,16.728675761333886
"TMA|BT|[49001,8413]",TMA,BT,NAC2020,TURBT,"[49001,8413]",Acceptable,True,5689.0,Epi,27.891248478290272
"TMA|BT|[49627,19948]",TMA,BT,NAC2020,TURBT,"[49627,19948]",Acceptable,True,8449.0,Epi,19.9145693835142
"TMA|BT|[49825,18204]",TMA,BT,NAC2020,TURBT,"[49825,18204]",Acceptable,True,8763.0,Epi,54.242386263942855
"TMA|BT|[50063,16459]",TMA,BT,NAC2020,TURBT,"[50063,16459]",Acceptable,True,6566.0,Epi,11.555806087936865
"TMA|BT|[50103,14715]",TMA,BT,NAC2020,TURBT,"[50103,14715]",Borderline,True,6878.0,Epi,55.40558599492182
"TMA|BT|[50301,12930]",TMA,BT,NAC2020,TURBT,"[50301,12930]",Acceptable,True,9230.0,Epi,5.392609699769053
"TMA|BT|[50460,11186]",TMA,BT,NAC2020,TURBT,"[50460,11186]",Acceptable,True,4913.0,Epi,56.667970277669134
"TMA|BT|[50468,16779]",TMA,BT,NAC2020,TURBT,"[50468,16779]",Acceptable,True,6894.0,Epi,86.75640468953539
"TMA|BT|[50539,9481]",TMA,BT,NAC2020,TURBT,"[50539,9481]",Acceptable,True,5767.0,Epi,32.60842550018641
"TMA|BT|[50547,11783]",TMA,BT,NAC2020,TURBT,"[50547,11783]",Acceptable,True,6356.0,Epi,73.94416607015033
"TMA|BT|[50587,15113]",TMA,BT,NAC2020,TURBT,"[50587,15113]",Acceptable,True,4991.0,Epi,50.62436719541005
"TMA|BT|[51372,19988]",TMA,BT,NAC2020,TURBT,"[51372,19988]",Acceptable,True,5335.0,Epi,64.28910515072394
"TMA|BT|[51451,18243]",TMA,BT,NAC2020,TURBT,"[51451,18243]",Acceptable,True,5579.0,Epi,33.88351803819854
"TMA|BT|[51689,16538]",TMA,BT,NAC2020,TURBT,"[51689,16538]",Acceptable,True,5864.0,Epi,62.83679525222552
"TMA|BT|[51847,14834]",TMA,BT,NAC2020,TURBT,"[51847,14834]",Acceptable,True,8425.0,Epi,67.15867158671587
"TMA|BT|[52006,13089]",TMA,BT,NAC2020,TURBT,"[52006,13089]",Borderline,True,4909.0,Epi,30.65207044264636
"TMA|BT|[52164,11424]",TMA,BT,NAC2020,TURBT,"[52164,11424]",Acceptable,True,7260.0,Epi,27.94425087108014
"TMA|BT|[52164,9639]",TMA,BT,NAC2020,TURBT,"[52164,9639]",Acceptable,True,4541.0,Epi,85.16998075689544
"TMA|BT|[52212,16818]",TMA,BT,NAC2020,TURBT,"[52212,16818]",Borderline,True,4541.0,Epi,76.76844783715012
"TMA|BT|[52252,13448]",TMA,BT,NAC2020,TURBT,"[52252,13448]",Acceptable,True,3941.0,Epi,57.263248107413226
"TMA|BT|[53037,20028]",TMA,BT,NAC2020,TURBT,"[53037,20028]",Acceptable,True,5339.0,Epi,71.39240506329114
"TMA|BT|[53275,18323]",TMA,BT,NAC2020,TURBT,"[53275,18323]",Acceptable,True,5551.0,Epi,46.4380864126028
"TMA|BT|[53394,16658]",TMA,BT,NAC2020,TURBT,"[53394,16658]",Acceptable,True,6296.0,Epi,55.35003512058066
"TMA|BT|[53592,14992]",TMA,BT,NAC2020,TURBT,"[53592,14992]",Acceptable,True,7695.0,Epi,30.407957693276252
"TMA|BT|[53830,11503]",TMA,BT,NAC2020,TURBT,"[53830,11503]",Acceptable,True,7236.0,Epi,16.860986547085204
"TMA|BT|[53830,9798]",TMA,BT,NAC2020,TURBT,"[53830,9798]",Acceptable,True,4643.0,Epi,55.595861883649064
"TMA|BT|[53878,11822]",TMA,BT,NAC2020,TURBT,"[53878,11822]",Acceptable,True,3741.0,Epi,41.70925610448609
"TMA|BT|[53878,13488]",TMA,BT,NAC2020,TURBT,"[53878,13488]",Acceptable,True,4973.0,Epi,72.05290396779758
"TMA|BT|[53957,8532]",TMA,BT,NAC2020,TURBT,"[53957,8532]",Acceptable,True,6536.0,Epi,65.68654266958424
"TMA|BT|[55059,18402]",TMA,BT,NAC2020,TURBT,"[55059,18402]",Acceptable,True,7245.0,Epi,56.40243902439024
"TMA|BT|[55218,16737]",TMA,BT,NAC2020,TURBT,"[55218,16737]",Acceptable,True,7421.0,Epi,14.796030871003307
"TMA|BT|[55297,15032]",TMA,BT,NAC2020,TURBT,"[55297,15032]",Acceptable,True,5943.0,Epi,51.3474431444722
"TMA|BT|[55416,13372]",TMA,BT,NAC2020,TURBT,"[55416,13372]",Acceptable,True,7624.0,Epi,67.43909685086155
"TMA|BT|[55495,11662]",TMA,BT,NAC2020,TURBT,"[55495,11662]",Acceptable,True,7066.0,Epi,93.6149432303748
"TMA|BT|[55503,11822]",TMA,BT,NAC2020,TURBT,"[55503,11822]",Borderline,True,4199.0,Epi,83.80767191090685
"TMA|BT|[55503,15193]",TMA,BT,NAC2020,TURBT,"[55503,15193]",Acceptable,True,3396.0,Epi,0.6497175141242938
"TMA|BT|[55503,16779]",TMA,BT,NAC2020,TURBT,"[55503,16779]",Acceptable,True,3720.0,Epi,50.2834008097166
"TMA|BT|[55535,9957]",TMA,BT,NAC2020,TURBT,"[55535,9957]",Acceptable,True,6019.0,Epi,87.18870688507124
"TMA|BT|[55543,10118]",TMA,BT,NAC2020,TURBT,"[55543,10118]",Acceptable,True,6973.0,Epi,49.839640795381655
"TMA|BT|[55622,8452]",TMA,BT,NAC2020,TURBT,"[55622,8452]",Acceptable,True,5619.0,Epi,80.4831344822507
"TMA|BT|[56719,20050]",TMA,BT,NAC2020,TURBT,"[56719,20050]",Borderline,True,7331.0,Epi,37.1316554951309
"TMA|BT|[56883,18442]",TMA,BT,NAC2020,TURBT,"[56883,18442]",Acceptable,True,8181.0,Epi,56.62132310196488
"TMA|BT|[57002,16776]",TMA,BT,NAC2020,TURBT,"[57002,16776]",Acceptable,True,6873.0,Epi,28.928283642224013
"TMA|BT|[57041,15151]",TMA,BT,NAC2020,TURBT,"[57041,15151]",Acceptable,True,7270.0,Epi,64.60051546391753
"TMA|BT|[57160,11701]",TMA,BT,NAC2020,TURBT,"[57160,11701]",Acceptable,True,7031.0,Epi,89.10768383365463
"TMA|BT|[57178,13542]",TMA,BT,NAC2020,TURBT,"[57178,13542]",Acceptable,True,7319.0,Epi,84.88990129081246
"TMA|BT|[57200,10115]",TMA,BT,NAC2020,TURBT,"[57200,10115]",Acceptable,True,6449.0,Epi,86.57142857142857
"TMA|BT|[57208,11902]",TMA,BT,NAC2020,TURBT,"[57208,11902]",Borderline,True,4754.0,Epi,65.28235979041335
"TMA|BT|[57208,15232]",TMA,BT,NAC2020,TURBT,"[57208,15232]",Acceptable,True,8640.0,Epi,39.86689286180347
"TMA|BT|[57248,10197]",TMA,BT,NAC2020,TURBT,"[57248,10197]",Acceptable,True,4685.0,Epi,67.73187840997662
"TMA|BT|[57288,8492]",TMA,BT,NAC2020,TURBT,"[57288,8492]",Acceptable,True,6036.0,Epi,91.60895474311482
"TMA|BT|[58834,15153]",TMA,BT,NAC2020,TURBT,"[58834,15153]",Acceptable,True,4359.0,Epi,13.811821471652594
"TMA|BT|[58874,13527]",TMA,BT,NAC2020,TURBT,"[58874,13527]",Borderline,True,3955.0,Epi,72.16938812129912
"TMA|BT|[59032,10197]",TMA,BT,NAC2020,TURBT,"[59032,10197]",Acceptable,True,6478.0,Epi,16.240748498813016
"TMA|BT|[60460,16937]",TMA,BT,NAC2020,TURBT,"[60460,16937]",Acceptable,True,9332.0,Epi,36.56858092074039
"TMA|BT|[60499,15232]",TMA,BT,NAC2020,TURBT,"[60499,15232]",Acceptable,True,6490.0,Epi,36.89358372456964
"TMA|BT|[60579,13527]",TMA,BT,NAC2020,TURBT,"[60579,13527]",Acceptable,True,6425.0,Epi,37.48778785764131
"TMA|BT|[60698,10118]",TMA,BT,NAC2020,TURBT,"[60698,10118]",Acceptable,True,5393.0,Epi,0.06382639221318015
"TMA|BT|[37881,18781]",TMA,BT,NAC2020,TURBT,"[37881,18781]",Acceptable,True,8124.0,Stroma,79.29226736566186
"TMA|BT|[37970,16975]",TMA,BT,NAC2020,TURBT,"[37970,16975]",Acceptable,True,6436.0,Stroma,49.56456830057229
"TMA|BT|[38168,15399]",TMA,BT,NAC2020,TURBT,"[38168,15399]",Acceptable,True,6979.0,Stroma,20.061412487205732
"TMA|BT|[38366,13565]",TMA,BT,NAC2020,TURBT,"[38366,13565]",Acceptable,True,4170.0,Stroma,44.59749778844939
"TMA|BT|[38446,11900]",TMA,BT,NAC2020,TURBT,"[38446,11900]",Acceptable,True,5438.0,Stroma,22.71979313587212
"TMA|BT|[38684,10234]",TMA,BT,NAC2020,TURBT,"[38684,10234]",Acceptable,True,4893.0,Stroma,98.23988386862638
"TMA|BT|[38842,8529]",TMA,BT,NAC2020,TURBT,"[38842,8529]",Acceptable,True,10950.0,Stroma,96.94666001994018
"TMA|BT|[39009,13607]",TMA,BT,NAC2020,TURBT,"[39009,13607]",Acceptable,True,9060.0,Stroma,12.56823325788843
"TMA|BT|[39049,8888]",TMA,BT,NAC2020,TURBT,"[39049,8888]",Acceptable,True,7730.0,Stroma,93.90026102486605
"TMA|BT|[39168,10474]",TMA,BT,NAC2020,TURBT,"[39168,10474]",Acceptable,True,6284.0,Stroma,84.76685354847532
"TMA|BT|[39207,12021]",TMA,BT,NAC2020,TURBT,"[39207,12021]",Borderline,True,5657.0,Stroma,84.78877942895308
"TMA|BT|[39397,19036]",TMA,BT,NAC2020,TURBT,"[39397,19036]",Acceptable,True,7798.0,Stroma,67.24058769513314
"TMA|BT|[39635,17212]",TMA,BT,NAC2020,TURBT,"[39635,17212]",Acceptable,True,8653.0,Stroma,25.225225225225227
"TMA|BT|[39794,15468]",TMA,BT,NAC2020,TURBT,"[39794,15468]",Acceptable,True,4351.0,Stroma,44.1168515012172
"TMA|BT|[39952,13763]",TMA,BT,NAC2020,TURBT,"[39952,13763]",Borderline,True,3750.0,Stroma,61.21947892511253
"TMA|BT|[40195,11984]",TMA,BT,NAC2020,TURBT,"[40195,11984]",Acceptable,True,4775.0,Stroma,18.7895106532428
"TMA|BT|[40349,10314]",TMA,BT,NAC2020,TURBT,"[40349,10314]",Acceptable,True,8397.0,Stroma,97.89173789173789
"TMA|BT|[40547,8569]",TMA,BT,NAC2020,TURBT,"[40547,8569]",Acceptable,True,5966.0,Stroma,99.82075932866222
"TMA|BT|[40635,13567]",TMA,BT,NAC2020,TURBT,"[40635,13567]",Borderline,True,4731.0,Stroma,50.66099036522519
"TMA|BT|[41147,19220]",TMA,BT,NAC2020,TURBT,"[41147,19220]",Acceptable,True,5323.0,Stroma,22.37988198932284
"TMA|BT|[41340,17332]",TMA,BT,NAC2020,TURBT,"[41340,17332]",Acceptable,True,5244.0,Stroma,33.37957124842371
"TMA|BT|[41499,15587]",TMA,BT,NAC2020,TURBT,"[41499,15587]",Acceptable,True,4852.0,Stroma,44.06218144750255
"TMA|BT|[41974,12177]",TMA,BT,NAC2020,TURBT,"[41974,12177]",Acceptable,True,6024.0,Stroma,97.9436313051893
"TMA|BT|[42023,16541]",TMA,BT,NAC2020,TURBT,"[42023,16541]",Borderline,True,4393.0,Stroma,72.18230803771891
"TMA|BT|[42054,10432]",TMA,BT,NAC2020,TURBT,"[42054,10432]",Acceptable,True,5816.0,Stroma,53.506493506493506
"TMA|BT|[42252,8728]",TMA,BT,NAC2020,TURBT,"[42252,8728]",Acceptable,True,6738.0,Stroma,66.6991473812424
"TMA|BT|[42260,11902]",TMA,BT,NAC2020,TURBT,"[42260,11902]",Acceptable,True,8328.0,Stroma,48.80546075085324
"TMA|BT|[42260,13607]",TMA,BT,NAC2020,TURBT,"[42260,13607]",Acceptable,True,4649.0,Stroma,97.18477398889769
"TMA|BT|[42379,8690]",TMA,BT,NAC2020,TURBT,"[42379,8690]",Acceptable,True,6396.0,Stroma,33.36586726157278
"TMA|BT|[42815,19324]",TMA,BT,NAC2020,TURBT,"[42815,19324]",Acceptable,True,6753.0,Stroma,23.649949054681308
"TMA|BT|[43164,15864]",TMA,BT,NAC2020,TURBT,"[43164,15864]",Acceptable,True,4981.0,Stroma,31.567146565966482
"TMA|BT|[43323,14080]",TMA,BT,NAC2020,TURBT,"[43323,14080]",Acceptable,True,4917.0,Stroma,34.43223443223443
"TMA|BT|[43521,12336]",TMA,BT,NAC2020,TURBT,"[43521,12336]",Acceptable,True,6193.0,Stroma,49.02483343428226
"TMA|BT|[43759,10591]",TMA,BT,NAC2020,TURBT,"[43759,10591]",Acceptable,True,4254.0,Stroma,61.43558282208589
"TMA|BT|[43846,13527]",TMA,BT,NAC2020,TURBT,"[43846,13527]",Acceptable,True,7072.0,Stroma,95.24178549287043
"TMA|BT|[43886,11941]",TMA,BT,NAC2020,TURBT,"[43886,11941]",Acceptable,True,7789.0,Stroma,96.71035723464405
"TMA|BT|[43917,8807]",TMA,BT,NAC2020,TURBT,"[43917,8807]",Acceptable,True,7832.0,Stroma,39.00848812892115
"TMA|BT|[44517,19676]",TMA,BT,NAC2020,TURBT,"[44517,19676]",Acceptable,True,8225.0,Stroma,57.32627548147315
"TMA|BT|[44591,17807]",TMA,BT,NAC2020,TURBT,"[44591,17807]",Acceptable,True,11599.0,Stroma,99.75720119192142
"TMA|BT|[44869,16102]",TMA,BT,NAC2020,TURBT,"[44869,16102]",Acceptable,True,5390.0,Stroma,43.15216014189788
"TMA|BT|[45094,14212]",TMA,BT,NAC2020,TURBT,"[45094,14212]",Acceptable,True,6183.0,Stroma,41.70611128642054
"TMA|BT|[45186,12455]",TMA,BT,NAC2020,TURBT,"[45186,12455]",Acceptable,True,12415.0,Stroma,82.53950465090217
"TMA|BT|[45583,8965]",TMA,BT,NAC2020,TURBT,"[45583,8965]",Acceptable,True,8564.0,Stroma,98.58278603525751
"TMA|BT|[45670,10236]",TMA,BT,NAC2020,TURBT,"[45670,10236]",Acceptable,True,5311.0,Stroma,40.32322161875745
"TMA|BT|[45670,8532]",TMA,BT,NAC2020,TURBT,"[45670,8532]",Acceptable,True,7144.0,Stroma,77.28427931743919
"TMA|BT|[46362,19910]",TMA,BT,NAC2020,TURBT,"[46362,19910]",Acceptable,True,7947.0,Stroma,81.42064372918979
"TMA|BT|[46574,16221]",TMA,BT,NAC2020,TURBT,"[46574,16221]",Acceptable,True,6400.0,Stroma,33.898305084745765
"TMA|BT|[46970,12534]",TMA,BT,NAC2020,TURBT,"[46970,12534]",Acceptable,True,12099.0,Stroma,79.75060693003752
"TMA|BT|[47098,13448]",TMA,BT,NAC2020,TURBT,"[47098,13448]",Borderline,True,3872.0,Stroma,42.5978792822186
"TMA|BT|[47098,15113]",TMA,BT,NAC2020,TURBT,"[47098,15113]",Acceptable,True,5604.0,Stroma,72.5422559503277
"TMA|BT|[47288,9084]",TMA,BT,NAC2020,TURBT,"[47288,9084]",Acceptable,True,7680.0,Stroma,96.99102986260928
"TMA|BT|[48001,19988]",TMA,BT,NAC2020,TURBT,"[48001,19988]",Acceptable,True,8492.0,Stroma,75.14437242192105
"TMA|BT|[48120,18164]",TMA,BT,NAC2020,TURBT,"[48120,18164]",Acceptable,True,7461.0,Stroma,79.42225392296719
"TMA|BT|[48279,16301]",TMA,BT,NAC2020,TURBT,"[48279,16301]",Acceptable,True,7703.0,Stroma,88.41852074564042
"TMA|BT|[48437,14477]",TMA,BT,NAC2020,TURBT,"[48437,14477]",Acceptable,True,9160.0,Stroma,44.040310436696394
"TMA|BT|[48675,12692]",TMA,BT,NAC2020,TURBT,"[48675,12692]",Acceptable,True,7772.0,Stroma,86.28396848367905
"TMA|BT|[48755,11067]",TMA,BT,NAC2020,TURBT,"[48755,11067]",Acceptable,True,6904.0,Stroma,53.71931110296812
"TMA|BT|[48763,16739]",TMA,BT,NAC2020,TURBT,"[48763,16739]",Borderline,True,3381.0,Stroma,68.5312285518188
"TMA|BT|[48882,13369]",TMA,BT,NAC2020,TURBT,"[48882,13369]",Acceptable,True,5556.0,Stroma,25.407736891764394
"TMA|BT|[48882,15074]",TMA,BT,NAC2020,TURBT,"[48882,15074]",Acceptable,True,6327.0,Stroma,20.7893061744112
"TMA|BT|[48953,9362]",TMA,BT,NAC2020,TURBT,"[48953,9362]",Acceptable,True,6737.0,Stroma,83.27132423866612
"TMA|BT|[49001,8413]",TMA,BT,NAC2020,TURBT,"[49001,8413]",Acceptable,True,5689.0,Stroma,72.10875152170972
"TMA|BT|[49627,19948]",TMA,BT,NAC2020,TURBT,"[49627,19948]",Acceptable,True,8449.0,Stroma,80.0854306164858
"TMA|BT|[49825,18204]",TMA,BT,NAC2020,TURBT,"[49825,18204]",Acceptable,True,8763.0,Stroma,45.75761373605715
"TMA|BT|[50063,16459]",TMA,BT,NAC2020,TURBT,"[50063,16459]",Acceptable,True,6566.0,Stroma,88.44419391206313
"TMA|BT|[50103,14715]",TMA,BT,NAC2020,TURBT,"[50103,14715]",Borderline,True,6878.0,Stroma,44.59441400507817
"TMA|BT|[50301,12930]",TMA,BT,NAC2020,TURBT,"[50301,12930]",Acceptable,True,9230.0,Stroma,94.60739030023093
"TMA|BT|[50460,11186]",TMA,BT,NAC2020,TURBT,"[50460,11186]",Acceptable,True,4913.0,Stroma,43.33202972233085
"TMA|BT|[50468,16779]",TMA,BT,NAC2020,TURBT,"[50468,16779]",Acceptable,True,6894.0,Stroma,13.243595310464611
"TMA|BT|[50539,9481]",TMA,BT,NAC2020,TURBT,"[50539,9481]",Acceptable,True,5767.0,Stroma,67.3915744998136
"TMA|BT|[50547,11783]",TMA,BT,NAC2020,TURBT,"[50547,11783]",Acceptable,True,6356.0,Stroma,26.05583392984968
"TMA|BT|[50587,15113]",TMA,BT,NAC2020,TURBT,"[50587,15113]",Acceptable,True,4991.0,Stroma,49.37563280458994
"TMA|BT|[51372,19988]",TMA,BT,NAC2020,TURBT,"[51372,19988]",Acceptable,True,5335.0,Stroma,35.710894849276045
"TMA|BT|[51451,18243]",TMA,BT,NAC2020,TURBT,"[51451,18243]",Acceptable,True,5579.0,Stroma,66.11648196180147
"TMA|BT|[51689,16538]",TMA,BT,NAC2020,TURBT,"[51689,16538]",Acceptable,True,5864.0,Stroma,37.16320474777448
"TMA|BT|[51847,14834]",TMA,BT,NAC2020,TURBT,"[51847,14834]",Acceptable,True,8425.0,Stroma,32.84132841328413
"TMA|BT|[52006,13089]",TMA,BT,NAC2020,TURBT,"[52006,13089]",Borderline,True,4909.0,Stroma,69.34792955735364
"TMA|BT|[52164,11424]",TMA,BT,NAC2020,TURBT,"[52164,11424]",Acceptable,True,7260.0,Stroma,72.05574912891987
"TMA|BT|[52164,9639]",TMA,BT,NAC2020,TURBT,"[52164,9639]",Acceptable,True,4541.0,Stroma,14.830019243104553
"TMA|BT|[52212,16818]",TMA,BT,NAC2020,TURBT,"[52212,16818]",Borderline,True,4541.0,Stroma,23.231552162849873
"TMA|BT|[52252,13448]",TMA,BT,NAC2020,TURBT,"[52252,13448]",Acceptable,True,3941.0,Stroma,42.73675189258677
"TMA|BT|[53037,20028]",TMA,BT,NAC2020,TURBT,"[53037,20028]",Acceptable,True,5339.0,Stroma,28.60759493670886
"TMA|BT|[53275,18323]",TMA,BT,NAC2020,TURBT,"[53275,18323]",Acceptable,True,5551.0,Stroma,53.561913587397186
"TMA|BT|[53394,16658]",TMA,BT,NAC2020,TURBT,"[53394,16658]",Acceptable,True,6296.0,Stroma,44.649964879419336
"TMA|BT|[53592,14992]",TMA,BT,NAC2020,TURBT,"[53592,14992]",Acceptable,True,7695.0,Stroma,69.59204230672374
"TMA|BT|[53830,11503]",TMA,BT,NAC2020,TURBT,"[53830,11503]",Acceptable,True,7236.0,Stroma,83.13901345291481
"TMA|BT|[53830,9798]",TMA,BT,NAC2020,TURBT,"[53830,9798]",Acceptable,True,4643.0,Stroma,44.40413811635092
"TMA|BT|[53878,11822]",TMA,BT,NAC2020,TURBT,"[53878,11822]",Acceptable,True,3741.0,Stroma,58.29074389551391
"TMA|BT|[53878,13488]",TMA,BT,NAC2020,TURBT,"[53878,13488]",Acceptable,True,4973.0,Stroma,27.947096032202417
"TMA|BT|[53957,8532]",TMA,BT,NAC2020,TURBT,"[53957,8532]",Acceptable,True,6536.0,Stroma,34.31345733041575
"TMA|BT|[55059,18402]",TMA,BT,NAC2020,TURBT,"[55059,18402]",Acceptable,True,7245.0,Stroma,43.59756097560975
"TMA|BT|[55218,16737]",TMA,BT,NAC2020,TURBT,"[55218,16737]",Acceptable,True,7421.0,Stroma,85.20396912899669
"TMA|BT|[55297,15032]",TMA,BT,NAC2020,TURBT,"[55297,15032]",Acceptable,True,5943.0,Stroma,48.652556855527806
"TMA|BT|[55416,13372]",TMA,BT,NAC2020,TURBT,"[55416,13372]",Acceptable,True,7624.0,Stroma,32.56090314913844
"TMA|BT|[55495,11662]",TMA,BT,NAC2020,TURBT,"[55495,11662]",Acceptable,True,7066.0,Stroma,6.385056769625198
"TMA|BT|[55503,11822]",TMA,BT,NAC2020,TURBT,"[55503,11822]",Borderline,True,4199.0,Stroma,16.19232808909316
"TMA|BT|[55503,15193]",TMA,BT,NAC2020,TURBT,"[55503,15193]",Acceptable,True,3396.0,Stroma,99.35028248587571
"TMA|BT|[55503,16779]",TMA,BT,NAC2020,TURBT,"[55503,16779]",Acceptable,True,3720.0,Stroma,49.71659919028341
"TMA|BT|[55535,9957]",TMA,BT,NAC2020,TURBT,"[55535,9957]",Acceptable,True,6019.0,Stroma,12.81129311492875
"TMA|BT|[55543,10118]",TMA,BT,NAC2020,TURBT,"[55543,10118]",Acceptable,True,6973.0,Stroma,50.160359204618345
"TMA|BT|[55622,8452]",TMA,BT,NAC2020,TURBT,"[55622,8452]",Acceptable,True,5619.0,Stroma,19.5168655177493
"TMA|BT|[56719,20050]",TMA,BT,NAC2020,TURBT,"[56719,20050]",Borderline,True,7331.0,Stroma,62.86834450486911
"TMA|BT|[56883,18442]",TMA,BT,NAC2020,TURBT,"[56883,18442]",Acceptable,True,8181.0,Stroma,43.37867689803511
"TMA|BT|[57002,16776]",TMA,BT,NAC2020,TURBT,"[57002,16776]",Acceptable,True,6873.0,Stroma,71.07171635777598
"TMA|BT|[57041,15151]",TMA,BT,NAC2020,TURBT,"[57041,15151]",Acceptable,True,7270.0,Stroma,35.399484536082475
"TMA|BT|[57160,11701]",TMA,BT,NAC2020,TURBT,"[57160,11701]",Acceptable,True,7031.0,Stroma,10.892316166345362
"TMA|BT|[57178,13542]",TMA,BT,NAC2020,TURBT,"[57178,13542]",Acceptable,True,7319.0,Stroma,15.110098709187548
"TMA|BT|[57200,10115]",TMA,BT,NAC2020,TURBT,"[57200,10115]",Acceptable,True,6449.0,Stroma,13.428571428571427
"TMA|BT|[57208,11902]",TMA,BT,NAC2020,TURBT,"[57208,11902]",Borderline,True,4754.0,Stroma,34.71764020958665
"TMA|BT|[57208,15232]",TMA,BT,NAC2020,TURBT,"[57208,15232]",Acceptable,True,8640.0,Stroma,60.133107138196536
"TMA|BT|[57248,10197]",TMA,BT,NAC2020,TURBT,"[57248,10197]",Acceptable,True,4685.0,Stroma,32.268121590023384
"TMA|BT|[57288,8492]",TMA,BT,NAC2020,TURBT,"[57288,8492]",Acceptable,True,6036.0,Stroma,8.391045256885166
"TMA|BT|[58834,15153]",TMA,BT,NAC2020,TURBT,"[58834,15153]",Acceptable,True,4359.0,Stroma,86.18817852834742
"TMA|BT|[58874,13527]",TMA,BT,NAC2020,TURBT,"[58874,13527]",Borderline,True,3955.0,Stroma,27.830611878700882
"TMA|BT|[59032,10197]",TMA,BT,NAC2020,TURBT,"[59032,10197]",Acceptable,True,6478.0,Stroma,83.75925150118698
"TMA|BT|[60460,16937]",TMA,BT,NAC2020,TURBT,"[60460,16937]",Acceptable,True,9332.0,Stroma,63.43141907925961
"TMA|BT|[60499,15232]",TMA,BT,NAC2020,TURBT,"[60499,15232]",Acceptable,True,6490.0,Stroma,63.106416275430355
"TMA|BT|[60579,13527]",TMA,BT,NAC2020,TURBT,"[60579,13527]",Acceptable,True,6425.0,Stroma,62.512212142358685
"TMA|BT|[60698,10118]",TMA,BT,NAC2020,TURBT,"[60698,10118]",Acceptable,True,5393.0,Stroma,99.93617360778681
"TMA|BT|[38732,18365]",TMA,BT,NAC2020,RC,"[38732,18365]",Acceptable,True,8809.0,Epi,4.547734492559773
"TMA|BT|[38732,19990]",TMA,BT,NAC2020,RC,"[38732,19990]",Acceptable,True,7864.0,Epi,1.9583070120025268
"TMA|BT|[40318,18325]",TMA,BT,NAC2020,RC,"[40318,18325]",Acceptable,True,8594.0,Epi,1.2262102439647466
"TMA|BT|[41904,19911]",TMA,BT,NAC2020,RC,"[41904,19911]",Acceptable,True,4262.0,Epi,29.698302954116905
"TMA|BT|[41983,18246]",TMA,BT,NAC2020,RC,"[41983,18246]",Acceptable,True,8703.0,Epi,3.152429224873284
"TMA|BT|[43490,19990]",TMA,BT,NAC2020,RC,"[43490,19990]",Acceptable,True,4445.0,Epi,26.334231805929925
"TMA|BT|[43648,18246]",TMA,BT,NAC2020,RC,"[43648,18246]",Acceptable,True,7181.0,Epi,3.1135762006807015
"TMA|BT|[45274,18325]",TMA,BT,NAC2020,RC,"[45274,18325]",Acceptable,True,4451.0,Epi,6.489308801591248
"TMA|BT|[45274,19911]",TMA,BT,NAC2020,RC,"[45274,19911]",Acceptable,True,5425.0,Epi,63.854660347551345
"TMA|BT|[46900,20030]",TMA,BT,NAC2020,RC,"[46900,20030]",Acceptable,True,5489.0,Epi,70.45908183632734
"TMA|BT|[47018,18365]",TMA,BT,NAC2020,RC,"[47018,18365]",Acceptable,True,6810.0,Epi,24.620548744892005
"TMA|BT|[48723,19871]",TMA,BT,NAC2020,RC,"[48723,19871]",Acceptable,True,6219.0,Epi,49.796999117387465
"TMA|BT|[50389,19911]",TMA,BT,NAC2020,RC,"[50389,19911]",Acceptable,True,7225.0,Epi,52.633073101490425
"TMA|BT|[52133,18365]",TMA,BT,NAC2020,RC,"[52133,18365]",Acceptable,True,6034.0,Epi,70.92371785662979
"TMA|BT|[52133,19951]",TMA,BT,NAC2020,RC,"[52133,19951]",Acceptable,True,8451.0,Epi,26.465315128947733
"TMA|BT|[53798,18444]",TMA,BT,NAC2020,RC,"[53798,18444]",Acceptable,True,5376.0,Epi,72.75851763299463
"TMA|BT|[53838,20030]",TMA,BT,NAC2020,RC,"[53838,20030]",Acceptable,True,7534.0,Epi,34.01734104046243
"TMA|BT|[55424,18404]",TMA,BT,NAC2020,RC,"[55424,18404]",Acceptable,True,5645.0,Epi,61.277378364821935
"TMA|BT|[55424,19990]",TMA,BT,NAC2020,RC,"[55424,19990]",Acceptable,True,5916.0,Epi,7.108433734939759
"TMA|BT|[56891,20070]",TMA,BT,NAC2020,RC,"[56891,20070]",Borderline,True,4774.0,Epi,35.27131782945737
"TMA|BT|[57089,18404]",TMA,BT,NAC2020,RC,"[57089,18404]",Acceptable,True,5182.0,Epi,22.611980572045333
"TMA|BT|[58675,18563]",TMA,BT,NAC2020,RC,"[58675,18563]",Acceptable,True,5051.0,Epi,21.2723259080875
"TMA|BT|[38732,18365]",TMA,BT,NAC2020,RC,"[38732,18365]",Acceptable,True,8809.0,Stroma,95.45226550744023
"TMA|BT|[38732,19990]",TMA,BT,NAC2020,RC,"[38732,19990]",Acceptable,True,7864.0,Stroma,98.04169298799748
"TMA|BT|[40318,18325]",TMA,BT,NAC2020,RC,"[40318,18325]",Acceptable,True,8594.0,Stroma,98.77378975603527
"TMA|BT|[41904,19911]",TMA,BT,NAC2020,RC,"[41904,19911]",Acceptable,True,4262.0,Stroma,70.30169704588309
"TMA|BT|[41983,18246]",TMA,BT,NAC2020,RC,"[41983,18246]",Acceptable,True,8703.0,Stroma,96.84757077512671
"TMA|BT|[43490,19990]",TMA,BT,NAC2020,RC,"[43490,19990]",Acceptable,True,4445.0,Stroma,73.6657681940701
"TMA|BT|[43648,18246]",TMA,BT,NAC2020,RC,"[43648,18246]",Acceptable,True,7181.0,Stroma,96.8864237993193
"TMA|BT|[45274,18325]",TMA,BT,NAC2020,RC,"[45274,18325]",Acceptable,True,4451.0,Stroma,93.51069119840875
"TMA|BT|[45274,19911]",TMA,BT,NAC2020,RC,"[45274,19911]",Acceptable,True,5425.0,Stroma,36.14533965244866
"TMA|BT|[46900,20030]",TMA,BT,NAC2020,RC,"[46900,20030]",Acceptable,True,5489.0,Stroma,29.540918163672657
"TMA|BT|[47018,18365]",TMA,BT,NAC2020,RC,"[47018,18365]",Acceptable,True,6810.0,Stroma,75.37945125510801
"TMA|BT|[48723,19871]",TMA,BT,NAC2020,RC,"[48723,19871]",Acceptable,True,6219.0,Stroma,50.20300088261253
"TMA|BT|[50389,19911]",TMA,BT,NAC2020,RC,"[50389,19911]",Acceptable,True,7225.0,Stroma,47.36692689850958
"TMA|BT|[52133,18365]",TMA,BT,NAC2020,RC,"[52133,18365]",Acceptable,True,6034.0,Stroma,29.076282143370204
"TMA|BT|[52133,19951]",TMA,BT,NAC2020,RC,"[52133,19951]",Acceptable,True,8451.0,Stroma,73.53468487105226
"TMA|BT|[53798,18444]",TMA,BT,NAC2020,RC,"[53798,18444]",Acceptable,True,5376.0,Stroma,27.24148236700538
"TMA|BT|[53838,20030]",TMA,BT,NAC2020,RC,"[53838,20030]",Acceptable,True,7534.0,Stroma,65.98265895953759
"TMA|BT|[55424,18404]",TMA,BT,NAC2020,RC,"[55424,18404]",Acceptable,True,5645.0,Stroma,38.722621635178065
"TMA|BT|[55424,19990]",TMA,BT,NAC2020,RC,"[55424,19990]",Acceptable,True,5916.0,Stroma,92.89156626506023
"TMA|BT|[56891,20070]",TMA,BT,NAC2020,RC,"[56891,20070]",Borderline,True,4774.0,Stroma,64.72868217054264
"TMA|BT|[57089,18404]",TMA,BT,NAC2020,RC,"[57089,18404]",Acceptable,True,5182.0,Stroma,77.38801942795466
"TMA|BT|[58675,18563]",TMA,BT,NAC2020,RC,"[58675,18563]",Acceptable,True,5051.0,Stroma,78.72767409191249
"TMA|BT|[33727,20101]",TMA,BT,PURE01,TURBT,"[33727,20101]",Borderline,True,5090.0,Epi,39.710658399763794
"TMA|BT|[34044,14906]",TMA,BT,PURE01,TURBT,"[34044,14906]",Acceptable,True,6412.0,Epi,56.27747252747253
"TMA|BT|[34044,16611]",TMA,BT,PURE01,TURBT,"[34044,16611]",Acceptable,True,4133.0,Epi,0.10075566750629722
"TMA|BT|[34716,10069]",TMA,BT,PURE01,TURBT,"[34716,10069]",Borderline,True,4328.0,Epi,72.93418084888252
"TMA|BT|[34758,8285]",TMA,BT,PURE01,TURBT,"[34758,8285]",Borderline,True,5803.0,Epi,81.29653964082348
"TMA|BT|[34956,6501]",TMA,BT,PURE01,TURBT,"[34956,6501]",Acceptable,True,6723.0,Epi,24.38573315719947
"TMA|BT|[35150,12620]",TMA,BT,PURE01,TURBT,"[35150,12620]",Acceptable,True,6535.0,Epi,43.8140267927502
"TMA|BT|[35393,10625]",TMA,BT,PURE01,TURBT,"[35393,10625]",Acceptable,True,6209.0,Epi,57.353760445682454
"TMA|BT|[35512,8960]",TMA,BT,PURE01,TURBT,"[35512,8960]",Acceptable,True,8110.0,Epi,57.068062827225134
"TMA|BT|[36210,10191]",TMA,BT,PURE01,TURBT,"[36210,10191]",Acceptable,True,9540.0,Epi,68.6319612590799
"TMA|BT|[36384,8404]",TMA,BT,PURE01,TURBT,"[36384,8404]",Acceptable,True,6354.0,Epi,82.47110621904238
"TMA|BT|[36582,6699]",TMA,BT,PURE01,TURBT,"[36582,6699]",Borderline,True,3053.0,Epi,0.3678273663560569
"TMA|BT|[36740,5034]",TMA,BT,PURE01,TURBT,"[36740,5034]",Acceptable,True,6754.0,Epi,25.899381675098372
"TMA|BT|[36776,12818]",TMA,BT,PURE01,TURBT,"[36776,12818]",Acceptable,True,6599.0,Epi,51.513605442176875
"TMA|BT|[37296,16929]",TMA,BT,PURE01,TURBT,"[37296,16929]",Acceptable,True,5441.0,Epi,36.54724028219671
"TMA|BT|[37573,13638]",TMA,BT,PURE01,TURBT,"[37573,13638]",Acceptable,True,4887.0,Epi,84.23139039788578
"TMA|BT|[37732,12012]",TMA,BT,PURE01,TURBT,"[37732,12012]",Acceptable,True,8370.0,Epi,82.425068119891
"TMA|BT|[38089,8563]",TMA,BT,PURE01,TURBT,"[38089,8563]",Acceptable,True,6105.0,Epi,44.81747544348335
"TMA|BT|[38326,6818]",TMA,BT,PURE01,TURBT,"[38326,6818]",Acceptable,True,3948.0,Epi,46.556380823767725
"TMA|BT|[38446,5153]",TMA,BT,PURE01,TURBT,"[38446,5153]",Acceptable,True,5845.0,Epi,12.589138782227097
"TMA|BT|[38481,13017]",TMA,BT,PURE01,TURBT,"[38481,13017]",Acceptable,True,5040.0,Epi,25.419664268585134
"TMA|BT|[38724,10784]",TMA,BT,PURE01,TURBT,"[38724,10784]",Acceptable,True,6436.0,Epi,58.449992783951515
"TMA|BT|[38763,20537]",TMA,BT,PURE01,TURBT,"[38763,20537]",Acceptable,True,5616.0,Epi,48.48733583489681
"TMA|BT|[38843,9118]",TMA,BT,PURE01,TURBT,"[38843,9118]",Acceptable,True,5073.0,Epi,50.72863936186532
"TMA|BT|[38921,18673]",TMA,BT,PURE01,TURBT,"[38921,18673]",Acceptable,True,8438.0,Epi,73.06401342603692
"TMA|BT|[39159,15422]",TMA,BT,PURE01,TURBT,"[39159,15422]",Acceptable,True,8328.0,Epi,48.73569002390237
"TMA|BT|[39397,12131]",TMA,BT,PURE01,TURBT,"[39397,12131]",Acceptable,True,4385.0,Epi,2.1538941782425476
"TMA|BT|[39714,10426]",TMA,BT,PURE01,TURBT,"[39714,10426]",Acceptable,True,7678.0,Epi,92.00241254523523
"TMA|BT|[39952,8761]",TMA,BT,PURE01,TURBT,"[39952,8761]",Acceptable,True,7144.0,Epi,40.51400169717541
"TMA|BT|[40032,7056]",TMA,BT,PURE01,TURBT,"[40032,7056]",Acceptable,True,3526.0,Epi,42.3009693310027
"TMA|BT|[40269,5391]",TMA,BT,PURE01,TURBT,"[40269,5391]",Acceptable,True,4597.0,Epi,56.77349851871802
"TMA|BT|[40464,11589]",TMA,BT,PURE01,TURBT,"[40464,11589]",Acceptable,True,3183.0,Epi,27.995226730310257
"TMA|BT|[40508,10902]",TMA,BT,PURE01,TURBT,"[40508,10902]",Acceptable,True,4797.0,Epi,45.65989028718941
"TMA|BT|[40587,20576]",TMA,BT,PURE01,TURBT,"[40587,20576]",Acceptable,True,5662.0,Epi,54.202088899684234
"TMA|BT|[40666,18832]",TMA,BT,PURE01,TURBT,"[40666,18832]",Acceptable,True,3795.0,Epi,43.93063583815029
"TMA|BT|[40983,15541]",TMA,BT,PURE01,TURBT,"[40983,15541]",Acceptable,True,6437.0,Epi,66.06981981981983
"TMA|BT|[41142,13836]",TMA,BT,PURE01,TURBT,"[41142,13836]",Acceptable,True,4087.0,Epi,2.622794468288031
"TMA|BT|[41261,12131]",TMA,BT,PURE01,TURBT,"[41261,12131]",Acceptable,True,8715.0,Epi,75.6615776081425
"TMA|BT|[41617,8880]",TMA,BT,PURE01,TURBT,"[41617,8880]",Borderline,True,6081.0,Epi,47.98185231539424
"TMA|BT|[41776,7175]",TMA,BT,PURE01,TURBT,"[41776,7175]",Acceptable,True,5209.0,Epi,56.06575193587827
"TMA|BT|[41812,13453]",TMA,BT,PURE01,TURBT,"[41812,13453]",Acceptable,True,3868.0,Epi,19.002416292716603
"TMA|BT|[42089,11787]",TMA,BT,PURE01,TURBT,"[42089,11787]",Borderline,True,3244.0,Epi,47.44869139521747
"TMA|BT|[42371,20695]",TMA,BT,PURE01,TURBT,"[42371,20695]",Acceptable,True,6355.0,Epi,44.62378942140552
"TMA|BT|[42450,18951]",TMA,BT,PURE01,TURBT,"[42450,18951]",Acceptable,True,5809.0,Epi,40.59539918809202
"TMA|BT|[42569,17246]",TMA,BT,PURE01,TURBT,"[42569,17246]",Borderline,True,6189.0,Epi,47.816349384098544
"TMA|BT|[42886,13955]",TMA,BT,PURE01,TURBT,"[42886,13955]",Borderline,True,3081.0,Epi,24.239309210526315
"TMA|BT|[43005,12290]",TMA,BT,PURE01,TURBT,"[43005,12290]",Borderline,True,6591.0,Epi,55.39899139721151
"TMA|BT|[43283,9038]",TMA,BT,PURE01,TURBT,"[43283,9038]",Acceptable,True,8142.0,Epi,20.876543209876544
"TMA|BT|[43521,7373]",TMA,BT,PURE01,TURBT,"[43521,7373]",Acceptable,True,5511.0,Epi,67.89971734054319
"TMA|BT|[43556,13651]",TMA,BT,PURE01,TURBT,"[43556,13651]",Acceptable,True,3726.0,Epi,27.690157716111003
"TMA|BT|[43878,11061]",TMA,BT,PURE01,TURBT,"[43878,11061]",Acceptable,True,7176.0,Epi,55.75346338705118
"TMA|BT|[43957,9356]",TMA,BT,PURE01,TURBT,"[43957,9356]",Acceptable,True,7486.0,Epi,25.447551412930906
"TMA|BT|[44155,19109]",TMA,BT,PURE01,TURBT,"[44155,19109]",Acceptable,True,8667.0,Epi,44.387457745658004
"TMA|BT|[44274,17365]",TMA,BT,PURE01,TURBT,"[44274,17365]",Acceptable,True,6926.0,Epi,35.0277710697899
"TMA|BT|[44353,15739]",TMA,BT,PURE01,TURBT,"[44353,15739]",Acceptable,True,8486.0,Epi,58.147492625368734
"TMA|BT|[44512,14034]",TMA,BT,PURE01,TURBT,"[44512,14034]",Borderline,True,4149.0,Epi,20.70289994238525
"TMA|BT|[44670,12369]",TMA,BT,PURE01,TURBT,"[44670,12369]",Borderline,True,5779.0,Epi,17.37229179089644
"TMA|BT|[45027,9157]",TMA,BT,PURE01,TURBT,"[45027,9157]",Acceptable,True,6029.0,Epi,25.271210013908206
"TMA|BT|[45261,13849]",TMA,BT,PURE01,TURBT,"[45261,13849]",Acceptable,True,6127.0,Epi,81.50721539283805
"TMA|BT|[45583,11180]",TMA,BT,PURE01,TURBT,"[45583,11180]",Acceptable,True,6612.0,Epi,6.964819826235579
"TMA|BT|[45662,9475]",TMA,BT,PURE01,TURBT,"[45662,9475]",Acceptable,True,6013.0,Epi,20.330312774042678
"TMA|BT|[45781,20894]",TMA,BT,PURE01,TURBT,"[45781,20894]",Acceptable,True,9220.0,Epi,1.4289797084881395
"TMA|BT|[45860,19268]",TMA,BT,PURE01,TURBT,"[45860,19268]",Acceptable,True,6930.0,Epi,56.214039125431526
"TMA|BT|[46019,17523]",TMA,BT,PURE01,TURBT,"[46019,17523]",Acceptable,True,8939.0,Epi,32.580914845336196
"TMA|BT|[46177,15898]",TMA,BT,PURE01,TURBT,"[46177,15898]",Borderline,True,5398.0,Epi,63.742865725443075
"TMA|BT|[46217,14153]",TMA,BT,PURE01,TURBT,"[46217,14153]",Acceptable,True,5221.0,Epi,15.468792218319374
"TMA|BT|[46772,9395]",TMA,BT,PURE01,TURBT,"[46772,9395]",Acceptable,True,6780.0,Epi,73.83987761346252
"TMA|BT|[46966,14048]",TMA,BT,PURE01,TURBT,"[46966,14048]",Acceptable,True,5273.0,Epi,60.95936947954885
"TMA|BT|[47010,6223]",TMA,BT,PURE01,TURBT,"[47010,6223]",Acceptable,True,4487.0,Epi,39.394542919737106
"TMA|BT|[47085,12442]",TMA,BT,PURE01,TURBT,"[47085,12442]",Borderline,True,4760.0,Epi,71.36510500807755
"TMA|BT|[47288,11220]",TMA,BT,PURE01,TURBT,"[47288,11220]",Acceptable,True,9219.0,Epi,34.19043792687826
"TMA|BT|[47300,9458]",TMA,BT,PURE01,TURBT,"[47300,9458]",Acceptable,True,7182.0,Epi,49.64468682862337
"TMA|BT|[47565,20973]",TMA,BT,PURE01,TURBT,"[47565,20973]",Borderline,True,4303.0,Epi,63.07436517533253
"TMA|BT|[47684,19308]",TMA,BT,PURE01,TURBT,"[47684,19308]",Borderline,True,5449.0,Epi,31.233496793662766
"TMA|BT|[47922,16096]",TMA,BT,PURE01,TURBT,"[47922,16096]",Acceptable,True,4839.0,Epi,0.24481801860616942
"TMA|BT|[48041,14470]",TMA,BT,PURE01,TURBT,"[48041,14470]",Acceptable,True,6225.0,Epi,63.1309762063598
"TMA|BT|[48239,12686]",TMA,BT,PURE01,TURBT,"[48239,12686]",Borderline,True,6675.0,Epi,2.5919732441471575
"TMA|BT|[48715,7928]",TMA,BT,PURE01,TURBT,"[48715,7928]",Borderline,True,5336.0,Epi,27.583661417322833
"TMA|BT|[48794,6342]",TMA,BT,PURE01,TURBT,"[48794,6342]",Borderline,True,3746.0,Epi,47.746570868713256
"TMA|BT|[48889,12600]",TMA,BT,PURE01,TURBT,"[48889,12600]",Acceptable,True,5438.0,Epi,0.0
"TMA|BT|[48993,11299]",TMA,BT,PURE01,TURBT,"[48993,11299]",Borderline,True,6520.0,Epi,27.933541017653166
"TMA|BT|[49033,9713]",TMA,BT,PURE01,TURBT,"[49033,9713]",Acceptable,True,6392.0,Epi,43.38276440962507
"TMA|BT|[49310,21012]",TMA,BT,PURE01,TURBT,"[49310,21012]",Acceptable,True,5442.0,Epi,45.86507072905332
"TMA|BT|[49349,19347]",TMA,BT,PURE01,TURBT,"[49349,19347]",Borderline,True,5854.0,Epi,22.145251396648046
"TMA|BT|[49666,16175]",TMA,BT,PURE01,TURBT,"[49666,16175]",Acceptable,True,10027.0,Epi,0.7233986584243063
"TMA|BT|[49785,14589]",TMA,BT,PURE01,TURBT,"[49785,14589]",Acceptable,True,8051.0,Epi,54.70159397009761
"TMA|BT|[50023,11298]",TMA,BT,PURE01,TURBT,"[50023,11298]",Acceptable,True,10673.0,Epi,9.627370375281792
"TMA|BT|[50499,6382]",TMA,BT,PURE01,TURBT,"[50499,6382]",Borderline,True,5433.0,Epi,38.252602987777266
"TMA|BT|[50574,12779]",TMA,BT,PURE01,TURBT,"[50574,12779]",Acceptable,True,5291.0,Epi,0.16168148746968472
"TMA|BT|[51411,16374]",TMA,BT,PURE01,TURBT,"[51411,16374]",Acceptable,True,7206.0,Epi,19.416058394160586
"TMA|BT|[51570,14708]",TMA,BT,PURE01,TURBT,"[51570,14708]",Acceptable,True,5409.0,Epi,19.60285941223193
"TMA|BT|[51768,11378]",TMA,BT,PURE01,TURBT,"[51768,11378]",Acceptable,True,6630.0,Epi,76.5449945789664
"TMA|BT|[52164,8010]",TMA,BT,PURE01,TURBT,"[52164,8010]",Acceptable,True,6894.0,Epi,5.518131001863265
"TMA|BT|[52561,21330]",TMA,BT,PURE01,TURBT,"[52561,21330]",Acceptable,True,4959.0,Epi,52.44650606015262
"TMA|BT|[52759,19664]",TMA,BT,PURE01,TURBT,"[52759,19664]",Acceptable,True,6930.0,Epi,0.4076265614727153
"TMA|BT|[53116,16532]",TMA,BT,PURE01,TURBT,"[53116,16532]",Acceptable,True,9829.0,Epi,80.53683476644201
"TMA|BT|[53274,14827]",TMA,BT,PURE01,TURBT,"[53274,14827]",Acceptable,True,5081.0,Epi,12.10118215329859
"TMA|BT|[53433,13202]",TMA,BT,PURE01,TURBT,"[53433,13202]",Acceptable,True,7169.0,Epi,41.80072651790348
"TMA|BT|[53552,11576]",TMA,BT,PURE01,TURBT,"[53552,11576]",Acceptable,True,7819.0,Epi,68.67052023121387
"TMA|BT|[53869,8325]",TMA,BT,PURE01,TURBT,"[53869,8325]",Acceptable,True,5706.0,Epi,30.623845388659937
"TMA|BT|[54464,21488]",TMA,BT,PURE01,TURBT,"[54464,21488]",Acceptable,True,5613.0,Epi,52.5958045236142
"TMA|BT|[54543,19823]",TMA,BT,PURE01,TURBT,"[54543,19823]",Acceptable,True,9005.0,Epi,59.91126377558322
"TMA|BT|[54702,18197]",TMA,BT,PURE01,TURBT,"[54702,18197]",Acceptable,True,7296.0,Epi,70.46342098411871
"TMA|BT|[55416,10030]",TMA,BT,PURE01,TURBT,"[55416,10030]",Acceptable,True,5374.0,Epi,52.395317967901526
"TMA|BT|[56526,16691]",TMA,BT,PURE01,TURBT,"[56526,16691]",Acceptable,True,7642.0,Epi,79.61046036502316
"TMA|BT|[56724,15065]",TMA,BT,PURE01,TURBT,"[56724,15065]",Acceptable,True,5615.0,Epi,58.882466281310215
"TMA|BT|[57200,10228]",TMA,BT,PURE01,TURBT,"[57200,10228]",Acceptable,True,5180.0,Epi,61.192152917505034
"TMA|BT|[57477,6977]",TMA,BT,PURE01,TURBT,"[57477,6977]",Acceptable,True,8914.0,Epi,48.36877718704689
"TMA|BT|[57834,21845]",TMA,BT,PURE01,TURBT,"[57834,21845]",Acceptable,True,7684.0,Epi,45.047679593134134
"TMA|BT|[57913,20140]",TMA,BT,PURE01,TURBT,"[57913,20140]",Acceptable,True,6693.0,Epi,71.71492204899776
"TMA|BT|[58072,18515]",TMA,BT,PURE01,TURBT,"[58072,18515]",Acceptable,True,11309.0,Epi,48.761628609399544
"TMA|BT|[58270,16810]",TMA,BT,PURE01,TURBT,"[58270,16810]",Acceptable,True,5555.0,Epi,34.577401564704374
"TMA|BT|[58548,13558]",TMA,BT,PURE01,TURBT,"[58548,13558]",Borderline,True,3641.0,Epi,32.520325203252035
"TMA|BT|[58558,15172]",TMA,BT,PURE01,TURBT,"[58558,15172]",Borderline,True,3365.0,Epi,33.976910828025474
"TMA|BT|[58865,10386]",TMA,BT,PURE01,TURBT,"[58865,10386]",Borderline,True,4257.0,Epi,74.1940389294404
"TMA|BT|[59301,7254]",TMA,BT,PURE01,TURBT,"[59301,7254]",Acceptable,True,8147.0,Epi,64.89148837925197
"TMA|BT|[59618,21885]",TMA,BT,PURE01,TURBT,"[59618,21885]",Acceptable,True,7062.0,Epi,28.339768339768337
"TMA|BT|[59698,20259]",TMA,BT,PURE01,TURBT,"[59698,20259]",Acceptable,True,5445.0,Epi,17.33135656041512
"TMA|BT|[59896,18634]",TMA,BT,PURE01,TURBT,"[59896,18634]",Acceptable,True,10948.0,Epi,29.2894280762565
"TMA|BT|[60094,16968]",TMA,BT,PURE01,TURBT,"[60094,16968]",Borderline,True,5205.0,Epi,16.06789716545814
"TMA|BT|[60332,13836]",TMA,BT,PURE01,TURBT,"[60332,13836]",Acceptable,True,5862.0,Epi,59.46544980443285
"TMA|BT|[60649,10704]",TMA,BT,PURE01,TURBT,"[60649,10704]",Acceptable,True,5370.0,Epi,87.28034446642616
"TMA|BT|[60979,9113]",TMA,BT,PURE01,TURBT,"[60979,9113]",Acceptable,True,1940.0,Epi,0.12755102040816327
"TMA|BT|[61085,7413]",TMA,BT,PURE01,TURBT,"[61085,7413]",Acceptable,True,8182.0,Epi,43.69735258724428
"TMA|BT|[33727,20101]",TMA,BT,PURE01,TURBT,"[33727,20101]",Borderline,True,5090.0,Stroma,60.2893416002362
"TMA|BT|[34044,14906]",TMA,BT,PURE01,TURBT,"[34044,14906]",Acceptable,True,6412.0,Stroma,43.722527472527474
"TMA|BT|[34044,16611]",TMA,BT,PURE01,TURBT,"[34044,16611]",Acceptable,True,4133.0,Stroma,99.8992443324937
"TMA|BT|[34716,10069]",TMA,BT,PURE01,TURBT,"[34716,10069]",Borderline,True,4328.0,Stroma,27.06581915111749
"TMA|BT|[34758,8285]",TMA,BT,PURE01,TURBT,"[34758,8285]",Borderline,True,5803.0,Stroma,18.703460359176525
"TMA|BT|[34956,6501]",TMA,BT,PURE01,TURBT,"[34956,6501]",Acceptable,True,6723.0,Stroma,75.61426684280053
"TMA|BT|[35150,12620]",TMA,BT,PURE01,TURBT,"[35150,12620]",Acceptable,True,6535.0,Stroma,56.1859732072498
"TMA|BT|[35393,10625]",TMA,BT,PURE01,TURBT,"[35393,10625]",Acceptable,True,6209.0,Stroma,42.64623955431755
"TMA|BT|[35512,8960]",TMA,BT,PURE01,TURBT,"[35512,8960]",Acceptable,True,8110.0,Stroma,42.93193717277487
"TMA|BT|[36210,10191]",TMA,BT,PURE01,TURBT,"[36210,10191]",Acceptable,True,9540.0,Stroma,31.3680387409201
"TMA|BT|[36384,8404]",TMA,BT,PURE01,TURBT,"[36384,8404]",Acceptable,True,6354.0,Stroma,17.528893780957624
"TMA|BT|[36582,6699]",TMA,BT,PURE01,TURBT,"[36582,6699]",Borderline,True,3053.0,Stroma,99.63217263364395
"TMA|BT|[36740,5034]",TMA,BT,PURE01,TURBT,"[36740,5034]",Acceptable,True,6754.0,Stroma,74.10061832490163
"TMA|BT|[36776,12818]",TMA,BT,PURE01,TURBT,"[36776,12818]",Acceptable,True,6599.0,Stroma,48.48639455782313
"TMA|BT|[37296,16929]",TMA,BT,PURE01,TURBT,"[37296,16929]",Acceptable,True,5441.0,Stroma,63.452759717803296
"TMA|BT|[37573,13638]",TMA,BT,PURE01,TURBT,"[37573,13638]",Acceptable,True,4887.0,Stroma,15.768609602114227
"TMA|BT|[37732,12012]",TMA,BT,PURE01,TURBT,"[37732,12012]",Acceptable,True,8370.0,Stroma,17.57493188010899
"TMA|BT|[38089,8563]",TMA,BT,PURE01,TURBT,"[38089,8563]",Acceptable,True,6105.0,Stroma,55.18252455651663
"TMA|BT|[38326,6818]",TMA,BT,PURE01,TURBT,"[38326,6818]",Acceptable,True,3948.0,Stroma,53.44361917623228
"TMA|BT|[38446,5153]",TMA,BT,PURE01,TURBT,"[38446,5153]",Acceptable,True,5845.0,Stroma,87.4108612177729
"TMA|BT|[38481,13017]",TMA,BT,PURE01,TURBT,"[38481,13017]",Acceptable,True,5040.0,Stroma,74.58033573141486
"TMA|BT|[38724,10784]",TMA,BT,PURE01,TURBT,"[38724,10784]",Acceptable,True,6436.0,Stroma,41.5500072160485
"TMA|BT|[38763,20537]",TMA,BT,PURE01,TURBT,"[38763,20537]",Acceptable,True,5616.0,Stroma,51.51266416510319
"TMA|BT|[38843,9118]",TMA,BT,PURE01,TURBT,"[38843,9118]",Acceptable,True,5073.0,Stroma,49.27136063813468
"TMA|BT|[38921,18673]",TMA,BT,PURE01,TURBT,"[38921,18673]",Acceptable,True,8438.0,Stroma,26.935986573963078
"TMA|BT|[39159,15422]",TMA,BT,PURE01,TURBT,"[39159,15422]",Acceptable,True,8328.0,Stroma,51.264309976097614
"TMA|BT|[39397,12131]",TMA,BT,PURE01,TURBT,"[39397,12131]",Acceptable,True,4385.0,Stroma,97.84610582175746
"TMA|BT|[39714,10426]",TMA,BT,PURE01,TURBT,"[39714,10426]",Acceptable,True,7678.0,Stroma,7.997587454764778
"TMA|BT|[39952,8761]",TMA,BT,PURE01,TURBT,"[39952,8761]",Acceptable,True,7144.0,Stroma,59.48599830282458
"TMA|BT|[40032,7056]",TMA,BT,PURE01,TURBT,"[40032,7056]",Acceptable,True,3526.0,Stroma,57.699030668997295
"TMA|BT|[40269,5391]",TMA,BT,PURE01,TURBT,"[40269,5391]",Acceptable,True,4597.0,Stroma,43.226501481281986
"TMA|BT|[40464,11589]",TMA,BT,PURE01,TURBT,"[40464,11589]",Acceptable,True,3183.0,Stroma,72.00477326968972
"TMA|BT|[40508,10902]",TMA,BT,PURE01,TURBT,"[40508,10902]",Acceptable,True,4797.0,Stroma,54.34010971281058
"TMA|BT|[40587,20576]",TMA,BT,PURE01,TURBT,"[40587,20576]",Acceptable,True,5662.0,Stroma,45.797911100315766
"TMA|BT|[40666,18832]",TMA,BT,PURE01,TURBT,"[40666,18832]",Acceptable,True,3795.0,Stroma,56.06936416184971
"TMA|BT|[40983,15541]",TMA,BT,PURE01,TURBT,"[40983,15541]",Acceptable,True,6437.0,Stroma,33.93018018018018
"TMA|BT|[41142,13836]",TMA,BT,PURE01,TURBT,"[41142,13836]",Acceptable,True,4087.0,Stroma,97.37720553171198
"TMA|BT|[41261,12131]",TMA,BT,PURE01,TURBT,"[41261,12131]",Acceptable,True,8715.0,Stroma,24.33842239185751
"TMA|BT|[41617,8880]",TMA,BT,PURE01,TURBT,"[41617,8880]",Borderline,True,6081.0,Stroma,52.01814768460576
"TMA|BT|[41776,7175]",TMA,BT,PURE01,TURBT,"[41776,7175]",Acceptable,True,5209.0,Stroma,43.93424806412172
"TMA|BT|[41812,13453]",TMA,BT,PURE01,TURBT,"[41812,13453]",Acceptable,True,3868.0,Stroma,80.9975837072834
"TMA|BT|[42089,11787]",TMA,BT,PURE01,TURBT,"[42089,11787]",Borderline,True,3244.0,Stroma,52.55130860478253
"TMA|BT|[42371,20695]",TMA,BT,PURE01,TURBT,"[42371,20695]",Acceptable,True,6355.0,Stroma,55.376210578594495
"TMA|BT|[42450,18951]",TMA,BT,PURE01,TURBT,"[42450,18951]",Acceptable,True,5809.0,Stroma,59.40460081190799
"TMA|BT|[42569,17246]",TMA,BT,PURE01,TURBT,"[42569,17246]",Borderline,True,6189.0,Stroma,52.18365061590145
"TMA|BT|[42886,13955]",TMA,BT,PURE01,TURBT,"[42886,13955]",Borderline,True,3081.0,Stroma,75.76069078947368
"TMA|BT|[43005,12290]",TMA,BT,PURE01,TURBT,"[43005,12290]",Borderline,True,6591.0,Stroma,44.60100860278849
"TMA|BT|[43283,9038]",TMA,BT,PURE01,TURBT,"[43283,9038]",Acceptable,True,8142.0,Stroma,79.12345679012346
"TMA|BT|[43521,7373]",TMA,BT,PURE01,TURBT,"[43521,7373]",Acceptable,True,5511.0,Stroma,32.1002826594568
"TMA|BT|[43556,13651]",TMA,BT,PURE01,TURBT,"[43556,13651]",Acceptable,True,3726.0,Stroma,72.30984228388901
"TMA|BT|[43878,11061]",TMA,BT,PURE01,TURBT,"[43878,11061]",Acceptable,True,7176.0,Stroma,44.24653661294883
"TMA|BT|[43957,9356]",TMA,BT,PURE01,TURBT,"[43957,9356]",Acceptable,True,7486.0,Stroma,74.5524485870691
"TMA|BT|[44155,19109]",TMA,BT,PURE01,TURBT,"[44155,19109]",Acceptable,True,8667.0,Stroma,55.612542254342
"TMA|BT|[44274,17365]",TMA,BT,PURE01,TURBT,"[44274,17365]",Acceptable,True,6926.0,Stroma,64.9722289302101
"TMA|BT|[44353,15739]",TMA,BT,PURE01,TURBT,"[44353,15739]",Acceptable,True,8486.0,Stroma,41.852507374631266
"TMA|BT|[44512,14034]",TMA,BT,PURE01,TURBT,"[44512,14034]",Borderline,True,4149.0,Stroma,79.29710005761476
"TMA|BT|[44670,12369]",TMA,BT,PURE01,TURBT,"[44670,12369]",Borderline,True,5779.0,Stroma,82.62770820910356
"TMA|BT|[45027,9157]",TMA,BT,PURE01,TURBT,"[45027,9157]",Acceptable,True,6029.0,Stroma,74.72878998609178
"TMA|BT|[45261,13849]",TMA,BT,PURE01,TURBT,"[45261,13849]",Acceptable,True,6127.0,Stroma,18.492784607161944
"TMA|BT|[45583,11180]",TMA,BT,PURE01,TURBT,"[45583,11180]",Acceptable,True,6612.0,Stroma,93.03518017376442
"TMA|BT|[45662,9475]",TMA,BT,PURE01,TURBT,"[45662,9475]",Acceptable,True,6013.0,Stroma,79.66968722595732
"TMA|BT|[45781,20894]",TMA,BT,PURE01,TURBT,"[45781,20894]",Acceptable,True,9220.0,Stroma,98.57102029151186
"TMA|BT|[45860,19268]",TMA,BT,PURE01,TURBT,"[45860,19268]",Acceptable,True,6930.0,Stroma,43.78596087456846
"TMA|BT|[46019,17523]",TMA,BT,PURE01,TURBT,"[46019,17523]",Acceptable,True,8939.0,Stroma,67.41908515466379
"TMA|BT|[46177,15898]",TMA,BT,PURE01,TURBT,"[46177,15898]",Borderline,True,5398.0,Stroma,36.257134274556925
"TMA|BT|[46217,14153]",TMA,BT,PURE01,TURBT,"[46217,14153]",Acceptable,True,5221.0,Stroma,84.53120778168064
"TMA|BT|[46772,9395]",TMA,BT,PURE01,TURBT,"[46772,9395]",Acceptable,True,6780.0,Stroma,26.16012238653748
"TMA|BT|[46966,14048]",TMA,BT,PURE01,TURBT,"[46966,14048]",Acceptable,True,5273.0,Stroma,39.040630520451145
"TMA|BT|[47010,6223]",TMA,BT,PURE01,TURBT,"[47010,6223]",Acceptable,True,4487.0,Stroma,60.605457080262894
"TMA|BT|[47085,12442]",TMA,BT,PURE01,TURBT,"[47085,12442]",Borderline,True,4760.0,Stroma,28.634894991922454
"TMA|BT|[47288,11220]",TMA,BT,PURE01,TURBT,"[47288,11220]",Acceptable,True,9219.0,Stroma,65.80956207312174
"TMA|BT|[47300,9458]",TMA,BT,PURE01,TURBT,"[47300,9458]",Acceptable,True,7182.0,Stroma,50.355313171376636
"TMA|BT|[47565,20973]",TMA,BT,PURE01,TURBT,"[47565,20973]",Borderline,True,4303.0,Stroma,36.925634824667476
"TMA|BT|[47684,19308]",TMA,BT,PURE01,TURBT,"[47684,19308]",Borderline,True,5449.0,Stroma,68.76650320633723
"TMA|BT|[47922,16096]",TMA,BT,PURE01,TURBT,"[47922,16096]",Acceptable,True,4839.0,Stroma,99.75518198139383
"TMA|BT|[48041,14470]",TMA,BT,PURE01,TURBT,"[48041,14470]",Acceptable,True,6225.0,Stroma,36.8690237936402
"TMA|BT|[48239,12686]",TMA,BT,PURE01,TURBT,"[48239,12686]",Borderline,True,6675.0,Stroma,97.40802675585284
"TMA|BT|[48715,7928]",TMA,BT,PURE01,TURBT,"[48715,7928]",Borderline,True,5336.0,Stroma,72.41633858267717
"TMA|BT|[48794,6342]",TMA,BT,PURE01,TURBT,"[48794,6342]",Borderline,True,3746.0,Stroma,52.253429131286744
"TMA|BT|[48889,12600]",TMA,BT,PURE01,TURBT,"[48889,12600]",Acceptable,True,5438.0,Stroma,100.0
"TMA|BT|[48993,11299]",TMA,BT,PURE01,TURBT,"[48993,11299]",Borderline,True,6520.0,Stroma,72.06645898234683
"TMA|BT|[49033,9713]",TMA,BT,PURE01,TURBT,"[49033,9713]",Acceptable,True,6392.0,Stroma,56.617235590374925
"TMA|BT|[49310,21012]",TMA,BT,PURE01,TURBT,"[49310,21012]",Acceptable,True,5442.0,Stroma,54.13492927094668
"TMA|BT|[49349,19347]",TMA,BT,PURE01,TURBT,"[49349,19347]",Borderline,True,5854.0,Stroma,77.85474860335196
"TMA|BT|[49666,16175]",TMA,BT,PURE01,TURBT,"[49666,16175]",Acceptable,True,10027.0,Stroma,99.2766013415757
"TMA|BT|[49785,14589]",TMA,BT,PURE01,TURBT,"[49785,14589]",Acceptable,True,8051.0,Stroma,45.298406029902374
"TMA|BT|[50023,11298]",TMA,BT,PURE01,TURBT,"[50023,11298]",Acceptable,True,10673.0,Stroma,90.3726296247182
"TMA|BT|[50499,6382]",TMA,BT,PURE01,TURBT,"[50499,6382]",Borderline,True,5433.0,Stroma,61.74739701222271
"TMA|BT|[50574,12779]",TMA,BT,PURE01,TURBT,"[50574,12779]",Acceptable,True,5291.0,Stroma,99.83831851253031
"TMA|BT|[51411,16374]",TMA,BT,PURE01,TURBT,"[51411,16374]",Acceptable,True,7206.0,Stroma,80.58394160583941
"TMA|BT|[51570,14708]",TMA,BT,PURE01,TURBT,"[51570,14708]",Acceptable,True,5409.0,Stroma,80.39714058776806
"TMA|BT|[51768,11378]",TMA,BT,PURE01,TURBT,"[51768,11378]",Acceptable,True,6630.0,Stroma,23.45500542103361
"TMA|BT|[52164,8010]",TMA,BT,PURE01,TURBT,"[52164,8010]",Acceptable,True,6894.0,Stroma,94.48186899813675
"TMA|BT|[52561,21330]",TMA,BT,PURE01,TURBT,"[52561,21330]",Acceptable,True,4959.0,Stroma,47.55349393984738
"TMA|BT|[52759,19664]",TMA,BT,PURE01,TURBT,"[52759,19664]",Acceptable,True,6930.0,Stroma,99.59237343852728
"TMA|BT|[53116,16532]",TMA,BT,PURE01,TURBT,"[53116,16532]",Acceptable,True,9829.0,Stroma,19.463165233557984
"TMA|BT|[53274,14827]",TMA,BT,PURE01,TURBT,"[53274,14827]",Acceptable,True,5081.0,Stroma,87.89881784670142
"TMA|BT|[53433,13202]",TMA,BT,PURE01,TURBT,"[53433,13202]",Acceptable,True,7169.0,Stroma,58.19927348209652
"TMA|BT|[53552,11576]",TMA,BT,PURE01,TURBT,"[53552,11576]",Acceptable,True,7819.0,Stroma,31.329479768786126
"TMA|BT|[53869,8325]",TMA,BT,PURE01,TURBT,"[53869,8325]",Acceptable,True,5706.0,Stroma,69.37615461134006
"TMA|BT|[54464,21488]",TMA,BT,PURE01,TURBT,"[54464,21488]",Acceptable,True,5613.0,Stroma,47.404195476385794
"TMA|BT|[54543,19823]",TMA,BT,PURE01,TURBT,"[54543,19823]",Acceptable,True,9005.0,Stroma,40.08873622441677
"TMA|BT|[54702,18197]",TMA,BT,PURE01,TURBT,"[54702,18197]",Acceptable,True,7296.0,Stroma,29.536579015881276
"TMA|BT|[55416,10030]",TMA,BT,PURE01,TURBT,"[55416,10030]",Acceptable,True,5374.0,Stroma,47.604682032098474
"TMA|BT|[56526,16691]",TMA,BT,PURE01,TURBT,"[56526,16691]",Acceptable,True,7642.0,Stroma,20.389539634976845
"TMA|BT|[56724,15065]",TMA,BT,PURE01,TURBT,"[56724,15065]",Acceptable,True,5615.0,Stroma,41.11753371868979
"TMA|BT|[57200,10228]",TMA,BT,PURE01,TURBT,"[57200,10228]",Acceptable,True,5180.0,Stroma,38.80784708249497
"TMA|BT|[57477,6977]",TMA,BT,PURE01,TURBT,"[57477,6977]",Acceptable,True,8914.0,Stroma,51.631222812953126
"TMA|BT|[57834,21845]",TMA,BT,PURE01,TURBT,"[57834,21845]",Acceptable,True,7684.0,Stroma,54.95232040686586
"TMA|BT|[57913,20140]",TMA,BT,PURE01,TURBT,"[57913,20140]",Acceptable,True,6693.0,Stroma,28.285077951002226
"TMA|BT|[58072,18515]",TMA,BT,PURE01,TURBT,"[58072,18515]",Acceptable,True,11309.0,Stroma,51.23837139060046
"TMA|BT|[58270,16810]",TMA,BT,PURE01,TURBT,"[58270,16810]",Acceptable,True,5555.0,Stroma,65.42259843529563
"TMA|BT|[58548,13558]",TMA,BT,PURE01,TURBT,"[58548,13558]",Borderline,True,3641.0,Stroma,67.47967479674797
"TMA|BT|[58558,15172]",TMA,BT,PURE01,TURBT,"[58558,15172]",Borderline,True,3365.0,Stroma,66.02308917197452
"TMA|BT|[58865,10386]",TMA,BT,PURE01,TURBT,"[58865,10386]",Borderline,True,4257.0,Stroma,25.805961070559615
"TMA|BT|[59301,7254]",TMA,BT,PURE01,TURBT,"[59301,7254]",Acceptable,True,8147.0,Stroma,35.10851162074804
"TMA|BT|[59618,21885]",TMA,BT,PURE01,TURBT,"[59618,21885]",Acceptable,True,7062.0,Stroma,71.66023166023166
"TMA|BT|[59698,20259]",TMA,BT,PURE01,TURBT,"[59698,20259]",Acceptable,True,5445.0,Stroma,82.66864343958487
"TMA|BT|[59896,18634]",TMA,BT,PURE01,TURBT,"[59896,18634]",Acceptable,True,10948.0,Stroma,70.7105719237435
"TMA|BT|[60094,16968]",TMA,BT,PURE01,TURBT,"[60094,16968]",Borderline,True,5205.0,Stroma,83.93210283454187
"TMA|BT|[60332,13836]",TMA,BT,PURE01,TURBT,"[60332,13836]",Acceptable,True,5862.0,Stroma,40.53455019556714
"TMA|BT|[60649,10704]",TMA,BT,PURE01,TURBT,"[60649,10704]",Acceptable,True,5370.0,Stroma,12.719655533573839
"TMA|BT|[60979,9113]",TMA,BT,PURE01,TURBT,"[60979,9113]",Acceptable,True,1940.0,Stroma,99.87244897959184
"TMA|BT|[61085,7413]",TMA,BT,PURE01,TURBT,"[61085,7413]",Acceptable,True,8182.0,Stroma,56.30264741275571
"TMA|BT|[34754,16070]",TMA,BT,PURE01,RC,"[34754,16070]",Acceptable,True,5128.0,Epi,1.6574585635359114
"TMA|BT|[34913,14325]",TMA,BT,PURE01,RC,"[34913,14325]",Acceptable,True,4362.0,Epi,39.95133819951338
"TMA|BT|[36538,14484]",TMA,BT,PURE01,RC,"[36538,14484]",Acceptable,True,4573.0,Epi,10.452565801931453
"TMA|BT|[38243,14682]",TMA,BT,PURE01,RC,"[38243,14682]",Acceptable,True,6724.0,Epi,8.26865671641791
"TMA|BT|[39948,14920]",TMA,BT,PURE01,RC,"[39948,14920]",Acceptable,True,6163.0,Epi,9.034110097939886
"TMA|BT|[41475,16704]",TMA,BT,PURE01,RC,"[41475,16704]",Acceptable,True,4415.0,Epi,4.2966263526416295
"TMA|BT|[41653,15158]",TMA,BT,PURE01,RC,"[41653,15158]",Acceptable,True,5549.0,Epi,1.1261261261261264
"TMA|BT|[43160,16982]",TMA,BT,PURE01,RC,"[43160,16982]",Acceptable,True,3659.0,Epi,0.9369460622942518
"TMA|BT|[43318,15356]",TMA,BT,PURE01,RC,"[43318,15356]",Acceptable,True,4539.0,Epi,41.37803979366249
"TMA|BT|[46728,15752]",TMA,BT,PURE01,RC,"[46728,15752]",Acceptable,True,4648.0,Epi,0.07171029042667623
"TMA|BT|[50138,16070]",TMA,BT,PURE01,RC,"[50138,16070]",Acceptable,True,5305.0,Epi,33.10948310948311
"TMA|BT|[34754,16070]",TMA,BT,PURE01,RC,"[34754,16070]",Acceptable,True,5128.0,Stroma,98.34254143646407
"TMA|BT|[34913,14325]",TMA,BT,PURE01,RC,"[34913,14325]",Acceptable,True,4362.0,Stroma,60.04866180048662
"TMA|BT|[36538,14484]",TMA,BT,PURE01,RC,"[36538,14484]",Acceptable,True,4573.0,Stroma,89.54743419806854
"TMA|BT|[38243,14682]",TMA,BT,PURE01,RC,"[38243,14682]",Acceptable,True,6724.0,Stroma,91.73134328358209
"TMA|BT|[39948,14920]",TMA,BT,PURE01,RC,"[39948,14920]",Acceptable,True,6163.0,Stroma,90.96588990206011
"TMA|BT|[41475,16704]",TMA,BT,PURE01,RC,"[41475,16704]",Acceptable,True,4415.0,Stroma,95.70337364735836
"TMA|BT|[41653,15158]",TMA,BT,PURE01,RC,"[41653,15158]",Acceptable,True,5549.0,Stroma,98.87387387387388
"TMA|BT|[43160,16982]",TMA,BT,PURE01,RC,"[43160,16982]",Acceptable,True,3659.0,Stroma,99.06305393770575
"TMA|BT|[43318,15356]",TMA,BT,PURE01,RC,"[43318,15356]",Acceptable,True,4539.0,Stroma,58.621960206337505
"TMA|BT|[46728,15752]",TMA,BT,PURE01,RC,"[46728,15752]",Acceptable,True,4648.0,Stroma,99.92828970957332
"TMA|BT|[50138,16070]",TMA,BT,PURE01,RC,"[50138,16070]",Acceptable,True,5305.0,Stroma,66.89051689051688
"TMA|BT|[37542,17408]",TMA,BT,No-NAC,TURBT,"[37542,17408]",Acceptable,True,4979.0,Epi,19.71031805285949
"TMA|BT|[37542,9042]",TMA,BT,No-NAC,TURBT,"[37542,9042]",Acceptable,True,7907.0,Epi,47.525317358436745
"TMA|BT|[37581,14077]",TMA,BT,No-NAC,TURBT,"[37581,14077]",Acceptable,True,5350.0,Epi,59.228609428106985
"TMA|BT|[37581,15742]",TMA,BT,No-NAC,TURBT,"[37581,15742]",Acceptable,True,5383.0,Epi,91.60809066131115
"TMA|BT|[37621,10707]",TMA,BT,No-NAC,TURBT,"[37621,10707]",Acceptable,True,3656.0,Epi,86.98337990881012
"TMA|BT|[39128,19192]",TMA,BT,No-NAC,TURBT,"[39128,19192]",Acceptable,True,6537.0,Epi,36.4326375711575
"TMA|BT|[39167,17447]",TMA,BT,No-NAC,TURBT,"[39167,17447]",Acceptable,True,6341.0,Epi,83.16659417137886
"TMA|BT|[39207,14077]",TMA,BT,No-NAC,TURBT,"[39207,14077]",Acceptable,True,4225.0,Epi,74.1351391137936
"TMA|BT|[39207,15782]",TMA,BT,No-NAC,TURBT,"[39207,15782]",Acceptable,True,6238.0,Epi,51.81030810734062
"TMA|BT|[39207,20817]",TMA,BT,No-NAC,TURBT,"[39207,20817]",Acceptable,True,4153.0,Epi,27.0512029611351
"TMA|BT|[39247,10746]",TMA,BT,No-NAC,TURBT,"[39247,10746]",Acceptable,True,4025.0,Epi,79.70973650838383
"TMA|BT|[39405,7416]",TMA,BT,No-NAC,TURBT,"[39405,7416]",Acceptable,True,3777.0,Epi,80.2578324089342
"TMA|BT|[39764,11936]",TMA,BT,No-NAC,TURBT,"[39764,11936]",Acceptable,True,7404.0,Epi,72.43856332703214
"TMA|BT|[40002,10231]",TMA,BT,No-NAC,TURBT,"[40002,10231]",Borderline,True,5928.0,Epi,44.854845304620405
"TMA|BT|[40081,8565]",TMA,BT,No-NAC,TURBT,"[40081,8565]",Acceptable,True,8091.0,Epi,30.13010728144259
"TMA|BT|[40280,6781]",TMA,BT,No-NAC,TURBT,"[40280,6781]",Acceptable,True,8484.0,Epi,63.986271144888455
"TMA|BT|[40518,5155]",TMA,BT,No-NAC,TURBT,"[40518,5155]",Acceptable,True,3892.0,Epi,78.27845982142857
"TMA|BT|[40872,15782]",TMA,BT,No-NAC,TURBT,"[40872,15782]",Acceptable,True,4582.0,Epi,72.35177564395671
"TMA|BT|[40872,19152]",TMA,BT,No-NAC,TURBT,"[40872,19152]",Acceptable,True,7529.0,Epi,71.40057289311021
"TMA|BT|[40912,14077]",TMA,BT,No-NAC,TURBT,"[40912,14077]",Acceptable,True,1807.0,Epi,62.725188339338345
"TMA|BT|[40912,17487]",TMA,BT,No-NAC,TURBT,"[40912,17487]",Acceptable,True,10987.0,Epi,87.81439722463139
"TMA|BT|[40912,20897]",TMA,BT,No-NAC,TURBT,"[40912,20897]",Acceptable,True,7518.0,Epi,42.067685277738114
"TMA|BT|[41031,10746]",TMA,BT,No-NAC,TURBT,"[41031,10746]",Acceptable,True,6529.0,Epi,24.01500938086304
"TMA|BT|[41071,9081]",TMA,BT,No-NAC,TURBT,"[41071,9081]",Acceptable,True,4868.0,Epi,34.36519258202568
"TMA|BT|[41150,7456]",TMA,BT,No-NAC,TURBT,"[41150,7456]",Acceptable,True,5536.0,Epi,82.39903556359252
"TMA|BT|[41509,12094]",TMA,BT,No-NAC,TURBT,"[41509,12094]",Acceptable,True,6969.0,Epi,76.69192243482728
"TMA|BT|[41866,8605]",TMA,BT,No-NAC,TURBT,"[41866,8605]",Acceptable,True,6800.0,Epi,65.46703936641043
"TMA|BT|[42064,6860]",TMA,BT,No-NAC,TURBT,"[42064,6860]",Acceptable,True,3639.0,Epi,52.50790781744239
"TMA|BT|[42341,5195]",TMA,BT,No-NAC,TURBT,"[42341,5195]",Acceptable,True,5940.0,Epi,82.77591973244148
"TMA|BT|[42538,20857]",TMA,BT,No-NAC,TURBT,"[42538,20857]",Acceptable,True,7889.0,Epi,75.63347083087803
"TMA|BT|[42577,19152]",TMA,BT,No-NAC,TURBT,"[42577,19152]",Acceptable,True,8566.0,Epi,37.806236080178174
"TMA|BT|[42617,15861]",TMA,BT,No-NAC,TURBT,"[42617,15861]",Acceptable,True,3650.0,Epi,68.72131147540983
"TMA|BT|[42656,14156]",TMA,BT,No-NAC,TURBT,"[42656,14156]",Acceptable,True,4064.0,Epi,84.7997783012332
"TMA|BT|[42656,17526]",TMA,BT,No-NAC,TURBT,"[42656,17526]",Acceptable,True,6513.0,Epi,72.69467947798653
"TMA|BT|[42815,9121]",TMA,BT,No-NAC,TURBT,"[42815,9121]",Acceptable,True,3297.0,Epi,2.434035590100225
"TMA|BT|[42894,7535]",TMA,BT,No-NAC,TURBT,"[42894,7535]",Acceptable,True,4999.0,Epi,73.85042512580253
"TMA|BT|[43214,12292]",TMA,BT,No-NAC,TURBT,"[43214,12292]",Acceptable,True,5824.0,Epi,80.34519196900318
"TMA|BT|[43543,10535]",TMA,BT,No-NAC,TURBT,"[43543,10535]",Acceptable,True,4799.0,Epi,91.43100511073253
"TMA|BT|[44007,5314]",TMA,BT,No-NAC,TURBT,"[44007,5314]",Acceptable,True,4442.0,Epi,2.488627241102489
"TMA|BT|[44242,20857]",TMA,BT,No-NAC,TURBT,"[44242,20857]",Acceptable,True,7172.0,Epi,25.41973952612584
"TMA|BT|[44282,17487]",TMA,BT,No-NAC,TURBT,"[44282,17487]",Acceptable,True,4628.0,Epi,73.167107001321
"TMA|BT|[44282,19192]",TMA,BT,No-NAC,TURBT,"[44282,19192]",Borderline,True,5461.0,Epi,85.88548601864181
"TMA|BT|[44362,14196]",TMA,BT,No-NAC,TURBT,"[44362,14196]",Acceptable,True,3348.0,Epi,38.985856154077645
"TMA|BT|[44362,15861]",TMA,BT,No-NAC,TURBT,"[44362,15861]",Acceptable,True,3047.0,Epi,36.500268384326354
"TMA|BT|[44480,10865]",TMA,BT,No-NAC,TURBT,"[44480,10865]",Acceptable,True,4942.0,Epi,4.076207354895879
"TMA|BT|[44480,9160]",TMA,BT,No-NAC,TURBT,"[44480,9160]",Acceptable,True,4671.0,Epi,76.7664488679532
"TMA|BT|[44599,7535]",TMA,BT,No-NAC,TURBT,"[44599,7535]",Borderline,True,6135.0,Epi,29.214494710781004
"TMA|BT|[44998,12372]",TMA,BT,No-NAC,TURBT,"[44998,12372]",Borderline,True,5342.0,Epi,88.04955431334038
"TMA|BT|[45156,10627]",TMA,BT,No-NAC,TURBT,"[45156,10627]",Acceptable,True,5884.0,Epi,49.392567889471174
"TMA|BT|[45315,8922]",TMA,BT,No-NAC,TURBT,"[45315,8922]",Acceptable,True,5552.0,Epi,40.18346437931856
"TMA|BT|[45553,7138]",TMA,BT,No-NAC,TURBT,"[45553,7138]",Acceptable,True,8103.0,Epi,45.10603588907015
"TMA|BT|[45791,5274]",TMA,BT,No-NAC,TURBT,"[45791,5274]",Acceptable,True,5786.0,Epi,22.975468214191512
"TMA|BT|[45987,19232]",TMA,BT,No-NAC,TURBT,"[45987,19232]",Acceptable,True,6272.0,Epi,62.28206724782068
"TMA|BT|[46027,20936]",TMA,BT,No-NAC,TURBT,"[46027,20936]",Acceptable,True,5561.0,Epi,66.73154906731548
"TMA|BT|[46066,14236]",TMA,BT,No-NAC,TURBT,"[46066,14236]",Acceptable,True,7617.0,Epi,50.68430656934307
"TMA|BT|[46146,12570]",TMA,BT,No-NAC,TURBT,"[46146,12570]",Acceptable,True,5249.0,Epi,68.8309503784693
"TMA|BT|[46185,10945]",TMA,BT,No-NAC,TURBT,"[46185,10945]",Acceptable,True,5094.0,Epi,5.107206670637284
"TMA|BT|[46185,9240]",TMA,BT,No-NAC,TURBT,"[46185,9240]",Acceptable,True,8911.0,Epi,7.511475865906245
"TMA|BT|[46344,7575]",TMA,BT,No-NAC,TURBT,"[46344,7575]",Acceptable,True,4871.0,Epi,63.69294605809129
"TMA|BT|[46742,12491]",TMA,BT,No-NAC,TURBT,"[46742,12491]",Acceptable,True,5791.0,Epi,61.40020110608346
"TMA|BT|[46901,10786]",TMA,BT,No-NAC,TURBT,"[46901,10786]",Acceptable,True,8120.0,Epi,83.32484725050917
"TMA|BT|[47060,9001]",TMA,BT,No-NAC,TURBT,"[47060,9001]",Acceptable,True,5021.0,Epi,74.32950191570882
"TMA|BT|[47298,7178]",TMA,BT,No-NAC,TURBT,"[47298,7178]",Acceptable,True,5527.0,Epi,56.78404644705288
"TMA|BT|[47496,5433]",TMA,BT,No-NAC,TURBT,"[47496,5433]",Acceptable,True,5715.0,Epi,57.893866754835514
"TMA|BT|[47652,19271]",TMA,BT,No-NAC,TURBT,"[47652,19271]",Acceptable,True,5999.0,Epi,79.66734027669828
"TMA|BT|[47692,20897]",TMA,BT,No-NAC,TURBT,"[47692,20897]",Acceptable,True,4688.0,Epi,32.511210762331835
"TMA|BT|[47732,17606]",TMA,BT,No-NAC,TURBT,"[47732,17606]",Acceptable,True,7067.0,Epi,8.284543325526933
"TMA|BT|[47771,15941]",TMA,BT,No-NAC,TURBT,"[47771,15941]",Acceptable,True,6720.0,Epi,62.35676680086715
"TMA|BT|[47811,14275]",TMA,BT,No-NAC,TURBT,"[47811,14275]",Acceptable,True,5894.0,Epi,82.97976501305483
"TMA|BT|[47851,12610]",TMA,BT,No-NAC,TURBT,"[47851,12610]",Acceptable,True,4172.0,Epi,69.41317724748612
"TMA|BT|[47890,10945]",TMA,BT,No-NAC,TURBT,"[47890,10945]",Acceptable,True,5221.0,Epi,43.8803394218323
"TMA|BT|[47930,9240]",TMA,BT,No-NAC,TURBT,"[47930,9240]",Acceptable,True,6376.0,Epi,79.59573452172529
"TMA|BT|[48049,7575]",TMA,BT,No-NAC,TURBT,"[48049,7575]",Acceptable,True,4613.0,Epi,63.63887355052457
"TMA|BT|[48487,12649]",TMA,BT,No-NAC,TURBT,"[48487,12649]",Acceptable,True,4983.0,Epi,48.73927392739274
"TMA|BT|[48646,10865]",TMA,BT,No-NAC,TURBT,"[48646,10865]",Acceptable,True,5991.0,Epi,77.63555299870559
"TMA|BT|[48804,9120]",TMA,BT,No-NAC,TURBT,"[48804,9120]",Acceptable,True,5296.0,Epi,67.17444717444717
"TMA|BT|[49201,5473]",TMA,BT,No-NAC,TURBT,"[49201,5473]",Acceptable,True,5654.0,Epi,44.321702815573225
"TMA|BT|[49397,19350]",TMA,BT,No-NAC,TURBT,"[49397,19350]",Acceptable,True,7569.0,Epi,36.59409911200229
"TMA|BT|[49437,16060]",TMA,BT,No-NAC,TURBT,"[49437,16060]",Acceptable,True,7752.0,Epi,87.69343065693431
"TMA|BT|[49476,14315]",TMA,BT,No-NAC,TURBT,"[49476,14315]",Acceptable,True,5826.0,Epi,85.47557840616966
"TMA|BT|[49476,17646]",TMA,BT,No-NAC,TURBT,"[49476,17646]",Acceptable,True,5594.0,Epi,4.7281323877068555
"TMA|BT|[49595,12610]",TMA,BT,No-NAC,TURBT,"[49595,12610]",Borderline,True,4799.0,Epi,75.81544701706946
"TMA|BT|[49635,10984]",TMA,BT,No-NAC,TURBT,"[49635,10984]",Acceptable,True,6382.0,Epi,57.96855078623034
"TMA|BT|[49714,7654]",TMA,BT,No-NAC,TURBT,"[49714,7654]",Acceptable,True,4742.0,Epi,46.228070175438596
"TMA|BT|[50232,12808]",TMA,BT,No-NAC,TURBT,"[50232,12808]",Acceptable,True,4695.0,Epi,80.12182993535555
"TMA|BT|[50588,9239]",TMA,BT,No-NAC,TURBT,"[50588,9239]",Acceptable,True,8137.0,Epi,45.39281114623581
"TMA|BT|[50747,7455]",TMA,BT,No-NAC,TURBT,"[50747,7455]",Acceptable,True,8414.0,Epi,54.69708118714742
"TMA|BT|[50995,5567]",TMA,BT,No-NAC,TURBT,"[50995,5567]",Acceptable,True,2647.0,Epi,12.129927254271697
"TMA|BT|[51102,19311]",TMA,BT,No-NAC,TURBT,"[51102,19311]",Acceptable,True,6291.0,Epi,72.85672769543739
"TMA|BT|[51102,20897]",TMA,BT,No-NAC,TURBT,"[51102,20897]",Acceptable,True,6185.0,Epi,25.472870357586636
"TMA|BT|[51221,16060]",TMA,BT,No-NAC,TURBT,"[51221,16060]",Acceptable,True,5666.0,Epi,8.091249331669934
"TMA|BT|[51260,12650]",TMA,BT,No-NAC,TURBT,"[51260,12650]",Acceptable,True,4645.0,Epi,81.42157590146905
"TMA|BT|[51260,14355]",TMA,BT,No-NAC,TURBT,"[51260,14355]",Acceptable,True,9845.0,Epi,37.40581270182992
"TMA|BT|[51340,11064]",TMA,BT,No-NAC,TURBT,"[51340,11064]",Acceptable,True,5634.0,Epi,81.65730337078651
"TMA|BT|[51380,7733]",TMA,BT,No-NAC,TURBT,"[51380,7733]",Acceptable,True,6894.0,Epi,69.0061843808428
"TMA|BT|[51419,9359]",TMA,BT,No-NAC,TURBT,"[51419,9359]",Acceptable,True,5029.0,Epi,56.75415693280198
"TMA|BT|[52016,12927]",TMA,BT,No-NAC,TURBT,"[52016,12927]",Acceptable,True,4411.0,Epi,62.77721774193549
"TMA|BT|[52174,11142]",TMA,BT,No-NAC,TURBT,"[52174,11142]",Acceptable,True,7551.0,Epi,14.210097719869706
"TMA|BT|[52333,9358]",TMA,BT,No-NAC,TURBT,"[52333,9358]",Acceptable,True,5059.0,Epi,33.21509190583682
"TMA|BT|[52452,7653]",TMA,BT,No-NAC,TURBT,"[52452,7653]",Acceptable,True,7267.0,Epi,40.31190926275992
"TMA|BT|[52650,5829]",TMA,BT,No-NAC,TURBT,"[52650,5829]",Acceptable,True,6407.0,Epi,16.04121808674254
"TMA|BT|[52846,21055]",TMA,BT,No-NAC,TURBT,"[52846,21055]",Acceptable,True,6976.0,Epi,40.423146980524024
"TMA|BT|[52886,16020]",TMA,BT,No-NAC,TURBT,"[52886,16020]",Acceptable,True,5558.0,Epi,84.81449525452977
"TMA|BT|[52926,17725]",TMA,BT,No-NAC,TURBT,"[52926,17725]",Acceptable,True,9530.0,Epi,37.65274607224386
"TMA|BT|[53005,11024]",TMA,BT,No-NAC,TURBT,"[53005,11024]",Borderline,True,7115.0,Epi,91.02889001520526
"TMA|BT|[53005,12689]",TMA,BT,No-NAC,TURBT,"[53005,12689]",Borderline,True,3310.0,Epi,72.92583537082315
"TMA|BT|[53084,9438]",TMA,BT,No-NAC,TURBT,"[53084,9438]",Borderline,True,5223.0,Epi,62.18434343434343
"TMA|BT|[53124,7773]",TMA,BT,No-NAC,TURBT,"[53124,7773]",Acceptable,True,7632.0,Epi,80.61820111435395
"TMA|BT|[53176,14441]",TMA,BT,No-NAC,TURBT,"[53176,14441]",Borderline,True,6540.0,Epi,23.692109777015435
"TMA|BT|[53959,11420]",TMA,BT,No-NAC,TURBT,"[53959,11420]",Acceptable,True,7301.0,Epi,1.142932212296374
"TMA|BT|[54038,9557]",TMA,BT,No-NAC,TURBT,"[54038,9557]",Acceptable,True,6548.0,Epi,88.11619718309858
"TMA|BT|[54395,5988]",TMA,BT,No-NAC,TURBT,"[54395,5988]",Acceptable,True,7733.0,Epi,22.08026662963477
"TMA|BT|[54591,19390]",TMA,BT,No-NAC,TURBT,"[54591,19390]",Acceptable,True,8344.0,Epi,33.098782138024355
"TMA|BT|[54631,16020]",TMA,BT,No-NAC,TURBT,"[54631,16020]",Acceptable,True,7293.0,Epi,7.732942039618488
"TMA|BT|[54670,11143]",TMA,BT,No-NAC,TURBT,"[54670,11143]",Acceptable,True,4660.0,Epi,78.28406633020909
"TMA|BT|[54670,14434]",TMA,BT,No-NAC,TURBT,"[54670,14434]",Acceptable,True,5257.0,Epi,41.808226870700544
"TMA|BT|[54670,17725]",TMA,BT,No-NAC,TURBT,"[54670,17725]",Acceptable,True,4170.0,Epi,85.98275480875525
"TMA|BT|[54710,12769]",TMA,BT,No-NAC,TURBT,"[54710,12769]",Acceptable,True,6056.0,Epi,42.58507211875088
"TMA|BT|[54829,7773]",TMA,BT,No-NAC,TURBT,"[54829,7773]",Acceptable,True,7080.0,Epi,68.59515570934256
"TMA|BT|[54829,9478]",TMA,BT,No-NAC,TURBT,"[54829,9478]",Acceptable,True,6555.0,Epi,53.17216321967579
"TMA|BT|[55822,9755]",TMA,BT,No-NAC,TURBT,"[55822,9755]",Acceptable,True,5808.0,Epi,86.49688287571297
"TMA|BT|[56217,17685]",TMA,BT,No-NAC,TURBT,"[56217,17685]",Acceptable,True,4441.0,Epi,72.16257668711657
"TMA|BT|[56336,16139]",TMA,BT,No-NAC,TURBT,"[56336,16139]",Acceptable,True,7513.0,Epi,29.48515703427506
"TMA|BT|[56415,11143]",TMA,BT,No-NAC,TURBT,"[56415,11143]",Acceptable,True,4701.0,Epi,59.2048828769383
"TMA|BT|[56455,14474]",TMA,BT,No-NAC,TURBT,"[56455,14474]",Acceptable,True,3565.0,Epi,1.7640807651434645
"TMA|BT|[56534,7892]",TMA,BT,No-NAC,TURBT,"[56534,7892]",Acceptable,True,7430.0,Epi,82.86270691333982
"TMA|BT|[57408,11658]",TMA,BT,No-NAC,TURBT,"[57408,11658]",Acceptable,True,7299.0,Epi,67.33190781658351
"TMA|BT|[57567,9874]",TMA,BT,No-NAC,TURBT,"[57567,9874]",Acceptable,True,6094.0,Epi,60.66247582205029
"TMA|BT|[57686,8050]",TMA,BT,No-NAC,TURBT,"[57686,8050]",Acceptable,True,5245.0,Epi,57.2800998128509
"TMA|BT|[57884,6305]",TMA,BT,No-NAC,TURBT,"[57884,6305]",Acceptable,True,3528.0,Epi,9.293266555370062
"TMA|BT|[58041,14474]",TMA,BT,No-NAC,TURBT,"[58041,14474]",Acceptable,True,9347.0,Epi,0.8641114982578397
"TMA|BT|[58041,16139]",TMA,BT,No-NAC,TURBT,"[58041,16139]",Acceptable,True,7886.0,Epi,37.81036735879192
"TMA|BT|[58080,12808]",TMA,BT,No-NAC,TURBT,"[58080,12808]",Acceptable,True,5856.0,Epi,53.797293565313446
"TMA|BT|[58160,11262]",TMA,BT,No-NAC,TURBT,"[58160,11262]",Acceptable,True,6911.0,Epi,80.29794658435111
"TMA|BT|[58199,9557]",TMA,BT,No-NAC,TURBT,"[58199,9557]",Acceptable,True,7434.0,Epi,37.0866471326915
"TMA|BT|[58239,7931]",TMA,BT,No-NAC,TURBT,"[58239,7931]",Acceptable,True,4622.0,Epi,36.04274611398964
"TMA|BT|[59192,11777]",TMA,BT,No-NAC,TURBT,"[59192,11777]",Acceptable,True,6648.0,Epi,55.168395291924014
"TMA|BT|[59391,10191]",TMA,BT,No-NAC,TURBT,"[59391,10191]",Borderline,True,5609.0,Epi,41.092950305431735
"TMA|BT|[59549,8407]",TMA,BT,No-NAC,TURBT,"[59549,8407]",Acceptable,True,6205.0,Epi,72.15324583185526
"TMA|BT|[59706,19390]",TMA,BT,No-NAC,TURBT,"[59706,19390]",Acceptable,True,5927.0,Epi,28.41651812240048
"TMA|BT|[59785,14553]",TMA,BT,No-NAC,TURBT,"[59785,14553]",Acceptable,True,6132.0,Epi,37.70810210876804
"TMA|BT|[59785,16178]",TMA,BT,No-NAC,TURBT,"[59785,16178]",Acceptable,True,7170.0,Epi,86.63538873994639
"TMA|BT|[59825,12843]",TMA,BT,No-NAC,TURBT,"[59825,12843]",Acceptable,True,7504.0,Epi,20.975346894786476
"TMA|BT|[59944,11262]",TMA,BT,No-NAC,TURBT,"[59944,11262]",Acceptable,True,5560.0,Epi,66.30226030432856
"TMA|BT|[60063,7971]",TMA,BT,No-NAC,TURBT,"[60063,7971]",Acceptable,True,8051.0,Epi,13.883860186603538
"TMA|BT|[61016,11975]",TMA,BT,No-NAC,TURBT,"[61016,11975]",Acceptable,True,7128.0,Epi,67.06832298136646
"TMA|BT|[61215,10310]",TMA,BT,No-NAC,TURBT,"[61215,10310]",Acceptable,True,7798.0,Epi,50.420865441612335
"TMA|BT|[61373,6940]",TMA,BT,No-NAC,TURBT,"[61373,6940]",Acceptable,True,5896.0,Epi,39.444239518013035
"TMA|BT|[62840,12094]",TMA,BT,No-NAC,TURBT,"[62840,12094]",Acceptable,True,6521.0,Epi,86.50380456547857
"TMA|BT|[63038,10508]",TMA,BT,No-NAC,TURBT,"[63038,10508]",Acceptable,True,4926.0,Epi,73.16969953449005
"TMA|BT|[63158,8882]",TMA,BT,No-NAC,TURBT,"[63158,8882]",Acceptable,True,4670.0,Epi,49.68368730230456
"TMA|BT|[63276,7178]",TMA,BT,No-NAC,TURBT,"[63276,7178]",Acceptable,True,6901.0,Epi,13.75044185224461
"TMA|BT|[37542,17408]",TMA,BT,No-NAC,TURBT,"[37542,17408]",Acceptable,True,4979.0,Stroma,80.28968194714051
"TMA|BT|[37542,9042]",TMA,BT,No-NAC,TURBT,"[37542,9042]",Acceptable,True,7907.0,Stroma,52.474682641563255
"TMA|BT|[37581,14077]",TMA,BT,No-NAC,TURBT,"[37581,14077]",Acceptable,True,5350.0,Stroma,40.77139057189301
"TMA|BT|[37581,15742]",TMA,BT,No-NAC,TURBT,"[37581,15742]",Acceptable,True,5383.0,Stroma,8.391909338688855
"TMA|BT|[37621,10707]",TMA,BT,No-NAC,TURBT,"[37621,10707]",Acceptable,True,3656.0,Stroma,13.016620091189882
"TMA|BT|[39128,19192]",TMA,BT,No-NAC,TURBT,"[39128,19192]",Acceptable,True,6537.0,Stroma,63.567362428842515
"TMA|BT|[39167,17447]",TMA,BT,No-NAC,TURBT,"[39167,17447]",Acceptable,True,6341.0,Stroma,16.83340582862114
"TMA|BT|[39207,14077]",TMA,BT,No-NAC,TURBT,"[39207,14077]",Acceptable,True,4225.0,Stroma,25.864860886206387
"TMA|BT|[39207,15782]",TMA,BT,No-NAC,TURBT,"[39207,15782]",Acceptable,True,6238.0,Stroma,48.189691892659376
"TMA|BT|[39207,20817]",TMA,BT,No-NAC,TURBT,"[39207,20817]",Acceptable,True,4153.0,Stroma,72.9487970388649
"TMA|BT|[39247,10746]",TMA,BT,No-NAC,TURBT,"[39247,10746]",Acceptable,True,4025.0,Stroma,20.290263491616177
"TMA|BT|[39405,7416]",TMA,BT,No-NAC,TURBT,"[39405,7416]",Acceptable,True,3777.0,Stroma,19.742167591065808
"TMA|BT|[39764,11936]",TMA,BT,No-NAC,TURBT,"[39764,11936]",Acceptable,True,7404.0,Stroma,27.561436672967865
"TMA|BT|[40002,10231]",TMA,BT,No-NAC,TURBT,"[40002,10231]",Borderline,True,5928.0,Stroma,55.14515469537958
"TMA|BT|[40081,8565]",TMA,BT,No-NAC,TURBT,"[40081,8565]",Acceptable,True,8091.0,Stroma,69.86989271855741
"TMA|BT|[40280,6781]",TMA,BT,No-NAC,TURBT,"[40280,6781]",Acceptable,True,8484.0,Stroma,36.013728855111545
"TMA|BT|[40518,5155]",TMA,BT,No-NAC,TURBT,"[40518,5155]",Acceptable,True,3892.0,Stroma,21.721540178571427
"TMA|BT|[40872,15782]",TMA,BT,No-NAC,TURBT,"[40872,15782]",Acceptable,True,4582.0,Stroma,27.648224356043286
"TMA|BT|[40872,19152]",TMA,BT,No-NAC,TURBT,"[40872,19152]",Acceptable,True,7529.0,Stroma,28.599427106889795
"TMA|BT|[40912,14077]",TMA,BT,No-NAC,TURBT,"[40912,14077]",Acceptable,True,1807.0,Stroma,37.27481166066164
"TMA|BT|[40912,17487]",TMA,BT,No-NAC,TURBT,"[40912,17487]",Acceptable,True,10987.0,Stroma,12.185602775368602
"TMA|BT|[40912,20897]",TMA,BT,No-NAC,TURBT,"[40912,20897]",Acceptable,True,7518.0,Stroma,57.932314722261886
"TMA|BT|[41031,10746]",TMA,BT,No-NAC,TURBT,"[41031,10746]",Acceptable,True,6529.0,Stroma,75.98499061913697
"TMA|BT|[41071,9081]",TMA,BT,No-NAC,TURBT,"[41071,9081]",Acceptable,True,4868.0,Stroma,65.63480741797433
"TMA|BT|[41150,7456]",TMA,BT,No-NAC,TURBT,"[41150,7456]",Acceptable,True,5536.0,Stroma,17.600964436407473
"TMA|BT|[41509,12094]",TMA,BT,No-NAC,TURBT,"[41509,12094]",Acceptable,True,6969.0,Stroma,23.30807756517272
"TMA|BT|[41866,8605]",TMA,BT,No-NAC,TURBT,"[41866,8605]",Acceptable,True,6800.0,Stroma,34.53296063358957
"TMA|BT|[42064,6860]",TMA,BT,No-NAC,TURBT,"[42064,6860]",Acceptable,True,3639.0,Stroma,47.49209218255761
"TMA|BT|[42341,5195]",TMA,BT,No-NAC,TURBT,"[42341,5195]",Acceptable,True,5940.0,Stroma,17.22408026755853
"TMA|BT|[42538,20857]",TMA,BT,No-NAC,TURBT,"[42538,20857]",Acceptable,True,7889.0,Stroma,24.366529169121982
"TMA|BT|[42577,19152]",TMA,BT,No-NAC,TURBT,"[42577,19152]",Acceptable,True,8566.0,Stroma,62.19376391982183
"TMA|BT|[42617,15861]",TMA,BT,No-NAC,TURBT,"[42617,15861]",Acceptable,True,3650.0,Stroma,31.27868852459016
"TMA|BT|[42656,14156]",TMA,BT,No-NAC,TURBT,"[42656,14156]",Acceptable,True,4064.0,Stroma,15.2002216987668
"TMA|BT|[42656,17526]",TMA,BT,No-NAC,TURBT,"[42656,17526]",Acceptable,True,6513.0,Stroma,27.305320522013485
"TMA|BT|[42815,9121]",TMA,BT,No-NAC,TURBT,"[42815,9121]",Acceptable,True,3297.0,Stroma,97.56596440989978
"TMA|BT|[42894,7535]",TMA,BT,No-NAC,TURBT,"[42894,7535]",Acceptable,True,4999.0,Stroma,26.149574874197466
"TMA|BT|[43214,12292]",TMA,BT,No-NAC,TURBT,"[43214,12292]",Acceptable,True,5824.0,Stroma,19.654808030996826
"TMA|BT|[43543,10535]",TMA,BT,No-NAC,TURBT,"[43543,10535]",Acceptable,True,4799.0,Stroma,8.568994889267461
"TMA|BT|[44007,5314]",TMA,BT,No-NAC,TURBT,"[44007,5314]",Acceptable,True,4442.0,Stroma,97.51137275889752
"TMA|BT|[44242,20857]",TMA,BT,No-NAC,TURBT,"[44242,20857]",Acceptable,True,7172.0,Stroma,74.58026047387415
"TMA|BT|[44282,17487]",TMA,BT,No-NAC,TURBT,"[44282,17487]",Acceptable,True,4628.0,Stroma,26.832892998678997
"TMA|BT|[44282,19192]",TMA,BT,No-NAC,TURBT,"[44282,19192]",Borderline,True,5461.0,Stroma,14.114513981358188
"TMA|BT|[44362,14196]",TMA,BT,No-NAC,TURBT,"[44362,14196]",Acceptable,True,3348.0,Stroma,61.014143845922355
"TMA|BT|[44362,15861]",TMA,BT,No-NAC,TURBT,"[44362,15861]",Acceptable,True,3047.0,Stroma,63.499731615673646
"TMA|BT|[44480,10865]",TMA,BT,No-NAC,TURBT,"[44480,10865]",Acceptable,True,4942.0,Stroma,95.92379264510411
"TMA|BT|[44480,9160]",TMA,BT,No-NAC,TURBT,"[44480,9160]",Acceptable,True,4671.0,Stroma,23.233551132046802
"TMA|BT|[44599,7535]",TMA,BT,No-NAC,TURBT,"[44599,7535]",Borderline,True,6135.0,Stroma,70.785505289219
"TMA|BT|[44998,12372]",TMA,BT,No-NAC,TURBT,"[44998,12372]",Borderline,True,5342.0,Stroma,11.950445686659616
"TMA|BT|[45156,10627]",TMA,BT,No-NAC,TURBT,"[45156,10627]",Acceptable,True,5884.0,Stroma,50.60743211052882
"TMA|BT|[45315,8922]",TMA,BT,No-NAC,TURBT,"[45315,8922]",Acceptable,True,5552.0,Stroma,59.81653562068144
"TMA|BT|[45553,7138]",TMA,BT,No-NAC,TURBT,"[45553,7138]",Acceptable,True,8103.0,Stroma,54.89396411092986
"TMA|BT|[45791,5274]",TMA,BT,No-NAC,TURBT,"[45791,5274]",Acceptable,True,5786.0,Stroma,77.0245317858085
"TMA|BT|[45987,19232]",TMA,BT,No-NAC,TURBT,"[45987,19232]",Acceptable,True,6272.0,Stroma,37.71793275217933
"TMA|BT|[46027,20936]",TMA,BT,No-NAC,TURBT,"[46027,20936]",Acceptable,True,5561.0,Stroma,33.26845093268451
"TMA|BT|[46066,14236]",TMA,BT,No-NAC,TURBT,"[46066,14236]",Acceptable,True,7617.0,Stroma,49.31569343065694
"TMA|BT|[46146,12570]",TMA,BT,No-NAC,TURBT,"[46146,12570]",Acceptable,True,5249.0,Stroma,31.169049621530696
"TMA|BT|[46185,10945]",TMA,BT,No-NAC,TURBT,"[46185,10945]",Acceptable,True,5094.0,Stroma,94.89279332936272
"TMA|BT|[46185,9240]",TMA,BT,No-NAC,TURBT,"[46185,9240]",Acceptable,True,8911.0,Stroma,92.48852413409374
"TMA|BT|[46344,7575]",TMA,BT,No-NAC,TURBT,"[46344,7575]",Acceptable,True,4871.0,Stroma,36.30705394190871
"TMA|BT|[46742,12491]",TMA,BT,No-NAC,TURBT,"[46742,12491]",Acceptable,True,5791.0,Stroma,38.59979889391654
"TMA|BT|[46901,10786]",TMA,BT,No-NAC,TURBT,"[46901,10786]",Acceptable,True,8120.0,Stroma,16.675152749490838
"TMA|BT|[47060,9001]",TMA,BT,No-NAC,TURBT,"[47060,9001]",Acceptable,True,5021.0,Stroma,25.67049808429119
"TMA|BT|[47298,7178]",TMA,BT,No-NAC,TURBT,"[47298,7178]",Acceptable,True,5527.0,Stroma,43.21595355294711
"TMA|BT|[47496,5433]",TMA,BT,No-NAC,TURBT,"[47496,5433]",Acceptable,True,5715.0,Stroma,42.106133245164486
"TMA|BT|[47652,19271]",TMA,BT,No-NAC,TURBT,"[47652,19271]",Acceptable,True,5999.0,Stroma,20.332659723301727
"TMA|BT|[47692,20897]",TMA,BT,No-NAC,TURBT,"[47692,20897]",Acceptable,True,4688.0,Stroma,67.48878923766816
"TMA|BT|[47732,17606]",TMA,BT,No-NAC,TURBT,"[47732,17606]",Acceptable,True,7067.0,Stroma,91.71545667447307
"TMA|BT|[47771,15941]",TMA,BT,No-NAC,TURBT,"[47771,15941]",Acceptable,True,6720.0,Stroma,37.64323319913286
"TMA|BT|[47811,14275]",TMA,BT,No-NAC,TURBT,"[47811,14275]",Acceptable,True,5894.0,Stroma,17.02023498694517
"TMA|BT|[47851,12610]",TMA,BT,No-NAC,TURBT,"[47851,12610]",Acceptable,True,4172.0,Stroma,30.586822752513886
"TMA|BT|[47890,10945]",TMA,BT,No-NAC,TURBT,"[47890,10945]",Acceptable,True,5221.0,Stroma,56.119660578167704
"TMA|BT|[47930,9240]",TMA,BT,No-NAC,TURBT,"[47930,9240]",Acceptable,True,6376.0,Stroma,20.40426547827471
"TMA|BT|[48049,7575]",TMA,BT,No-NAC,TURBT,"[48049,7575]",Acceptable,True,4613.0,Stroma,36.36112644947543
"TMA|BT|[48487,12649]",TMA,BT,No-NAC,TURBT,"[48487,12649]",Acceptable,True,4983.0,Stroma,51.26072607260726
"TMA|BT|[48646,10865]",TMA,BT,No-NAC,TURBT,"[48646,10865]",Acceptable,True,5991.0,Stroma,22.364447001294405
"TMA|BT|[48804,9120]",TMA,BT,No-NAC,TURBT,"[48804,9120]",Acceptable,True,5296.0,Stroma,32.825552825552826
"TMA|BT|[49201,5473]",TMA,BT,No-NAC,TURBT,"[49201,5473]",Acceptable,True,5654.0,Stroma,55.67829718442679
"TMA|BT|[49397,19350]",TMA,BT,No-NAC,TURBT,"[49397,19350]",Acceptable,True,7569.0,Stroma,63.4059008879977
"TMA|BT|[49437,16060]",TMA,BT,No-NAC,TURBT,"[49437,16060]",Acceptable,True,7752.0,Stroma,12.306569343065693
"TMA|BT|[49476,14315]",TMA,BT,No-NAC,TURBT,"[49476,14315]",Acceptable,True,5826.0,Stroma,14.524421593830333
"TMA|BT|[49476,17646]",TMA,BT,No-NAC,TURBT,"[49476,17646]",Acceptable,True,5594.0,Stroma,95.27186761229314
"TMA|BT|[49595,12610]",TMA,BT,No-NAC,TURBT,"[49595,12610]",Borderline,True,4799.0,Stroma,24.184552982930537
"TMA|BT|[49635,10984]",TMA,BT,No-NAC,TURBT,"[49635,10984]",Acceptable,True,6382.0,Stroma,42.031449213769655
"TMA|BT|[49714,7654]",TMA,BT,No-NAC,TURBT,"[49714,7654]",Acceptable,True,4742.0,Stroma,53.7719298245614
"TMA|BT|[50232,12808]",TMA,BT,No-NAC,TURBT,"[50232,12808]",Acceptable,True,4695.0,Stroma,19.878170064644458
"TMA|BT|[50588,9239]",TMA,BT,No-NAC,TURBT,"[50588,9239]",Acceptable,True,8137.0,Stroma,54.6071888537642
"TMA|BT|[50747,7455]",TMA,BT,No-NAC,TURBT,"[50747,7455]",Acceptable,True,8414.0,Stroma,45.30291881285259
"TMA|BT|[50995,5567]",TMA,BT,No-NAC,TURBT,"[50995,5567]",Acceptable,True,2647.0,Stroma,87.87007274572831
"TMA|BT|[51102,19311]",TMA,BT,No-NAC,TURBT,"[51102,19311]",Acceptable,True,6291.0,Stroma,27.14327230456263
"TMA|BT|[51102,20897]",TMA,BT,No-NAC,TURBT,"[51102,20897]",Acceptable,True,6185.0,Stroma,74.52712964241337
"TMA|BT|[51221,16060]",TMA,BT,No-NAC,TURBT,"[51221,16060]",Acceptable,True,5666.0,Stroma,91.90875066833007
"TMA|BT|[51260,12650]",TMA,BT,No-NAC,TURBT,"[51260,12650]",Acceptable,True,4645.0,Stroma,18.578424098530938
"TMA|BT|[51260,14355]",TMA,BT,No-NAC,TURBT,"[51260,14355]",Acceptable,True,9845.0,Stroma,62.59418729817007
"TMA|BT|[51340,11064]",TMA,BT,No-NAC,TURBT,"[51340,11064]",Acceptable,True,5634.0,Stroma,18.34269662921348
"TMA|BT|[51380,7733]",TMA,BT,No-NAC,TURBT,"[51380,7733]",Acceptable,True,6894.0,Stroma,30.993815619157196
"TMA|BT|[51419,9359]",TMA,BT,No-NAC,TURBT,"[51419,9359]",Acceptable,True,5029.0,Stroma,43.245843067198024
"TMA|BT|[52016,12927]",TMA,BT,No-NAC,TURBT,"[52016,12927]",Acceptable,True,4411.0,Stroma,37.22278225806452
"TMA|BT|[52174,11142]",TMA,BT,No-NAC,TURBT,"[52174,11142]",Acceptable,True,7551.0,Stroma,85.78990228013029
"TMA|BT|[52333,9358]",TMA,BT,No-NAC,TURBT,"[52333,9358]",Acceptable,True,5059.0,Stroma,66.78490809416317
"TMA|BT|[52452,7653]",TMA,BT,No-NAC,TURBT,"[52452,7653]",Acceptable,True,7267.0,Stroma,59.688090737240074
"TMA|BT|[52650,5829]",TMA,BT,No-NAC,TURBT,"[52650,5829]",Acceptable,True,6407.0,Stroma,83.95878191325744
"TMA|BT|[52846,21055]",TMA,BT,No-NAC,TURBT,"[52846,21055]",Acceptable,True,6976.0,Stroma,59.57685301947597
"TMA|BT|[52886,16020]",TMA,BT,No-NAC,TURBT,"[52886,16020]",Acceptable,True,5558.0,Stroma,15.185504745470235
"TMA|BT|[52926,17725]",TMA,BT,No-NAC,TURBT,"[52926,17725]",Acceptable,True,9530.0,Stroma,62.34725392775614
"TMA|BT|[53005,11024]",TMA,BT,No-NAC,TURBT,"[53005,11024]",Borderline,True,7115.0,Stroma,8.971109984794728
"TMA|BT|[53005,12689]",TMA,BT,No-NAC,TURBT,"[53005,12689]",Borderline,True,3310.0,Stroma,27.074164629176853
"TMA|BT|[53084,9438]",TMA,BT,No-NAC,TURBT,"[53084,9438]",Borderline,True,5223.0,Stroma,37.81565656565657
"TMA|BT|[53124,7773]",TMA,BT,No-NAC,TURBT,"[53124,7773]",Acceptable,True,7632.0,Stroma,19.38179888564606
"TMA|BT|[53176,14441]",TMA,BT,No-NAC,TURBT,"[53176,14441]",Borderline,True,6540.0,Stroma,76.30789022298457
"TMA|BT|[53959,11420]",TMA,BT,No-NAC,TURBT,"[53959,11420]",Acceptable,True,7301.0,Stroma,98.85706778770361
"TMA|BT|[54038,9557]",TMA,BT,No-NAC,TURBT,"[54038,9557]",Acceptable,True,6548.0,Stroma,11.883802816901408
"TMA|BT|[54395,5988]",TMA,BT,No-NAC,TURBT,"[54395,5988]",Acceptable,True,7733.0,Stroma,77.91973337036522
"TMA|BT|[54591,19390]",TMA,BT,No-NAC,TURBT,"[54591,19390]",Acceptable,True,8344.0,Stroma,66.90121786197564
"TMA|BT|[54631,16020]",TMA,BT,No-NAC,TURBT,"[54631,16020]",Acceptable,True,7293.0,Stroma,92.2670579603815
"TMA|BT|[54670,11143]",TMA,BT,No-NAC,TURBT,"[54670,11143]",Acceptable,True,4660.0,Stroma,21.715933669790918
"TMA|BT|[54670,14434]",TMA,BT,No-NAC,TURBT,"[54670,14434]",Acceptable,True,5257.0,Stroma,58.19177312929945
"TMA|BT|[54670,17725]",TMA,BT,No-NAC,TURBT,"[54670,17725]",Acceptable,True,4170.0,Stroma,14.017245191244747
"TMA|BT|[54710,12769]",TMA,BT,No-NAC,TURBT,"[54710,12769]",Acceptable,True,6056.0,Stroma,57.41492788124913
"TMA|BT|[54829,7773]",TMA,BT,No-NAC,TURBT,"[54829,7773]",Acceptable,True,7080.0,Stroma,31.40484429065744
"TMA|BT|[54829,9478]",TMA,BT,No-NAC,TURBT,"[54829,9478]",Acceptable,True,6555.0,Stroma,46.827836780324205
"TMA|BT|[55822,9755]",TMA,BT,No-NAC,TURBT,"[55822,9755]",Acceptable,True,5808.0,Stroma,13.503117124287042
"TMA|BT|[56217,17685]",TMA,BT,No-NAC,TURBT,"[56217,17685]",Acceptable,True,4441.0,Stroma,27.837423312883438
"TMA|BT|[56336,16139]",TMA,BT,No-NAC,TURBT,"[56336,16139]",Acceptable,True,7513.0,Stroma,70.51484296572494
"TMA|BT|[56415,11143]",TMA,BT,No-NAC,TURBT,"[56415,11143]",Acceptable,True,4701.0,Stroma,40.795117123061694
"TMA|BT|[56455,14474]",TMA,BT,No-NAC,TURBT,"[56455,14474]",Acceptable,True,3565.0,Stroma,98.23591923485654
"TMA|BT|[56534,7892]",TMA,BT,No-NAC,TURBT,"[56534,7892]",Acceptable,True,7430.0,Stroma,17.137293086660176
"TMA|BT|[57408,11658]",TMA,BT,No-NAC,TURBT,"[57408,11658]",Acceptable,True,7299.0,Stroma,32.66809218341648
"TMA|BT|[57567,9874]",TMA,BT,No-NAC,TURBT,"[57567,9874]",Acceptable,True,6094.0,Stroma,39.33752417794971
"TMA|BT|[57686,8050]",TMA,BT,No-NAC,TURBT,"[57686,8050]",Acceptable,True,5245.0,Stroma,42.71990018714909
"TMA|BT|[57884,6305]",TMA,BT,No-NAC,TURBT,"[57884,6305]",Acceptable,True,3528.0,Stroma,90.70673344462995
"TMA|BT|[58041,14474]",TMA,BT,No-NAC,TURBT,"[58041,14474]",Acceptable,True,9347.0,Stroma,99.13588850174216
"TMA|BT|[58041,16139]",TMA,BT,No-NAC,TURBT,"[58041,16139]",Acceptable,True,7886.0,Stroma,62.18963264120807
"TMA|BT|[58080,12808]",TMA,BT,No-NAC,TURBT,"[58080,12808]",Acceptable,True,5856.0,Stroma,46.20270643468655
"TMA|BT|[58160,11262]",TMA,BT,No-NAC,TURBT,"[58160,11262]",Acceptable,True,6911.0,Stroma,19.70205341564891
"TMA|BT|[58199,9557]",TMA,BT,No-NAC,TURBT,"[58199,9557]",Acceptable,True,7434.0,Stroma,62.9133528673085
"TMA|BT|[58239,7931]",TMA,BT,No-NAC,TURBT,"[58239,7931]",Acceptable,True,4622.0,Stroma,63.957253886010356
"TMA|BT|[59192,11777]",TMA,BT,No-NAC,TURBT,"[59192,11777]",Acceptable,True,6648.0,Stroma,44.83160470807598
"TMA|BT|[59391,10191]",TMA,BT,No-NAC,TURBT,"[59391,10191]",Borderline,True,5609.0,Stroma,58.907049694568265
"TMA|BT|[59549,8407]",TMA,BT,No-NAC,TURBT,"[59549,8407]",Acceptable,True,6205.0,Stroma,27.84675416814473
"TMA|BT|[59706,19390]",TMA,BT,No-NAC,TURBT,"[59706,19390]",Acceptable,True,5927.0,Stroma,71.58348187759954
"TMA|BT|[59785,14553]",TMA,BT,No-NAC,TURBT,"[59785,14553]",Acceptable,True,6132.0,Stroma,62.29189789123197
"TMA|BT|[59785,16178]",TMA,BT,No-NAC,TURBT,"[59785,16178]",Acceptable,True,7170.0,Stroma,13.364611260053621
"TMA|BT|[59825,12843]",TMA,BT,No-NAC,TURBT,"[59825,12843]",Acceptable,True,7504.0,Stroma,79.02465310521353
"TMA|BT|[59944,11262]",TMA,BT,No-NAC,TURBT,"[59944,11262]",Acceptable,True,5560.0,Stroma,33.697739695671444
"TMA|BT|[60063,7971]",TMA,BT,No-NAC,TURBT,"[60063,7971]",Acceptable,True,8051.0,Stroma,86.11613981339646
"TMA|BT|[61016,11975]",TMA,BT,No-NAC,TURBT,"[61016,11975]",Acceptable,True,7128.0,Stroma,32.93167701863354
"TMA|BT|[61215,10310]",TMA,BT,No-NAC,TURBT,"[61215,10310]",Acceptable,True,7798.0,Stroma,49.57913455838767
"TMA|BT|[61373,6940]",TMA,BT,No-NAC,TURBT,"[61373,6940]",Acceptable,True,5896.0,Stroma,60.555760481986965
"TMA|BT|[62840,12094]",TMA,BT,No-NAC,TURBT,"[62840,12094]",Acceptable,True,6521.0,Stroma,13.496195434521427
"TMA|BT|[63038,10508]",TMA,BT,No-NAC,TURBT,"[63038,10508]",Acceptable,True,4926.0,Stroma,26.830300465509946
"TMA|BT|[63158,8882]",TMA,BT,No-NAC,TURBT,"[63158,8882]",Acceptable,True,4670.0,Stroma,50.31631269769544
"TMA|BT|[63276,7178]",TMA,BT,No-NAC,TURBT,"[63276,7178]",Acceptable,True,6901.0,Stroma,86.24955814775538
"TMA|BT|[39130,20619]",TMA,BT,No-NAC,RC,"[39130,20619]",Acceptable,True,8150.0,Epi,17.03864997278171
"TMA|BT|[39169,18914]",TMA,BT,No-NAC,RC,"[39169,18914]",Acceptable,True,4596.0,Epi,42.36575875486381
"TMA|BT|[39368,17249]",TMA,BT,No-NAC,RC,"[39368,17249]",Acceptable,True,6251.0,Epi,57.26052876311943
"TMA|BT|[39563,15596]",TMA,BT,No-NAC,RC,"[39563,15596]",Acceptable,True,4393.0,Epi,68.8700707785642
"TMA|BT|[40795,20698]",TMA,BT,No-NAC,RC,"[40795,20698]",Acceptable,True,6616.0,Epi,87.46422438465942
"TMA|BT|[40914,19033]",TMA,BT,No-NAC,RC,"[40914,19033]",Acceptable,True,6526.0,Epi,70.41719342604299
"TMA|BT|[41033,17328]",TMA,BT,No-NAC,RC,"[41033,17328]",Acceptable,True,7474.0,Epi,54.78226549138272
"TMA|BT|[41192,15623]",TMA,BT,No-NAC,RC,"[41192,15623]",Acceptable,True,4738.0,Epi,96.16441779110446
"TMA|BT|[42579,20817]",TMA,BT,No-NAC,RC,"[42579,20817]",Acceptable,True,3440.0,Epi,0.5160939834306669
"TMA|BT|[42659,19152]",TMA,BT,No-NAC,RC,"[42659,19152]",Acceptable,True,6219.0,Epi,82.0597132710772
"TMA|BT|[42778,17447]",TMA,BT,No-NAC,RC,"[42778,17447]",Acceptable,True,5637.0,Epi,21.833797024313537
"TMA|BT|[42936,15702]",TMA,BT,No-NAC,RC,"[42936,15702]",Acceptable,True,6407.0,Epi,38.09292733228193
"TMA|BT|[43095,14037]",TMA,BT,No-NAC,RC,"[43095,14037]",Acceptable,True,3842.0,Epi,51.94014037875779
"TMA|BT|[44205,21015]",TMA,BT,No-NAC,RC,"[44205,21015]",Acceptable,True,4395.0,Epi,0.1896505012191818
"TMA|BT|[44364,19310]",TMA,BT,No-NAC,RC,"[44364,19310]",Acceptable,True,5256.0,Epi,57.6104310803619
"TMA|BT|[44562,17605]",TMA,BT,No-NAC,RC,"[44562,17605]",Acceptable,True,5082.0,Epi,23.898449896252895
"TMA|BT|[44681,15861]",TMA,BT,No-NAC,RC,"[44681,15861]",Acceptable,True,5135.0,Epi,74.01262845115761
"TMA|BT|[44839,14156]",TMA,BT,No-NAC,RC,"[44839,14156]",Acceptable,True,3430.0,Epi,43.12912835124983
"TMA|BT|[46029,21214]",TMA,BT,No-NAC,RC,"[46029,21214]",Acceptable,True,5422.0,Epi,61.200326619488294
"TMA|BT|[46108,19429]",TMA,BT,No-NAC,RC,"[46108,19429]",Acceptable,True,2158.0,Epi,0.9277667329357191
"TMA|BT|[46425,15940]",TMA,BT,No-NAC,RC,"[46425,15940]",Acceptable,True,5487.0,Epi,73.09350579358663
"TMA|BT|[46584,14275]",TMA,BT,No-NAC,RC,"[46584,14275]",Acceptable,True,6920.0,Epi,45.182555780933065
"TMA|BT|[47773,21332]",TMA,BT,No-NAC,RC,"[47773,21332]",Acceptable,True,4556.0,Epi,17.476255088195387
"TMA|BT|[47853,19588]",TMA,BT,No-NAC,RC,"[47853,19588]",Acceptable,True,5550.0,Epi,22.773972602739725
"TMA|BT|[48011,17804]",TMA,BT,No-NAC,RC,"[48011,17804]",Acceptable,True,5217.0,Epi,53.02589852008457
"TMA|BT|[48368,14394]",TMA,BT,No-NAC,RC,"[48368,14394]",Acceptable,True,7020.0,Epi,54.46184439473029
"TMA|BT|[49478,21412]",TMA,BT,No-NAC,RC,"[49478,21412]",Acceptable,True,3639.0,Epi,46.42042863657091
"TMA|BT|[49558,19707]",TMA,BT,No-NAC,RC,"[49558,19707]",Acceptable,True,5039.0,Epi,70.75148903814473
"TMA|BT|[49756,17962]",TMA,BT,No-NAC,RC,"[49756,17962]",Acceptable,True,6483.0,Epi,75.67393267122404
"TMA|BT|[49875,16257]",TMA,BT,No-NAC,RC,"[49875,16257]",Acceptable,True,6628.0,Epi,10.722470148353636
"TMA|BT|[50150,14666]",TMA,BT,No-NAC,RC,"[50150,14666]",Acceptable,True,2737.0,Epi,0.09697439875872771
"TMA|BT|[51144,21531]",TMA,BT,No-NAC,RC,"[51144,21531]",Acceptable,True,4239.0,Epi,61.65212496481846
"TMA|BT|[51302,19826]",TMA,BT,No-NAC,RC,"[51302,19826]",Acceptable,True,5663.0,Epi,76.60645161290323
"TMA|BT|[51500,18081]",TMA,BT,No-NAC,RC,"[51500,18081]",Acceptable,True,5142.0,Epi,52.31515507864178
"TMA|BT|[51659,16376]",TMA,BT,No-NAC,RC,"[51659,16376]",Acceptable,True,6370.0,Epi,46.78470429115947
"TMA|BT|[51778,14751]",TMA,BT,No-NAC,RC,"[51778,14751]",Acceptable,True,5345.0,Epi,23.218689162881248
"TMA|BT|[52690,21808]",TMA,BT,No-NAC,RC,"[52690,21808]",Acceptable,True,4551.0,Epi,0.05453306066802999
"TMA|BT|[53007,19984]",TMA,BT,No-NAC,RC,"[53007,19984]",Acceptable,True,6685.0,Epi,62.42917847025496
"TMA|BT|[53166,18200]",TMA,BT,No-NAC,RC,"[53166,18200]",Acceptable,True,5101.0,Epi,18.94523326572008
"TMA|BT|[53404,16456]",TMA,BT,No-NAC,RC,"[53404,16456]",Acceptable,True,5074.0,Epi,21.64992826398852
"TMA|BT|[53602,14790]",TMA,BT,No-NAC,RC,"[53602,14790]",Acceptable,True,7951.0,Epi,26.493758332323356
"TMA|BT|[54634,21768]",TMA,BT,No-NAC,RC,"[54634,21768]",Acceptable,True,5715.0,Epi,0.08635578583765112
"TMA|BT|[54831,20103]",TMA,BT,No-NAC,RC,"[54831,20103]",Acceptable,True,5338.0,Epi,44.69000814237525
"TMA|BT|[55029,18319]",TMA,BT,No-NAC,RC,"[55029,18319]",Acceptable,True,3217.0,Epi,0.33151002817835235
"TMA|BT|[55228,16574]",TMA,BT,No-NAC,RC,"[55228,16574]",Acceptable,True,4768.0,Epi,45.04921829762594
"TMA|BT|[55386,14870]",TMA,BT,No-NAC,RC,"[55386,14870]",Acceptable,True,7171.0,Epi,27.325023969319272
"TMA|BT|[56615,20064]",TMA,BT,No-NAC,RC,"[56615,20064]",Acceptable,True,4727.0,Epi,20.770756588268632
"TMA|BT|[56774,18398]",TMA,BT,No-NAC,RC,"[56774,18398]",Acceptable,True,5590.0,Epi,47.60502049180328
"TMA|BT|[56972,16733]",TMA,BT,No-NAC,RC,"[56972,16733]",Acceptable,True,6399.0,Epi,67.99227799227799
"TMA|BT|[57131,15028]",TMA,BT,No-NAC,RC,"[57131,15028]",Acceptable,True,4197.0,Epi,13.53285621340273
"TMA|BT|[58400,20143]",TMA,BT,No-NAC,RC,"[58400,20143]",Acceptable,True,5121.0,Epi,53.60750360750361
"TMA|BT|[58558,18478]",TMA,BT,No-NAC,RC,"[58558,18478]",Acceptable,True,5500.0,Epi,18.854139964111763
"TMA|BT|[58717,16812]",TMA,BT,No-NAC,RC,"[58717,16812]",Acceptable,True,5687.0,Epi,54.94616846105129
"TMA|BT|[58940,15236]",TMA,BT,No-NAC,RC,"[58940,15236]",Acceptable,True,3989.0,Epi,4.452232606438214
"TMA|BT|[60184,20183]",TMA,BT,No-NAC,RC,"[60184,20183]",Acceptable,True,6737.0,Epi,83.8470392633329
"TMA|BT|[60382,18597]",TMA,BT,No-NAC,RC,"[60382,18597]",Acceptable,True,8418.0,Epi,19.73365617433414
"TMA|BT|[60501,16892]",TMA,BT,No-NAC,RC,"[60501,16892]",Acceptable,True,5170.0,Epi,59.46285140562249
"TMA|BT|[60778,15266]",TMA,BT,No-NAC,RC,"[60778,15266]",Acceptable,True,4562.0,Epi,0.3055260361317747
"TMA|BT|[62087,20262]",TMA,BT,No-NAC,RC,"[62087,20262]",Acceptable,True,5524.0,Epi,45.630813572645096
"TMA|BT|[62166,18597]",TMA,BT,No-NAC,RC,"[62166,18597]",Acceptable,True,7315.0,Epi,43.14585826352879
"TMA|BT|[62325,16931]",TMA,BT,No-NAC,RC,"[62325,16931]",Acceptable,True,4365.0,Epi,67.09385113268608
"TMA|BT|[62523,15345]",TMA,BT,No-NAC,RC,"[62523,15345]",Acceptable,True,5673.0,Epi,40.96129837702872
"TMA|BT|[39130,20619]",TMA,BT,No-NAC,RC,"[39130,20619]",Acceptable,True,8150.0,Stroma,82.96135002721829
"TMA|BT|[39169,18914]",TMA,BT,No-NAC,RC,"[39169,18914]",Acceptable,True,4596.0,Stroma,57.63424124513619
"TMA|BT|[39368,17249]",TMA,BT,No-NAC,RC,"[39368,17249]",Acceptable,True,6251.0,Stroma,42.739471236880554
"TMA|BT|[39563,15596]",TMA,BT,No-NAC,RC,"[39563,15596]",Acceptable,True,4393.0,Stroma,31.12992922143579
"TMA|BT|[40795,20698]",TMA,BT,No-NAC,RC,"[40795,20698]",Acceptable,True,6616.0,Stroma,12.535775615340585
"TMA|BT|[40914,19033]",TMA,BT,No-NAC,RC,"[40914,19033]",Acceptable,True,6526.0,Stroma,29.58280657395702
"TMA|BT|[41033,17328]",TMA,BT,No-NAC,RC,"[41033,17328]",Acceptable,True,7474.0,Stroma,45.21773450861728
"TMA|BT|[41192,15623]",TMA,BT,No-NAC,RC,"[41192,15623]",Acceptable,True,4738.0,Stroma,3.8355822088955525
"TMA|BT|[42579,20817]",TMA,BT,No-NAC,RC,"[42579,20817]",Acceptable,True,3440.0,Stroma,99.48390601656934
"TMA|BT|[42659,19152]",TMA,BT,No-NAC,RC,"[42659,19152]",Acceptable,True,6219.0,Stroma,17.940286728922793
"TMA|BT|[42778,17447]",TMA,BT,No-NAC,RC,"[42778,17447]",Acceptable,True,5637.0,Stroma,78.16620297568646
"TMA|BT|[42936,15702]",TMA,BT,No-NAC,RC,"[42936,15702]",Acceptable,True,6407.0,Stroma,61.90707266771806
"TMA|BT|[43095,14037]",TMA,BT,No-NAC,RC,"[43095,14037]",Acceptable,True,3842.0,Stroma,48.059859621242225
"TMA|BT|[44205,21015]",TMA,BT,No-NAC,RC,"[44205,21015]",Acceptable,True,4395.0,Stroma,99.81034949878082
"TMA|BT|[44364,19310]",TMA,BT,No-NAC,RC,"[44364,19310]",Acceptable,True,5256.0,Stroma,42.38956891963811
"TMA|BT|[44562,17605]",TMA,BT,No-NAC,RC,"[44562,17605]",Acceptable,True,5082.0,Stroma,76.1015501037471
"TMA|BT|[44681,15861]",TMA,BT,No-NAC,RC,"[44681,15861]",Acceptable,True,5135.0,Stroma,25.987371548842393
"TMA|BT|[44839,14156]",TMA,BT,No-NAC,RC,"[44839,14156]",Acceptable,True,3430.0,Stroma,56.87087164875017
"TMA|BT|[46029,21214]",TMA,BT,No-NAC,RC,"[46029,21214]",Acceptable,True,5422.0,Stroma,38.7996733805117
"TMA|BT|[46108,19429]",TMA,BT,No-NAC,RC,"[46108,19429]",Acceptable,True,2158.0,Stroma,99.07223326706428
"TMA|BT|[46425,15940]",TMA,BT,No-NAC,RC,"[46425,15940]",Acceptable,True,5487.0,Stroma,26.906494206413367
"TMA|BT|[46584,14275]",TMA,BT,No-NAC,RC,"[46584,14275]",Acceptable,True,6920.0,Stroma,54.81744421906694
"TMA|BT|[47773,21332]",TMA,BT,No-NAC,RC,"[47773,21332]",Acceptable,True,4556.0,Stroma,82.52374491180461
"TMA|BT|[47853,19588]",TMA,BT,No-NAC,RC,"[47853,19588]",Acceptable,True,5550.0,Stroma,77.22602739726027
"TMA|BT|[48011,17804]",TMA,BT,No-NAC,RC,"[48011,17804]",Acceptable,True,5217.0,Stroma,46.974101479915426
"TMA|BT|[48368,14394]",TMA,BT,No-NAC,RC,"[48368,14394]",Acceptable,True,7020.0,Stroma,45.538155605269694
"TMA|BT|[49478,21412]",TMA,BT,No-NAC,RC,"[49478,21412]",Acceptable,True,3639.0,Stroma,53.579571363429096
"TMA|BT|[49558,19707]",TMA,BT,No-NAC,RC,"[49558,19707]",Acceptable,True,5039.0,Stroma,29.248510961855278
"TMA|BT|[49756,17962]",TMA,BT,No-NAC,RC,"[49756,17962]",Acceptable,True,6483.0,Stroma,24.326067328775956
"TMA|BT|[49875,16257]",TMA,BT,No-NAC,RC,"[49875,16257]",Acceptable,True,6628.0,Stroma,89.27752985164636
"TMA|BT|[50150,14666]",TMA,BT,No-NAC,RC,"[50150,14666]",Acceptable,True,2737.0,Stroma,99.90302560124128
"TMA|BT|[51144,21531]",TMA,BT,No-NAC,RC,"[51144,21531]",Acceptable,True,4239.0,Stroma,38.34787503518154
"TMA|BT|[51302,19826]",TMA,BT,No-NAC,RC,"[51302,19826]",Acceptable,True,5663.0,Stroma,23.393548387096775
"TMA|BT|[51500,18081]",TMA,BT,No-NAC,RC,"[51500,18081]",Acceptable,True,5142.0,Stroma,47.68484492135823
"TMA|BT|[51659,16376]",TMA,BT,No-NAC,RC,"[51659,16376]",Acceptable,True,6370.0,Stroma,53.21529570884053
"TMA|BT|[51778,14751]",TMA,BT,No-NAC,RC,"[51778,14751]",Acceptable,True,5345.0,Stroma,76.78131083711875
"TMA|BT|[52690,21808]",TMA,BT,No-NAC,RC,"[52690,21808]",Acceptable,True,4551.0,Stroma,99.94546693933196
"TMA|BT|[53007,19984]",TMA,BT,No-NAC,RC,"[53007,19984]",Acceptable,True,6685.0,Stroma,37.57082152974505
"TMA|BT|[53166,18200]",TMA,BT,No-NAC,RC,"[53166,18200]",Acceptable,True,5101.0,Stroma,81.05476673427991
"TMA|BT|[53404,16456]",TMA,BT,No-NAC,RC,"[53404,16456]",Acceptable,True,5074.0,Stroma,78.35007173601147
"TMA|BT|[53602,14790]",TMA,BT,No-NAC,RC,"[53602,14790]",Acceptable,True,7951.0,Stroma,73.50624166767665
"TMA|BT|[54634,21768]",TMA,BT,No-NAC,RC,"[54634,21768]",Acceptable,True,5715.0,Stroma,99.91364421416235
"TMA|BT|[54831,20103]",TMA,BT,No-NAC,RC,"[54831,20103]",Acceptable,True,5338.0,Stroma,55.30999185762475
"TMA|BT|[55029,18319]",TMA,BT,No-NAC,RC,"[55029,18319]",Acceptable,True,3217.0,Stroma,99.66848997182164
"TMA|BT|[55228,16574]",TMA,BT,No-NAC,RC,"[55228,16574]",Acceptable,True,4768.0,Stroma,54.95078170237406
"TMA|BT|[55386,14870]",TMA,BT,No-NAC,RC,"[55386,14870]",Acceptable,True,7171.0,Stroma,72.67497603068072
"TMA|BT|[56615,20064]",TMA,BT,No-NAC,RC,"[56615,20064]",Acceptable,True,4727.0,Stroma,79.22924341173137
"TMA|BT|[56774,18398]",TMA,BT,No-NAC,RC,"[56774,18398]",Acceptable,True,5590.0,Stroma,52.39497950819672
"TMA|BT|[56972,16733]",TMA,BT,No-NAC,RC,"[56972,16733]",Acceptable,True,6399.0,Stroma,32.00772200772201
"TMA|BT|[57131,15028]",TMA,BT,No-NAC,RC,"[57131,15028]",Acceptable,True,4197.0,Stroma,86.46714378659726
"TMA|BT|[58400,20143]",TMA,BT,No-NAC,RC,"[58400,20143]",Acceptable,True,5121.0,Stroma,46.3924963924964
"TMA|BT|[58558,18478]",TMA,BT,No-NAC,RC,"[58558,18478]",Acceptable,True,5500.0,Stroma,81.14586003588822
"TMA|BT|[58717,16812]",TMA,BT,No-NAC,RC,"[58717,16812]",Acceptable,True,5687.0,Stroma,45.0538315389487
"TMA|BT|[58940,15236]",TMA,BT,No-NAC,RC,"[58940,15236]",Acceptable,True,3989.0,Stroma,95.54776739356178
"TMA|BT|[60184,20183]",TMA,BT,No-NAC,RC,"[60184,20183]",Acceptable,True,6737.0,Stroma,16.152960736667094
"TMA|BT|[60382,18597]",TMA,BT,No-NAC,RC,"[60382,18597]",Acceptable,True,8418.0,Stroma,80.26634382566586
"TMA|BT|[60501,16892]",TMA,BT,No-NAC,RC,"[60501,16892]",Acceptable,True,5170.0,Stroma,40.5371485943775
"TMA|BT|[60778,15266]",TMA,BT,No-NAC,RC,"[60778,15266]",Acceptable,True,4562.0,Stroma,99.69447396386822
"TMA|BT|[62087,20262]",TMA,BT,No-NAC,RC,"[62087,20262]",Acceptable,True,5524.0,Stroma,54.369186427354904
"TMA|BT|[62166,18597]",TMA,BT,No-NAC,RC,"[62166,18597]",Acceptable,True,7315.0,Stroma,56.854141736471206
"TMA|BT|[62325,16931]",TMA,BT,No-NAC,RC,"[62325,16931]",Acceptable,True,4365.0,Stroma,32.90614886731392
"TMA|BT|[62523,15345]",TMA,BT,No-NAC,RC,"[62523,15345]",Acceptable,True,5673.0,Stroma,59.03870162297129
"BLASST|BT|[29159,10190]",BLASST,BT,BLASST,TURBT,"[29159,10190]",Missing QC,True,10228.0,Epi,16.197826749263736
"BLASST|BT|[30341,18174]",BLASST,BT,BLASST,TURBT,"[30341,18174]",Missing QC,True,9420.0,Epi,24.754262788365097
"BLASST|BT|[31201,17252]",BLASST,BT,BLASST,TURBT,"[31201,17252]",Missing QC,True,6528.0,Epi,14.309288071664309
"BLASST|BT|[31543,4691]",BLASST,BT,BLASST,TURBT,"[31543,4691]",Missing QC,True,10616.0,Epi,35.069302894414996
"BLASST|BT|[32029,5843]",BLASST,BT,BLASST,TURBT,"[32029,5843]",Missing QC,True,10836.0,Epi,12.29399119664244
"BLASST|BT|[32344,13332]",BLASST,BT,BLASST,TURBT,"[32344,13332]",Missing QC,True,9796.0,Epi,6.757402101241643
"BLASST|BT|[32936,8874]",BLASST,BT,BLASST,TURBT,"[32936,8874]",Missing QC,True,7776.0,Epi,83.26
"BLASST|BT|[33161,13912]",BLASST,BT,BLASST,TURBT,"[33161,13912]",Missing QC,True,13612.0,Epi,0.23
"BLASST|BT|[33382,22276]",BLASST,BT,BLASST,TURBT,"[33382,22276]",Missing QC,True,10184.0,Epi,7.598197037990985
"BLASST|BT|[33578,9952]",BLASST,BT,BLASST,TURBT,"[33578,9952]",Missing QC,True,12488.0,Epi,16.008064516129036
"BLASST|BT|[33585,6277]",BLASST,BT,BLASST,TURBT,"[33585,6277]",Missing QC,True,12488.0,Epi,5.359342915811088
"BLASST|BT|[34158,10993]",BLASST,BT,BLASST,TURBT,"[34158,10993]",Missing QC,True,11640.0,Epi,31.500304940028464
"BLASST|BT|[34242,14251]",BLASST,BT,BLASST,TURBT,"[34242,14251]",Missing QC,True,8432.0,Epi,28.970142795326698
"BLASST|BT|[34281,12100]",BLASST,BT,BLASST,TURBT,"[34281,12100]",Missing QC,True,12700.0,Epi,29.992999299929995
"BLASST|BT|[34294,20055]",BLASST,BT,BLASST,TURBT,"[34294,20055]",Missing QC,True,7672.0,Epi,66.45922043891254
"BLASST|BT|[34705,17339]",BLASST,BT,BLASST,TURBT,"[34705,17339]",Missing QC,True,9260.0,Epi,26.417577966788173
"BLASST|BT|[34777,7139]",BLASST,BT,BLASST,TURBT,"[34777,7139]",Missing QC,True,9280.0,Epi,28.168583935661204
"BLASST|BT|[34970,10750]",BLASST,BT,BLASST,TURBT,"[34970,10750]",Missing QC,True,11284.0,Epi,40.27947776417789
"BLASST|BT|[35042,20048]",BLASST,BT,BLASST,TURBT,"[35042,20048]",Missing QC,True,9904.0,Epi,70.91646939465674
"BLASST|BT|[35055,17518]",BLASST,BT,BLASST,TURBT,"[35055,17518]",Missing QC,True,8660.0,Epi,19.30320150659134
"BLASST|BT|[35265,14425]",BLASST,BT,BLASST,TURBT,"[35265,14425]",Missing QC,True,10560.0,Epi,43.53024622555477
"BLASST|BT|[35311,18990]",BLASST,BT,BLASST,TURBT,"[35311,18990]",Missing QC,True,9624.0,Epi,56.0867688322901
"BLASST|BT|[35327,5828]",BLASST,BT,BLASST,TURBT,"[35327,5828]",Missing QC,True,7660.0,Epi,2.5373931623931623
"BLASST|BT|[35424,8282]",BLASST,BT,BLASST,TURBT,"[35424,8282]",Missing QC,True,5144.0,Epi,0.12428977272727275
"BLASST|BT|[35440,20308]",BLASST,BT,BLASST,TURBT,"[35440,20308]",Missing QC,True,11312.0,Epi,19.587513935340024
"BLASST|BT|[35506,15902]",BLASST,BT,BLASST,TURBT,"[35506,15902]",Missing QC,True,10028.0,Epi,1.5266360627735667
"BLASST|BT|[35513,13176]",BLASST,BT,BLASST,TURBT,"[35513,13176]",Missing QC,True,11696.0,Epi,29.953215101729953
"BLASST|BT|[35592,6939]",BLASST,BT,BLASST,TURBT,"[35592,6939]",Missing QC,True,8028.0,Epi,1.9768617320004493
"BLASST|BT|[35748,19394]",BLASST,BT,BLASST,TURBT,"[35748,19394]",Missing QC,True,7744.0,Epi,77.82987273945076
"BLASST|BT|[35845,19894]",BLASST,BT,BLASST,TURBT,"[35845,19894]",Missing QC,True,9304.0,Epi,42.86646367986081
"BLASST|BT|[35929,13285]",BLASST,BT,BLASST,TURBT,"[35929,13285]",Missing QC,True,10724.0,Epi,0.05310674455655868
"BLASST|BT|[36269,9082]",BLASST,BT,BLASST,TURBT,"[36269,9082]",Missing QC,True,5512.0,Epi,4.575879274674455
"BLASST|BT|[36509,13711]",BLASST,BT,BLASST,TURBT,"[36509,13711]",Missing QC,True,5448.0,Epi,0.38412291933418696
"BLASST|BT|[36603,7789]",BLASST,BT,BLASST,TURBT,"[36603,7789]",Missing QC,True,5860.0,Epi,63.56155365371955
"BLASST|BT|[37183,6066]",BLASST,BT,BLASST,TURBT,"[37183,6066]",Missing QC,True,6184.0,Epi,86.63171690694625
"BLASST|BT|[37347,15364]",BLASST,BT,BLASST,TURBT,"[37347,15364]",Missing QC,True,9880.0,Epi,42.8915904752336
"BLASST|BT|[37431,5521]",BLASST,BT,BLASST,TURBT,"[37431,5521]",Missing QC,True,4920.0,Epi,0.06316321374431531
"BLASST|BT|[37783,5648]",BLASST,BT,BLASST,TURBT,"[37783,5648]",Missing QC,True,10816.0,Epi,83.01660332066413
"BLASST|BT|[37800,2899]",BLASST,BT,BLASST,TURBT,"[37800,2899]",Missing QC,True,7720.0,Epi,39.34814480658622
"BLASST|BT|[37803,7038]",BLASST,BT,BLASST,TURBT,"[37803,7038]",Missing QC,True,11524.0,Epi,55.71227080394923
"BLASST|BT|[37907,14378]",BLASST,BT,BLASST,TURBT,"[37907,14378]",Missing QC,True,7688.0,Epi,18.387028401865198
"BLASST|BT|[38010,13527]",BLASST,BT,BLASST,TURBT,"[38010,13527]",Missing QC,True,7900.0,Epi,40.08727444274089
"BLASST|BT|[38108,9897]",BLASST,BT,BLASST,TURBT,"[38108,9897]",Missing QC,True,10320.0,Epi,48.45067078238157
"BLASST|BT|[38160,13293]",BLASST,BT,BLASST,TURBT,"[38160,13293]",Missing QC,True,10288.0,Epi,77.80492987675308
"BLASST|BT|[38177,16868]",BLASST,BT,BLASST,TURBT,"[38177,16868]",Missing QC,True,10120.0,Epi,19.162535872684582
"BLASST|BT|[38219,15555]",BLASST,BT,BLASST,TURBT,"[38219,15555]",Missing QC,True,9052.0,Epi,23.328442674491722
"BLASST|BT|[38370,17919]",BLASST,BT,BLASST,TURBT,"[38370,17919]",Missing QC,True,2860.0,Epi,0.08633714655730629
"BLASST|BT|[38468,12145]",BLASST,BT,BLASST,TURBT,"[38468,12145]",Missing QC,True,7848.0,Epi,57.46529617463177
"BLASST|BT|[38596,19158]",BLASST,BT,BLASST,TURBT,"[38596,19158]",Missing QC,True,8612.0,Epi,86.98499043014003
"BLASST|BT|[38624,13027]",BLASST,BT,BLASST,TURBT,"[38624,13027]",Missing QC,True,7048.0,Epi,24.586704185719313
"BLASST|BT|[38633,7313]",BLASST,BT,BLASST,TURBT,"[38633,7313]",Missing QC,True,10492.0,Epi,78.19
"BLASST|BT|[38663,8676]",BLASST,BT,BLASST,TURBT,"[38663,8676]",Missing QC,True,5360.0,Epi,42.82285165626501
"BLASST|BT|[38767,11853]",BLASST,BT,BLASST,TURBT,"[38767,11853]",Missing QC,True,10960.0,Epi,83.56415478615071
"BLASST|BT|[38794,12048]",BLASST,BT,BLASST,TURBT,"[38794,12048]",Missing QC,True,10332.0,Epi,35.79637096774194
"BLASST|BT|[38795,9252]",BLASST,BT,BLASST,TURBT,"[38795,9252]",Missing QC,True,9336.0,Epi,74.60062292776047
"BLASST|BT|[38891,12685]",BLASST,BT,BLASST,TURBT,"[38891,12685]",Missing QC,True,12692.0,Epi,38.31000518403318
"BLASST|BT|[38893,10356]",BLASST,BT,BLASST,TURBT,"[38893,10356]",Missing QC,True,9700.0,Epi,83.07579102281089
"BLASST|BT|[39101,19113]",BLASST,BT,BLASST,TURBT,"[39101,19113]",Missing QC,True,11216.0,Epi,24.64004901460227
"BLASST|BT|[39139,9622]",BLASST,BT,BLASST,TURBT,"[39139,9622]",Missing QC,True,11684.0,Epi,31.163482439080198
"BLASST|BT|[39151,18250]",BLASST,BT,BLASST,TURBT,"[39151,18250]",Missing QC,True,7256.0,Epi,42.357430570277714
"BLASST|BT|[39166,19924]",BLASST,BT,BLASST,TURBT,"[39166,19924]",Missing QC,True,2704.0,Epi,0.06032272658724174
"BLASST|BT|[39181,13269]",BLASST,BT,BLASST,TURBT,"[39181,13269]",Missing QC,True,8972.0,Epi,11.088770483562884
"BLASST|BT|[39225,17959]",BLASST,BT,BLASST,TURBT,"[39225,17959]",Missing QC,True,7036.0,Epi,11.903392754456585
"BLASST|BT|[39262,21024]",BLASST,BT,BLASST,TURBT,"[39262,21024]",Missing QC,True,9888.0,Epi,13.341480802525716
"BLASST|BT|[39285,13724]",BLASST,BT,BLASST,TURBT,"[39285,13724]",Missing QC,True,8864.0,Epi,48.6981774484278
"BLASST|BT|[39385,19812]",BLASST,BT,BLASST,TURBT,"[39385,19812]",Missing QC,True,9492.0,Epi,69.75364504776269
"BLASST|BT|[39424,10381]",BLASST,BT,BLASST,TURBT,"[39424,10381]",Missing QC,True,5764.0,Epi,0.19032082653616098
"BLASST|BT|[39433,20356]",BLASST,BT,BLASST,TURBT,"[39433,20356]",Missing QC,True,7148.0,Epi,20.403225806451612
"BLASST|BT|[39588,11706]",BLASST,BT,BLASST,TURBT,"[39588,11706]",Missing QC,True,3296.0,Epi,0.24975024975024976
"BLASST|BT|[39647,8624]",BLASST,BT,BLASST,TURBT,"[39647,8624]",Missing QC,True,9168.0,Epi,7.951298297925208
"BLASST|BT|[39800,9944]",BLASST,BT,BLASST,TURBT,"[39800,9944]",Missing QC,True,7480.0,Epi,38.89646491136054
"BLASST|BT|[39899,7221]",BLASST,BT,BLASST,TURBT,"[39899,7221]",Missing QC,True,8380.0,Epi,13.24
"BLASST|BT|[39917,9474]",BLASST,BT,BLASST,TURBT,"[39917,9474]",Missing QC,True,7644.0,Epi,13.094961690271651
"BLASST|BT|[39919,12881]",BLASST,BT,BLASST,TURBT,"[39919,12881]",Missing QC,True,12092.0,Epi,10.69625578460244
"BLASST|BT|[39976,11812]",BLASST,BT,BLASST,TURBT,"[39976,11812]",Missing QC,True,6964.0,Epi,48.20741972357892
"BLASST|BT|[39979,20856]",BLASST,BT,BLASST,TURBT,"[39979,20856]",Missing QC,True,8240.0,Epi,31.905835211620335
"BLASST|BT|[39993,8636]",BLASST,BT,BLASST,TURBT,"[39993,8636]",Missing QC,True,5700.0,Epi,64.48362720403023
"BLASST|BT|[40006,13877]",BLASST,BT,BLASST,TURBT,"[40006,13877]",Missing QC,True,11900.0,Epi,84.98882795043671
"BLASST|BT|[40093,13833]",BLASST,BT,BLASST,TURBT,"[40093,13833]",Missing QC,True,7608.0,Epi,87.36357264443777
"BLASST|BT|[40142,11781]",BLASST,BT,BLASST,TURBT,"[40142,11781]",Missing QC,True,10556.0,Epi,88.09882494727329
"BLASST|BT|[40192,19716]",BLASST,BT,BLASST,TURBT,"[40192,19716]",Missing QC,True,6540.0,Epi,42.89778500304816
"BLASST|BT|[40192,20305]",BLASST,BT,BLASST,TURBT,"[40192,20305]",Missing QC,True,4916.0,Epi,30.199595024587794
"BLASST|BT|[40280,13691]",BLASST,BT,BLASST,TURBT,"[40280,13691]",Missing QC,True,8076.0,Epi,51.59981973862101
"BLASST|BT|[40287,8271]",BLASST,BT,BLASST,TURBT,"[40287,8271]",Missing QC,True,7740.0,Epi,54.69270024406479
"BLASST|BT|[40293,3871]",BLASST,BT,BLASST,TURBT,"[40293,3871]",Missing QC,True,7380.0,Epi,43.9840134623475
"BLASST|BT|[40565,11606]",BLASST,BT,BLASST,TURBT,"[40565,11606]",Missing QC,True,10452.0,Epi,59.95
"BLASST|BT|[40586,16967]",BLASST,BT,BLASST,TURBT,"[40586,16967]",Missing QC,True,7092.0,Epi,17.024559598817024
"BLASST|BT|[40611,8683]",BLASST,BT,BLASST,TURBT,"[40611,8683]",Missing QC,True,13888.0,Epi,68.26718099685311
"BLASST|BT|[40663,13037]",BLASST,BT,BLASST,TURBT,"[40663,13037]",Missing QC,True,10576.0,Epi,9.358288770053477
"BLASST|BT|[40729,11595]",BLASST,BT,BLASST,TURBT,"[40729,11595]",Missing QC,True,13180.0,Epi,0.7333735181836447
"BLASST|BT|[40764,11008]",BLASST,BT,BLASST,TURBT,"[40764,11008]",Missing QC,True,11060.0,Epi,22.76390008058018
"BLASST|BT|[40839,17084]",BLASST,BT,BLASST,TURBT,"[40839,17084]",Missing QC,True,5564.0,Epi,35.47457871237218
"BLASST|BT|[40946,7878]",BLASST,BT,BLASST,TURBT,"[40946,7878]",Missing QC,True,13332.0,Epi,3.495363293590135
"BLASST|BT|[40983,18125]",BLASST,BT,BLASST,TURBT,"[40983,18125]",Missing QC,True,8612.0,Epi,75.56784219964136
"BLASST|BT|[41195,15421]",BLASST,BT,BLASST,TURBT,"[41195,15421]",Missing QC,True,9376.0,Epi,13.801181503361175
"BLASST|BT|[41349,18801]",BLASST,BT,BLASST,TURBT,"[41349,18801]",Missing QC,True,7508.0,Epi,36.28338361828137
"BLASST|BT|[41500,14651]",BLASST,BT,BLASST,TURBT,"[41500,14651]",Missing QC,True,10700.0,Epi,0.5942014137895707
"BLASST|BT|[41618,20261]",BLASST,BT,BLASST,TURBT,"[41618,20261]",Missing QC,True,11320.0,Epi,26.859504132231407
"BLASST|BT|[41717,12772]",BLASST,BT,BLASST,TURBT,"[41717,12772]",Missing QC,True,11200.0,Epi,2.172353724766882
"BLASST|BT|[41731,11729]",BLASST,BT,BLASST,TURBT,"[41731,11729]",Missing QC,True,9880.0,Epi,0.2674368848951647
"BLASST|BT|[41745,14735]",BLASST,BT,BLASST,TURBT,"[41745,14735]",Missing QC,True,13796.0,Epi,1.00021510002151
"BLASST|BT|[42045,16383]",BLASST,BT,BLASST,TURBT,"[42045,16383]",Missing QC,True,5284.0,Epi,0.030205396697543293
"BLASST|BT|[42315,7469]",BLASST,BT,BLASST,TURBT,"[42315,7469]",Missing QC,True,9284.0,Epi,26.982632349863984
"BLASST|BT|[42396,6649]",BLASST,BT,BLASST,TURBT,"[42396,6649]",Missing QC,True,13536.0,Epi,9.937888198757763
"BLASST|BT|[42452,12222]",BLASST,BT,BLASST,TURBT,"[42452,12222]",Missing QC,True,11092.0,Epi,17.16359865180192
"BLASST|BT|[42509,14318]",BLASST,BT,BLASST,TURBT,"[42509,14318]",Missing QC,True,10472.0,Epi,2.4752475247524752
"BLASST|BT|[42593,20665]",BLASST,BT,BLASST,TURBT,"[42593,20665]",Missing QC,True,9468.0,Epi,9.852102014673344
"BLASST|BT|[42608,4847]",BLASST,BT,BLASST,TURBT,"[42608,4847]",Missing QC,True,5972.0,Epi,6.552130705743642
"BLASST|BT|[42712,7551]",BLASST,BT,BLASST,TURBT,"[42712,7551]",Missing QC,True,10528.0,Epi,19.1441681784228
"BLASST|BT|[42765,14514]",BLASST,BT,BLASST,TURBT,"[42765,14514]",Missing QC,True,12432.0,Epi,75.05
"BLASST|BT|[42802,9394]",BLASST,BT,BLASST,TURBT,"[42802,9394]",Missing QC,True,7724.0,Epi,15.458524607665208
"BLASST|BT|[42900,10718]",BLASST,BT,BLASST,TURBT,"[42900,10718]",Missing QC,True,5152.0,Epi,27.162293488824105
"BLASST|BT|[42925,17125]",BLASST,BT,BLASST,TURBT,"[42925,17125]",Missing QC,True,7956.0,Epi,58.581164807930605
"BLASST|BT|[42937,12933]",BLASST,BT,BLASST,TURBT,"[42937,12933]",Missing QC,True,6524.0,Epi,40.73998573030272
"BLASST|BT|[42962,17852]",BLASST,BT,BLASST,TURBT,"[42962,17852]",Missing QC,True,11072.0,Epi,6.72632213955359
"BLASST|BT|[42977,11088]",BLASST,BT,BLASST,TURBT,"[42977,11088]",Missing QC,True,9000.0,Epi,13.347107438016529
"BLASST|BT|[43146,16157]",BLASST,BT,BLASST,TURBT,"[43146,16157]",Missing QC,True,10524.0,Epi,34.54507900444077
"BLASST|BT|[43265,12755]",BLASST,BT,BLASST,TURBT,"[43265,12755]",Missing QC,True,12228.0,Epi,75.34004776243381
"BLASST|BT|[43299,6659]",BLASST,BT,BLASST,TURBT,"[43299,6659]",Missing QC,True,8888.0,Epi,9.3186480941583
"BLASST|BT|[43351,18524]",BLASST,BT,BLASST,TURBT,"[43351,18524]",Missing QC,True,9116.0,Epi,47.41986337362059
"BLASST|BT|[43448,13278]",BLASST,BT,BLASST,TURBT,"[43448,13278]",Missing QC,True,6820.0,Epi,75.42476970317297
"BLASST|BT|[43473,14731]",BLASST,BT,BLASST,TURBT,"[43473,14731]",Missing QC,True,8524.0,Epi,26.13222280062467
"BLASST|BT|[43473,16913]",BLASST,BT,BLASST,TURBT,"[43473,16913]",Missing QC,True,4084.0,Epi,0.024319066147859923
"BLASST|BT|[43507,9870]",BLASST,BT,BLASST,TURBT,"[43507,9870]",Missing QC,True,5288.0,Epi,19.51538187433187
"BLASST|BT|[43538,15795]",BLASST,BT,BLASST,TURBT,"[43538,15795]",Missing QC,True,10772.0,Epi,18.317659352142112
"BLASST|BT|[43701,9090]",BLASST,BT,BLASST,TURBT,"[43701,9090]",Missing QC,True,11464.0,Epi,6.49867374005305
"BLASST|BT|[43815,9225]",BLASST,BT,BLASST,TURBT,"[43815,9225]",Missing QC,True,7068.0,Epi,46.72122656169066
"BLASST|BT|[43921,11461]",BLASST,BT,BLASST,TURBT,"[43921,11461]",Missing QC,True,6800.0,Epi,14.648593233853513
"BLASST|BT|[43927,7781]",BLASST,BT,BLASST,TURBT,"[43927,7781]",Missing QC,True,4228.0,Epi,1.5077023926581448
"BLASST|BT|[43957,19334]",BLASST,BT,BLASST,TURBT,"[43957,19334]",Missing QC,True,11952.0,Epi,28.90360559234731
"BLASST|BT|[44033,8694]",BLASST,BT,BLASST,TURBT,"[44033,8694]",Missing QC,True,9984.0,Epi,13.208308126638435
"BLASST|BT|[44095,7287]",BLASST,BT,BLASST,TURBT,"[44095,7287]",Missing QC,True,7820.0,Epi,65.57157569515964
"BLASST|BT|[44164,14512]",BLASST,BT,BLASST,TURBT,"[44164,14512]",Missing QC,True,12404.0,Epi,2.921552769915083
"BLASST|BT|[44372,10575]",BLASST,BT,BLASST,TURBT,"[44372,10575]",Missing QC,True,4916.0,Epi,50.24050632911393
"BLASST|BT|[44481,3749]",BLASST,BT,BLASST,TURBT,"[44481,3749]",Missing QC,True,10244.0,Epi,46.75435782269277
"BLASST|BT|[44611,8906]",BLASST,BT,BLASST,TURBT,"[44611,8906]",Missing QC,True,6648.0,Epi,27.87103650413003
"BLASST|BT|[44635,9612]",BLASST,BT,BLASST,TURBT,"[44635,9612]",Missing QC,True,9452.0,Epi,15.75531914893617
"BLASST|BT|[44702,10589]",BLASST,BT,BLASST,TURBT,"[44702,10589]",Missing QC,True,9708.0,Epi,38.232786186314215
"BLASST|BT|[44771,11387]",BLASST,BT,BLASST,TURBT,"[44771,11387]",Missing QC,True,8780.0,Epi,47.8832716810522
"BLASST|BT|[44781,11075]",BLASST,BT,BLASST,TURBT,"[44781,11075]",Missing QC,True,8560.0,Epi,20.33487784330244
"BLASST|BT|[44791,13059]",BLASST,BT,BLASST,TURBT,"[44791,13059]",Missing QC,True,5568.0,Epi,74.32309096440522
"BLASST|BT|[44942,14202]",BLASST,BT,BLASST,TURBT,"[44942,14202]",Missing QC,True,4652.0,Epi,0.16211834639286676
"BLASST|BT|[44947,9035]",BLASST,BT,BLASST,TURBT,"[44947,9035]",Missing QC,True,11340.0,Epi,21.02255014028889
"BLASST|BT|[44952,15270]",BLASST,BT,BLASST,TURBT,"[44952,15270]",Missing QC,True,12216.0,Epi,0.3412626718859781
"BLASST|BT|[44997,5382]",BLASST,BT,BLASST,TURBT,"[44997,5382]",Missing QC,True,6300.0,Epi,0.4295796256520405
"BLASST|BT|[45046,14259]",BLASST,BT,BLASST,TURBT,"[45046,14259]",Missing QC,True,7308.0,Epi,54.64998991325398
"BLASST|BT|[45061,14038]",BLASST,BT,BLASST,TURBT,"[45061,14038]",Missing QC,True,7000.0,Epi,11.268064761490818
"BLASST|BT|[45061,4571]",BLASST,BT,BLASST,TURBT,"[45061,4571]",Missing QC,True,9072.0,Epi,13.116400522245655
"BLASST|BT|[45076,5937]",BLASST,BT,BLASST,TURBT,"[45076,5937]",Missing QC,True,6604.0,Epi,21.159824204094758
"BLASST|BT|[45326,20967]",BLASST,BT,BLASST,TURBT,"[45326,20967]",Missing QC,True,10944.0,Epi,4.405333333333333
"BLASST|BT|[45339,13144]",BLASST,BT,BLASST,TURBT,"[45339,13144]",Missing QC,True,11192.0,Epi,7.806458355105026
"BLASST|BT|[45396,15976]",BLASST,BT,BLASST,TURBT,"[45396,15976]",Missing QC,True,6760.0,Epi,6.550569323509711
"BLASST|BT|[45408,13063]",BLASST,BT,BLASST,TURBT,"[45408,13063]",Missing QC,True,7812.0,Epi,24.929089190040973
"BLASST|BT|[45443,10044]",BLASST,BT,BLASST,TURBT,"[45443,10044]",Missing QC,True,7488.0,Epi,84.87794996454979
"BLASST|BT|[45485,8743]",BLASST,BT,BLASST,TURBT,"[45485,8743]",Missing QC,True,10600.0,Epi,80.65960912052117
"BLASST|BT|[45592,7221]",BLASST,BT,BLASST,TURBT,"[45592,7221]",Missing QC,True,9228.0,Epi,35.14462809917355
"BLASST|BT|[45748,13022]",BLASST,BT,BLASST,TURBT,"[45748,13022]",Missing QC,True,7224.0,Epi,0.9312950272359866
"BLASST|BT|[45765,14836]",BLASST,BT,BLASST,TURBT,"[45765,14836]",Missing QC,True,2036.0,Epi,10.818181818181818
"BLASST|BT|[45772,4738]",BLASST,BT,BLASST,TURBT,"[45772,4738]",Missing QC,True,7552.0,Epi,6.497881125719874
"BLASST|BT|[45827,15277]",BLASST,BT,BLASST,TURBT,"[45827,15277]",Missing QC,True,7296.0,Epi,19.725857982067403
"BLASST|BT|[45848,11325]",BLASST,BT,BLASST,TURBT,"[45848,11325]",Missing QC,True,7812.0,Epi,13.39663800846914
"BLASST|BT|[45857,10227]",BLASST,BT,BLASST,TURBT,"[45857,10227]",Missing QC,True,7952.0,Epi,64.99
"BLASST|BT|[45919,15567]",BLASST,BT,BLASST,TURBT,"[45919,15567]",Missing QC,True,13424.0,Epi,55.07202881152461
"BLASST|BT|[46008,17513]",BLASST,BT,BLASST,TURBT,"[46008,17513]",Missing QC,True,7388.0,Epi,5.788468022929077
"BLASST|BT|[46043,7113]",BLASST,BT,BLASST,TURBT,"[46043,7113]",Missing QC,True,10240.0,Epi,44.26674713337357
"BLASST|BT|[46060,7390]",BLASST,BT,BLASST,TURBT,"[46060,7390]",Missing QC,True,4136.0,Epi,1.0829626764649005
"BLASST|BT|[46143,19054]",BLASST,BT,BLASST,TURBT,"[46143,19054]",Missing QC,True,10220.0,Epi,1.069762148628656
"BLASST|BT|[46166,16244]",BLASST,BT,BLASST,TURBT,"[46166,16244]",Missing QC,True,9960.0,Epi,50.91074681238616
"BLASST|BT|[46171,14075]",BLASST,BT,BLASST,TURBT,"[46171,14075]",Missing QC,True,6192.0,Epi,42.84500159354085
"BLASST|BT|[46216,14616]",BLASST,BT,BLASST,TURBT,"[46216,14616]",Missing QC,True,9820.0,Epi,36.59907649066452
"BLASST|BT|[46261,13020]",BLASST,BT,BLASST,TURBT,"[46261,13020]",Missing QC,True,10388.0,Epi,25.34324942791762
"BLASST|BT|[46261,14261]",BLASST,BT,BLASST,TURBT,"[46261,14261]",Missing QC,True,2256.0,Epi,0.19188596491228074
"BLASST|BT|[46528,17763]",BLASST,BT,BLASST,TURBT,"[46528,17763]",Missing QC,True,8560.0,Epi,4.997972424979725
"BLASST|BT|[46617,7124]",BLASST,BT,BLASST,TURBT,"[46617,7124]",Missing QC,True,8012.0,Epi,3.7490759319885942
"BLASST|BT|[46635,15624]",BLASST,BT,BLASST,TURBT,"[46635,15624]",Missing QC,True,8492.0,Epi,56.42978851358124
"BLASST|BT|[46722,6346]",BLASST,BT,BLASST,TURBT,"[46722,6346]",Missing QC,True,8216.0,Epi,11.326112104322222
"BLASST|BT|[46764,7080]",BLASST,BT,BLASST,TURBT,"[46764,7080]",Missing QC,True,5648.0,Epi,23.1244211176289
"BLASST|BT|[46776,15404]",BLASST,BT,BLASST,TURBT,"[46776,15404]",Missing QC,True,2988.0,Epi,1.2073863636363635
"BLASST|BT|[46871,11317]",BLASST,BT,BLASST,TURBT,"[46871,11317]",Missing QC,True,10272.0,Epi,30.03402083776313
"BLASST|BT|[46897,10571]",BLASST,BT,BLASST,TURBT,"[46897,10571]",Missing QC,True,7196.0,Epi,3.052855407047387
"BLASST|BT|[47014,11223]",BLASST,BT,BLASST,TURBT,"[47014,11223]",Missing QC,True,9668.0,Epi,88.0888088808881
"BLASST|BT|[47036,10740]",BLASST,BT,BLASST,TURBT,"[47036,10740]",Missing QC,True,5096.0,Epi,13.008252063015755
"BLASST|BT|[47049,12566]",BLASST,BT,BLASST,TURBT,"[47049,12566]",Missing QC,True,6896.0,Epi,0.6727158948685857
"BLASST|BT|[47066,15731]",BLASST,BT,BLASST,TURBT,"[47066,15731]",Missing QC,True,9392.0,Epi,78.80004013243705
"BLASST|BT|[47081,6452]",BLASST,BT,BLASST,TURBT,"[47081,6452]",Missing QC,True,8908.0,Epi,43.859834850730465
"BLASST|BT|[47125,15089]",BLASST,BT,BLASST,TURBT,"[47125,15089]",Missing QC,True,7132.0,Epi,26.92586082101127
"BLASST|BT|[47168,15998]",BLASST,BT,BLASST,TURBT,"[47168,15998]",Missing QC,True,8488.0,Epi,4.637872293658644
"BLASST|BT|[47299,9578]",BLASST,BT,BLASST,TURBT,"[47299,9578]",Missing QC,True,1720.0,Epi,0.17006802721088435
"BLASST|BT|[47334,8859]",BLASST,BT,BLASST,TURBT,"[47334,8859]",Missing QC,True,5656.0,Epi,0.4293893129770992
"BLASST|BT|[47341,11213]",BLASST,BT,BLASST,TURBT,"[47341,11213]",Missing QC,True,13208.0,Epi,0.06258475018253885
"BLASST|BT|[47378,6105]",BLASST,BT,BLASST,TURBT,"[47378,6105]",Missing QC,True,10728.0,Epi,3.7939015799537086
"BLASST|BT|[47403,13421]",BLASST,BT,BLASST,TURBT,"[47403,13421]",Missing QC,True,8696.0,Epi,5.88897646661412
"BLASST|BT|[47476,15037]",BLASST,BT,BLASST,TURBT,"[47476,15037]",Missing QC,True,6436.0,Epi,0.7933688573120189
"BLASST|BT|[47480,15979]",BLASST,BT,BLASST,TURBT,"[47480,15979]",Missing QC,True,9356.0,Epi,57.77642770352369
"BLASST|BT|[47606,8026]",BLASST,BT,BLASST,TURBT,"[47606,8026]",Missing QC,True,6268.0,Epi,0.15218594355285003
"BLASST|BT|[47653,13741]",BLASST,BT,BLASST,TURBT,"[47653,13741]",Missing QC,True,7136.0,Epi,58.536832505826325
"BLASST|BT|[47752,17897]",BLASST,BT,BLASST,TURBT,"[47752,17897]",Missing QC,True,8000.0,Epi,91.24
"BLASST|BT|[47819,6894]",BLASST,BT,BLASST,TURBT,"[47819,6894]",Missing QC,True,3476.0,Epi,29.67119290764224
"BLASST|BT|[47871,7662]",BLASST,BT,BLASST,TURBT,"[47871,7662]",Missing QC,True,10456.0,Epi,4.6181740614334466
"BLASST|BT|[47916,15974]",BLASST,BT,BLASST,TURBT,"[47916,15974]",Missing QC,True,12376.0,Epi,4.794520547945206
"BLASST|BT|[48040,11900]",BLASST,BT,BLASST,TURBT,"[48040,11900]",Missing QC,True,3068.0,Epi,1.9563368301672812
"BLASST|BT|[48154,15193]",BLASST,BT,BLASST,TURBT,"[48154,15193]",Missing QC,True,8960.0,Epi,53.25
"BLASST|BT|[48184,4254]",BLASST,BT,BLASST,TURBT,"[48184,4254]",Missing QC,True,9988.0,Epi,18.039843828211033
"BLASST|BT|[48201,8691]",BLASST,BT,BLASST,TURBT,"[48201,8691]",Missing QC,True,12184.0,Epi,4.241303594129204
"BLASST|BT|[48372,9176]",BLASST,BT,BLASST,TURBT,"[48372,9176]",Missing QC,True,10544.0,Epi,0.17301038062283738
"BLASST|BT|[48466,13855]",BLASST,BT,BLASST,TURBT,"[48466,13855]",Missing QC,True,7236.0,Epi,20.16180540770705
"BLASST|BT|[48560,8943]",BLASST,BT,BLASST,TURBT,"[48560,8943]",Missing QC,True,12064.0,Epi,34.033657363854914
"BLASST|BT|[48607,16576]",BLASST,BT,BLASST,TURBT,"[48607,16576]",Missing QC,True,8720.0,Epi,8.769647696476964
"BLASST|BT|[48673,11530]",BLASST,BT,BLASST,TURBT,"[48673,11530]",Missing QC,True,12144.0,Epi,42.27208693902194
"BLASST|BT|[48695,18648]",BLASST,BT,BLASST,TURBT,"[48695,18648]",Missing QC,True,6596.0,Epi,4.635096093455596
"BLASST|BT|[48697,15243]",BLASST,BT,BLASST,TURBT,"[48697,15243]",Missing QC,True,12736.0,Epi,4.466551619124962
"BLASST|BT|[48729,18695]",BLASST,BT,BLASST,TURBT,"[48729,18695]",Missing QC,True,9624.0,Epi,24.525248165731547
"BLASST|BT|[48848,16958]",BLASST,BT,BLASST,TURBT,"[48848,16958]",Missing QC,True,5392.0,Epi,14.492445201106618
"BLASST|BT|[48855,12913]",BLASST,BT,BLASST,TURBT,"[48855,12913]",Missing QC,True,8552.0,Epi,6.506125897760879
"BLASST|BT|[48858,9030]",BLASST,BT,BLASST,TURBT,"[48858,9030]",Missing QC,True,4384.0,Epi,34.56313935938286
"BLASST|BT|[48927,5104]",BLASST,BT,BLASST,TURBT,"[48927,5104]",Missing QC,True,8344.0,Epi,19.238599348534198
"BLASST|BT|[48938,15176]",BLASST,BT,BLASST,TURBT,"[48938,15176]",Missing QC,True,9732.0,Epi,33.92828168099952
"BLASST|BT|[48939,10088]",BLASST,BT,BLASST,TURBT,"[48939,10088]",Missing QC,True,9688.0,Epi,46.63585002568054
"BLASST|BT|[48939,11620]",BLASST,BT,BLASST,TURBT,"[48939,11620]",Missing QC,True,9872.0,Epi,36.75405488115883
"BLASST|BT|[48979,21763]",BLASST,BT,BLASST,TURBT,"[48979,21763]",Missing QC,True,9860.0,Epi,5.728581639946901
"BLASST|BT|[49067,18773]",BLASST,BT,BLASST,TURBT,"[49067,18773]",Missing QC,True,5956.0,Epi,42.159383033419026
"BLASST|BT|[49115,10282]",BLASST,BT,BLASST,TURBT,"[49115,10282]",Missing QC,True,12036.0,Epi,3.441860465116279
"BLASST|BT|[49135,13731]",BLASST,BT,BLASST,TURBT,"[49135,13731]",Missing QC,True,9148.0,Epi,2.577140875996764
"BLASST|BT|[49148,11875]",BLASST,BT,BLASST,TURBT,"[49148,11875]",Missing QC,True,5236.0,Epi,19.31456836650571
"BLASST|BT|[49157,7325]",BLASST,BT,BLASST,TURBT,"[49157,7325]",Missing QC,True,10176.0,Epi,46.71280276816609
"BLASST|BT|[49177,14071]",BLASST,BT,BLASST,TURBT,"[49177,14071]",Missing QC,True,5924.0,Epi,25.210780926053904
"BLASST|BT|[49210,15010]",BLASST,BT,BLASST,TURBT,"[49210,15010]",Missing QC,True,3900.0,Epi,57.99192734611504
"BLASST|BT|[49431,8376]",BLASST,BT,BLASST,TURBT,"[49431,8376]",Missing QC,True,6376.0,Epi,35.94842130633888
"BLASST|BT|[49475,13404]",BLASST,BT,BLASST,TURBT,"[49475,13404]",Missing QC,True,10876.0,Epi,25.28101582014987
"BLASST|BT|[49534,10884]",BLASST,BT,BLASST,TURBT,"[49534,10884]",Missing QC,True,9348.0,Epi,6.784386617100372
"BLASST|BT|[49574,9642]",BLASST,BT,BLASST,TURBT,"[49574,9642]",Missing QC,True,10052.0,Epi,13.81251353106733
"BLASST|BT|[49679,13530]",BLASST,BT,BLASST,TURBT,"[49679,13530]",Missing QC,True,10932.0,Epi,18.54911838790932
"BLASST|BT|[49719,16831]",BLASST,BT,BLASST,TURBT,"[49719,16831]",Missing QC,True,13148.0,Epi,12.940821862754948
"BLASST|BT|[49745,11436]",BLASST,BT,BLASST,TURBT,"[49745,11436]",Missing QC,True,10176.0,Epi,48.61969509682735
"BLASST|BT|[49758,15344]",BLASST,BT,BLASST,TURBT,"[49758,15344]",Missing QC,True,6416.0,Epi,11.104300745735008
"BLASST|BT|[49804,10896]",BLASST,BT,BLASST,TURBT,"[49804,10896]",Missing QC,True,4032.0,Epi,20.491536458333336
"BLASST|BT|[49830,17986]",BLASST,BT,BLASST,TURBT,"[49830,17986]",Missing QC,True,10924.0,Epi,0.23478971008574925
"BLASST|BT|[49910,12487]",BLASST,BT,BLASST,TURBT,"[49910,12487]",Missing QC,True,10772.0,Epi,1.8966435801811403
"BLASST|BT|[49926,9223]",BLASST,BT,BLASST,TURBT,"[49926,9223]",Missing QC,True,8336.0,Epi,1.0092307692307692
"BLASST|BT|[49933,9493]",BLASST,BT,BLASST,TURBT,"[49933,9493]",Missing QC,True,10420.0,Epi,23.963868225292245
"BLASST|BT|[49946,16696]",BLASST,BT,BLASST,TURBT,"[49946,16696]",Missing QC,True,8052.0,Epi,69.6467991169978
"BLASST|BT|[50010,12941]",BLASST,BT,BLASST,TURBT,"[50010,12941]",Missing QC,True,8940.0,Epi,22.14160327677004
"BLASST|BT|[50060,12043]",BLASST,BT,BLASST,TURBT,"[50060,12043]",Missing QC,True,5244.0,Epi,28.111073020226264
"BLASST|BT|[50062,13545]",BLASST,BT,BLASST,TURBT,"[50062,13545]",Missing QC,True,6372.0,Epi,42.935635792778655
"BLASST|BT|[50095,5742]",BLASST,BT,BLASST,TURBT,"[50095,5742]",Missing QC,True,7828.0,Epi,17.887167021168846
"BLASST|BT|[50211,8118]",BLASST,BT,BLASST,TURBT,"[50211,8118]",Missing QC,True,7396.0,Epi,10.396299800273312
"BLASST|BT|[50258,7511]",BLASST,BT,BLASST,TURBT,"[50258,7511]",Missing QC,True,11720.0,Epi,9.151762367953143
"BLASST|BT|[50362,18754]",BLASST,BT,BLASST,TURBT,"[50362,18754]",Missing QC,True,10816.0,Epi,57.241725175526575
"BLASST|BT|[50394,6730]",BLASST,BT,BLASST,TURBT,"[50394,6730]",Missing QC,True,4284.0,Epi,0.6423397567309006
"BLASST|BT|[50555,11149]",BLASST,BT,BLASST,TURBT,"[50555,11149]",Missing QC,True,12888.0,Epi,15.769110111889574
"BLASST|BT|[50570,14930]",BLASST,BT,BLASST,TURBT,"[50570,14930]",Missing QC,True,8888.0,Epi,45.66548881036514
"BLASST|BT|[50662,12829]",BLASST,BT,BLASST,TURBT,"[50662,12829]",Missing QC,True,9668.0,Epi,0.34183539311070205
"BLASST|BT|[50734,8876]",BLASST,BT,BLASST,TURBT,"[50734,8876]",Missing QC,True,6192.0,Epi,0.012403870007442322
"BLASST|BT|[50740,17366]",BLASST,BT,BLASST,TURBT,"[50740,17366]",Missing QC,True,4368.0,Epi,12.847697218422253
"BLASST|BT|[50844,16918]",BLASST,BT,BLASST,TURBT,"[50844,16918]",Missing QC,True,10840.0,Epi,27.777214162524096
"BLASST|BT|[50958,13156]",BLASST,BT,BLASST,TURBT,"[50958,13156]",Missing QC,True,9740.0,Epi,27.676869041645762
"BLASST|BT|[50996,17518]",BLASST,BT,BLASST,TURBT,"[50996,17518]",Missing QC,True,7916.0,Epi,21.117554032683184
"BLASST|BT|[51014,9206]",BLASST,BT,BLASST,TURBT,"[51014,9206]",Missing QC,True,6644.0,Epi,60.02202643171807
"BLASST|BT|[51068,6089]",BLASST,BT,BLASST,TURBT,"[51068,6089]",Missing QC,True,11740.0,Epi,1.7501640778823018
"BLASST|BT|[51181,10207]",BLASST,BT,BLASST,TURBT,"[51181,10207]",Missing QC,True,6956.0,Epi,11.376871880199667
"BLASST|BT|[51284,14896]",BLASST,BT,BLASST,TURBT,"[51284,14896]",Missing QC,True,6460.0,Epi,52.91114790286976
"BLASST|BT|[51304,8676]",BLASST,BT,BLASST,TURBT,"[51304,8676]",Missing QC,True,10504.0,Epi,12.975153960501169
"BLASST|BT|[51337,13752]",BLASST,BT,BLASST,TURBT,"[51337,13752]",Missing QC,True,7512.0,Epi,27.31192556450698
"BLASST|BT|[51475,9114]",BLASST,BT,BLASST,TURBT,"[51475,9114]",Missing QC,True,7576.0,Epi,32.93445020608962
"BLASST|BT|[51502,7481]",BLASST,BT,BLASST,TURBT,"[51502,7481]",Missing QC,True,11720.0,Epi,23.85954381752701
"BLASST|BT|[51668,9355]",BLASST,BT,BLASST,TURBT,"[51668,9355]",Missing QC,True,6512.0,Epi,42.658548959918825
"BLASST|BT|[51686,16345]",BLASST,BT,BLASST,TURBT,"[51686,16345]",Missing QC,True,4020.0,Epi,10.08233649215473
"BLASST|BT|[51727,16824]",BLASST,BT,BLASST,TURBT,"[51727,16824]",Missing QC,True,6360.0,Epi,0.06023189278723083
"BLASST|BT|[51747,19223]",BLASST,BT,BLASST,TURBT,"[51747,19223]",Missing QC,True,9244.0,Epi,30.430909698251863
"BLASST|BT|[51839,8302]",BLASST,BT,BLASST,TURBT,"[51839,8302]",Missing QC,True,10540.0,Epi,87.14400320898515
"BLASST|BT|[51849,14833]",BLASST,BT,BLASST,TURBT,"[51849,14833]",Missing QC,True,10784.0,Epi,49.89458889669712
"BLASST|BT|[51871,12410]",BLASST,BT,BLASST,TURBT,"[51871,12410]",Missing QC,True,13220.0,Epi,6.223607480394128
"BLASST|BT|[51885,10347]",BLASST,BT,BLASST,TURBT,"[51885,10347]",Missing QC,True,9284.0,Epi,43.57019416488767
"BLASST|BT|[52012,10896]",BLASST,BT,BLASST,TURBT,"[52012,10896]",Missing QC,True,5244.0,Epi,37.98500163025758
"BLASST|BT|[52020,10343]",BLASST,BT,BLASST,TURBT,"[52020,10343]",Missing QC,True,6800.0,Epi,25.091182149753273
"BLASST|BT|[52049,5982]",BLASST,BT,BLASST,TURBT,"[52049,5982]",Missing QC,True,8536.0,Epi,46.17222395346421
"BLASST|BT|[52088,16507]",BLASST,BT,BLASST,TURBT,"[52088,16507]",Missing QC,True,9272.0,Epi,48.87592660104509
"BLASST|BT|[52228,7080]",BLASST,BT,BLASST,TURBT,"[52228,7080]",Missing QC,True,5220.0,Epi,2.6199773271192845
"BLASST|BT|[52260,11461]",BLASST,BT,BLASST,TURBT,"[52260,11461]",Missing QC,True,9688.0,Epi,14.919144496609286
"BLASST|BT|[52383,11258]",BLASST,BT,BLASST,TURBT,"[52383,11258]",Missing QC,True,6512.0,Epi,6.795526379771456
"BLASST|BT|[52394,16452]",BLASST,BT,BLASST,TURBT,"[52394,16452]",Missing QC,True,7708.0,Epi,52.2890309116995
"BLASST|BT|[52435,12257]",BLASST,BT,BLASST,TURBT,"[52435,12257]",Missing QC,True,4844.0,Epi,21.721311475409838
"BLASST|BT|[52479,19042]",BLASST,BT,BLASST,TURBT,"[52479,19042]",Missing QC,True,10600.0,Epi,33.94216133942162
"BLASST|BT|[52553,15297]",BLASST,BT,BLASST,TURBT,"[52553,15297]",Missing QC,True,7600.0,Epi,79.71555376235627
"BLASST|BT|[52643,3353]",BLASST,BT,BLASST,TURBT,"[52643,3353]",Missing QC,True,7304.0,Epi,3.138954557394274
"BLASST|BT|[52648,15533]",BLASST,BT,BLASST,TURBT,"[52648,15533]",Missing QC,True,7420.0,Epi,33.57731015553522
"BLASST|BT|[52701,7357]",BLASST,BT,BLASST,TURBT,"[52701,7357]",Missing QC,True,9272.0,Epi,9.574143713792052
"BLASST|BT|[52780,13518]",BLASST,BT,BLASST,TURBT,"[52780,13518]",Missing QC,True,8652.0,Epi,17.21513559867081
"BLASST|BT|[52901,17156]",BLASST,BT,BLASST,TURBT,"[52901,17156]",Missing QC,True,9340.0,Epi,63.526812612974496
"BLASST|BT|[52944,7712]",BLASST,BT,BLASST,TURBT,"[52944,7712]",Missing QC,True,7284.0,Epi,16.21900826446281
"BLASST|BT|[53018,12849]",BLASST,BT,BLASST,TURBT,"[53018,12849]",Missing QC,True,6656.0,Epi,47.37947589517904
"BLASST|BT|[53113,14432]",BLASST,BT,BLASST,TURBT,"[53113,14432]",Missing QC,True,5176.0,Epi,84.96710881052519
"BLASST|BT|[53121,21331]",BLASST,BT,BLASST,TURBT,"[53121,21331]",Missing QC,True,12280.0,Epi,23.67066895368782
"BLASST|BT|[53402,8307]",BLASST,BT,BLASST,TURBT,"[53402,8307]",Missing QC,True,3760.0,Epi,45.72097169601069
"BLASST|BT|[53637,21365]",BLASST,BT,BLASST,TURBT,"[53637,21365]",Missing QC,True,14068.0,Epi,10.335004557885142
"BLASST|BT|[54007,16289]",BLASST,BT,BLASST,TURBT,"[54007,16289]",Missing QC,True,11940.0,Epi,8.129496402877699
"BLASST|BT|[54079,15828]",BLASST,BT,BLASST,TURBT,"[54079,15828]",Missing QC,True,8424.0,Epi,37.27138475519709
"BLASST|BT|[54269,22008]",BLASST,BT,BLASST,TURBT,"[54269,22008]",Missing QC,True,11608.0,Epi,25.442431813449925
"BLASST|BT|[54322,13617]",BLASST,BT,BLASST,TURBT,"[54322,13617]",Missing QC,True,6708.0,Epi,5.231969937852291
"BLASST|BT|[54385,11498]",BLASST,BT,BLASST,TURBT,"[54385,11498]",Missing QC,True,4116.0,Epi,0.2706938310300613
"BLASST|BT|[54411,11252]",BLASST,BT,BLASST,TURBT,"[54411,11252]",Missing QC,True,10716.0,Epi,24.21898543445505
"BLASST|BT|[54453,13637]",BLASST,BT,BLASST,TURBT,"[54453,13637]",Missing QC,True,10608.0,Epi,30.9874686716792
"BLASST|BT|[54505,18353]",BLASST,BT,BLASST,TURBT,"[54505,18353]",Missing QC,True,8480.0,Epi,15.839717147908074
"BLASST|BT|[54628,8361]",BLASST,BT,BLASST,TURBT,"[54628,8361]",Missing QC,True,7244.0,Epi,24.36957420421662
"BLASST|BT|[54676,9838]",BLASST,BT,BLASST,TURBT,"[54676,9838]",Missing QC,True,8140.0,Epi,20.948344977665787
"BLASST|BT|[54703,13420]",BLASST,BT,BLASST,TURBT,"[54703,13420]",Missing QC,True,8048.0,Epi,2.0723719531837212
"BLASST|BT|[55049,13151]",BLASST,BT,BLASST,TURBT,"[55049,13151]",Missing QC,True,7952.0,Epi,30.345334313005143
"BLASST|BT|[55130,8619]",BLASST,BT,BLASST,TURBT,"[55130,8619]",Missing QC,True,5876.0,Epi,2.9474648747709224
"BLASST|BT|[55226,7090]",BLASST,BT,BLASST,TURBT,"[55226,7090]",Missing QC,True,7080.0,Epi,29.510622555755205
"BLASST|BT|[55276,8805]",BLASST,BT,BLASST,TURBT,"[55276,8805]",Missing QC,True,8840.0,Epi,60.8121624324865
"BLASST|BT|[55287,10509]",BLASST,BT,BLASST,TURBT,"[55287,10509]",Missing QC,True,7660.0,Epi,10.444013240497661
"BLASST|BT|[55387,13525]",BLASST,BT,BLASST,TURBT,"[55387,13525]",Missing QC,True,7024.0,Epi,1.6362342897794644
"BLASST|BT|[55430,9451]",BLASST,BT,BLASST,TURBT,"[55430,9451]",Missing QC,True,6444.0,Epi,81.43203883495146
"BLASST|BT|[55617,17396]",BLASST,BT,BLASST,TURBT,"[55617,17396]",Missing QC,True,7896.0,Epi,34.21160549518146
"BLASST|BT|[55689,19291]",BLASST,BT,BLASST,TURBT,"[55689,19291]",Missing QC,True,13356.0,Epi,22.604865351887074
"BLASST|BT|[55777,17907]",BLASST,BT,BLASST,TURBT,"[55777,17907]",Missing QC,True,8304.0,Epi,4.067796610169491
"BLASST|BT|[55819,11659]",BLASST,BT,BLASST,TURBT,"[55819,11659]",Missing QC,True,8296.0,Epi,4.0585574863127825
"BLASST|BT|[55833,19478]",BLASST,BT,BLASST,TURBT,"[55833,19478]",Missing QC,True,10392.0,Epi,6.001856244199237
"BLASST|BT|[55898,16321]",BLASST,BT,BLASST,TURBT,"[55898,16321]",Missing QC,True,7596.0,Epi,1.0456796917996698
"BLASST|BT|[55985,16603]",BLASST,BT,BLASST,TURBT,"[55985,16603]",Missing QC,True,10748.0,Epi,0.8827645602325332
"BLASST|BT|[55997,13984]",BLASST,BT,BLASST,TURBT,"[55997,13984]",Missing QC,True,7508.0,Epi,0.36164383561643837
"BLASST|BT|[56013,18145]",BLASST,BT,BLASST,TURBT,"[56013,18145]",Missing QC,True,8200.0,Epi,38.888888888888886
"BLASST|BT|[56084,12487]",BLASST,BT,BLASST,TURBT,"[56084,12487]",Missing QC,True,5784.0,Epi,2.296012837921244
"BLASST|BT|[56112,7846]",BLASST,BT,BLASST,TURBT,"[56112,7846]",Missing QC,True,11672.0,Epi,35.3744268976057
"BLASST|BT|[56120,11727]",BLASST,BT,BLASST,TURBT,"[56120,11727]",Missing QC,True,10476.0,Epi,40.35035035035035
"BLASST|BT|[56202,17535]",BLASST,BT,BLASST,TURBT,"[56202,17535]",Missing QC,True,12020.0,Epi,25.377613283985195
"BLASST|BT|[56255,9818]",BLASST,BT,BLASST,TURBT,"[56255,9818]",Missing QC,True,11712.0,Epi,1.0366652116979485
"BLASST|BT|[56410,18732]",BLASST,BT,BLASST,TURBT,"[56410,18732]",Missing QC,True,6340.0,Epi,3.193057147535615
"BLASST|BT|[56431,11456]",BLASST,BT,BLASST,TURBT,"[56431,11456]",Missing QC,True,9232.0,Epi,13.49600080996254
"BLASST|BT|[56521,18422]",BLASST,BT,BLASST,TURBT,"[56521,18422]",Missing QC,True,4676.0,Epi,9.816479862051978
"BLASST|BT|[56683,8958]",BLASST,BT,BLASST,TURBT,"[56683,8958]",Missing QC,True,10060.0,Epi,0.15070716438673779
"BLASST|BT|[57008,11050]",BLASST,BT,BLASST,TURBT,"[57008,11050]",Missing QC,True,6684.0,Epi,96.22
"BLASST|BT|[57453,18345]",BLASST,BT,BLASST,TURBT,"[57453,18345]",Missing QC,True,7976.0,Epi,5.560704355885079
"BLASST|BT|[57496,12227]",BLASST,BT,BLASST,TURBT,"[57496,12227]",Missing QC,True,10400.0,Epi,30.625938908362546
"BLASST|BT|[57557,17857]",BLASST,BT,BLASST,TURBT,"[57557,17857]",Missing QC,True,6020.0,Epi,18.655145674088843
"BLASST|BT|[57626,19919]",BLASST,BT,BLASST,TURBT,"[57626,19919]",Missing QC,True,10436.0,Epi,2.0018198362147404
"BLASST|BT|[58059,10601]",BLASST,BT,BLASST,TURBT,"[58059,10601]",Missing QC,True,7496.0,Epi,5.257960997284621
"BLASST|BT|[58251,12317]",BLASST,BT,BLASST,TURBT,"[58251,12317]",Missing QC,True,14688.0,Epi,1.2349522623495226
"BLASST|BT|[58258,10115]",BLASST,BT,BLASST,TURBT,"[58258,10115]",Missing QC,True,7856.0,Epi,9.036594473487678
"BLASST|BT|[58298,14804]",BLASST,BT,BLASST,TURBT,"[58298,14804]",Missing QC,True,7044.0,Epi,72.15219151150689
"BLASST|BT|[58341,9907]",BLASST,BT,BLASST,TURBT,"[58341,9907]",Missing QC,True,14656.0,Epi,0.06452306699645123
"BLASST|BT|[58882,11521]",BLASST,BT,BLASST,TURBT,"[58882,11521]",Missing QC,True,2960.0,Epi,60.48567591763653
"BLASST|BT|[59241,16784]",BLASST,BT,BLASST,TURBT,"[59241,16784]",Missing QC,True,9084.0,Epi,30.466205211726383
"BLASST|BT|[59369,19084]",BLASST,BT,BLASST,TURBT,"[59369,19084]",Missing QC,True,11636.0,Epi,3.8801833493231
"BLASST|BT|[59489,16259]",BLASST,BT,BLASST,TURBT,"[59489,16259]",Missing QC,True,9028.0,Epi,17.37592236935207
"BLASST|BT|[59499,8864]",BLASST,BT,BLASST,TURBT,"[59499,8864]",Missing QC,True,11892.0,Epi,68.77510040160642
"BLASST|BT|[60136,10413]",BLASST,BT,BLASST,TURBT,"[60136,10413]",Missing QC,True,9800.0,Epi,2.1981591770438547
"BLASST|BT|[60812,15198]",BLASST,BT,BLASST,TURBT,"[60812,15198]",Missing QC,True,6364.0,Epi,5.0542024496691536
"BLASST|BT|[61092,19916]",BLASST,BT,BLASST,TURBT,"[61092,19916]",Missing QC,True,5952.0,Epi,1.569506726457399
"BLASST|BT|[61684,8609]",BLASST,BT,BLASST,TURBT,"[61684,8609]",Missing QC,True,8376.0,Epi,80.0
"BLASST|BT|[62098,10086]",BLASST,BT,BLASST,TURBT,"[62098,10086]",Missing QC,True,10924.0,Epi,3.313405613537339
"BLASST|BT|[62467,13411]",BLASST,BT,BLASST,TURBT,"[62467,13411]",Missing QC,True,9316.0,Epi,30.762295903035156
"BLASST|BT|[62636,8559]",BLASST,BT,BLASST,TURBT,"[62636,8559]",Missing QC,True,12420.0,Epi,13.456652098790528
"BLASST|BT|[63018,13037]",BLASST,BT,BLASST,TURBT,"[63018,13037]",Missing QC,True,13332.0,Epi,1.3293781586464515
"BLASST|BT|[63436,9811]",BLASST,BT,BLASST,TURBT,"[63436,9811]",Missing QC,True,8644.0,Epi,8.899101733862544
"BLASST|BT|[63473,13069]",BLASST,BT,BLASST,TURBT,"[63473,13069]",Missing QC,True,7156.0,Epi,0.7530717399920729
"BLASST|BT|[64301,14063]",BLASST,BT,BLASST,TURBT,"[64301,14063]",Missing QC,True,8012.0,Epi,72.95723750250954
"BLASST|BT|[29159,10190]",BLASST,BT,BLASST,TURBT,"[29159,10190]",Missing QC,True,10228.0,Stroma,83.80217325073626
"BLASST|BT|[30341,18174]",BLASST,BT,BLASST,TURBT,"[30341,18174]",Missing QC,True,9420.0,Stroma,75.24573721163492
"BLASST|BT|[31201,17252]",BLASST,BT,BLASST,TURBT,"[31201,17252]",Missing QC,True,6528.0,Stroma,85.69071192833569
"BLASST|BT|[31543,4691]",BLASST,BT,BLASST,TURBT,"[31543,4691]",Missing QC,True,10616.0,Stroma,64.930697105585
"BLASST|BT|[32029,5843]",BLASST,BT,BLASST,TURBT,"[32029,5843]",Missing QC,True,10836.0,Stroma,87.70600880335755
"BLASST|BT|[32344,13332]",BLASST,BT,BLASST,TURBT,"[32344,13332]",Missing QC,True,9796.0,Stroma,93.24259789875836
"BLASST|BT|[32936,8874]",BLASST,BT,BLASST,TURBT,"[32936,8874]",Missing QC,True,7776.0,Stroma,16.74
"BLASST|BT|[33161,13912]",BLASST,BT,BLASST,TURBT,"[33161,13912]",Missing QC,True,13612.0,Stroma,99.77
"BLASST|BT|[33382,22276]",BLASST,BT,BLASST,TURBT,"[33382,22276]",Missing QC,True,10184.0,Stroma,92.40180296200901
"BLASST|BT|[33578,9952]",BLASST,BT,BLASST,TURBT,"[33578,9952]",Missing QC,True,12488.0,Stroma,83.99193548387098
"BLASST|BT|[33585,6277]",BLASST,BT,BLASST,TURBT,"[33585,6277]",Missing QC,True,12488.0,Stroma,94.6406570841889
"BLASST|BT|[34158,10993]",BLASST,BT,BLASST,TURBT,"[34158,10993]",Missing QC,True,11640.0,Stroma,68.49969505997154
"BLASST|BT|[34242,14251]",BLASST,BT,BLASST,TURBT,"[34242,14251]",Missing QC,True,8432.0,Stroma,71.0298572046733
"BLASST|BT|[34281,12100]",BLASST,BT,BLASST,TURBT,"[34281,12100]",Missing QC,True,12700.0,Stroma,70.00700070007001
"BLASST|BT|[34294,20055]",BLASST,BT,BLASST,TURBT,"[34294,20055]",Missing QC,True,7672.0,Stroma,33.540779561087454
"BLASST|BT|[34705,17339]",BLASST,BT,BLASST,TURBT,"[34705,17339]",Missing QC,True,9260.0,Stroma,73.58242203321183
"BLASST|BT|[34777,7139]",BLASST,BT,BLASST,TURBT,"[34777,7139]",Missing QC,True,9280.0,Stroma,71.8314160643388
"BLASST|BT|[34970,10750]",BLASST,BT,BLASST,TURBT,"[34970,10750]",Missing QC,True,11284.0,Stroma,59.720522235822116
"BLASST|BT|[35042,20048]",BLASST,BT,BLASST,TURBT,"[35042,20048]",Missing QC,True,9904.0,Stroma,29.083530605343253
"BLASST|BT|[35055,17518]",BLASST,BT,BLASST,TURBT,"[35055,17518]",Missing QC,True,8660.0,Stroma,80.69679849340866
"BLASST|BT|[35265,14425]",BLASST,BT,BLASST,TURBT,"[35265,14425]",Missing QC,True,10560.0,Stroma,56.46975377444523
"BLASST|BT|[35311,18990]",BLASST,BT,BLASST,TURBT,"[35311,18990]",Missing QC,True,9624.0,Stroma,43.91323116770991
"BLASST|BT|[35327,5828]",BLASST,BT,BLASST,TURBT,"[35327,5828]",Missing QC,True,7660.0,Stroma,97.46260683760683
"BLASST|BT|[35424,8282]",BLASST,BT,BLASST,TURBT,"[35424,8282]",Missing QC,True,5144.0,Stroma,99.87571022727273
"BLASST|BT|[35440,20308]",BLASST,BT,BLASST,TURBT,"[35440,20308]",Missing QC,True,11312.0,Stroma,80.41248606465999
"BLASST|BT|[35506,15902]",BLASST,BT,BLASST,TURBT,"[35506,15902]",Missing QC,True,10028.0,Stroma,98.47336393722644
"BLASST|BT|[35513,13176]",BLASST,BT,BLASST,TURBT,"[35513,13176]",Missing QC,True,11696.0,Stroma,70.04678489827005
"BLASST|BT|[35592,6939]",BLASST,BT,BLASST,TURBT,"[35592,6939]",Missing QC,True,8028.0,Stroma,98.02313826799956
"BLASST|BT|[35748,19394]",BLASST,BT,BLASST,TURBT,"[35748,19394]",Missing QC,True,7744.0,Stroma,22.17012726054923
"BLASST|BT|[35845,19894]",BLASST,BT,BLASST,TURBT,"[35845,19894]",Missing QC,True,9304.0,Stroma,57.133536320139186
"BLASST|BT|[35929,13285]",BLASST,BT,BLASST,TURBT,"[35929,13285]",Missing QC,True,10724.0,Stroma,99.94689325544343
"BLASST|BT|[36269,9082]",BLASST,BT,BLASST,TURBT,"[36269,9082]",Missing QC,True,5512.0,Stroma,95.42412072532554
"BLASST|BT|[36509,13711]",BLASST,BT,BLASST,TURBT,"[36509,13711]",Missing QC,True,5448.0,Stroma,99.61587708066581
"BLASST|BT|[36603,7789]",BLASST,BT,BLASST,TURBT,"[36603,7789]",Missing QC,True,5860.0,Stroma,36.43844634628045
"BLASST|BT|[37183,6066]",BLASST,BT,BLASST,TURBT,"[37183,6066]",Missing QC,True,6184.0,Stroma,13.368283093053734
"BLASST|BT|[37347,15364]",BLASST,BT,BLASST,TURBT,"[37347,15364]",Missing QC,True,9880.0,Stroma,57.1084095247664
"BLASST|BT|[37431,5521]",BLASST,BT,BLASST,TURBT,"[37431,5521]",Missing QC,True,4920.0,Stroma,99.93683678625568
"BLASST|BT|[37783,5648]",BLASST,BT,BLASST,TURBT,"[37783,5648]",Missing QC,True,10816.0,Stroma,16.983396679335865
"BLASST|BT|[37800,2899]",BLASST,BT,BLASST,TURBT,"[37800,2899]",Missing QC,True,7720.0,Stroma,60.65185519341378
"BLASST|BT|[37803,7038]",BLASST,BT,BLASST,TURBT,"[37803,7038]",Missing QC,True,11524.0,Stroma,44.28772919605078
"BLASST|BT|[37907,14378]",BLASST,BT,BLASST,TURBT,"[37907,14378]",Missing QC,True,7688.0,Stroma,81.6129715981348
"BLASST|BT|[38010,13527]",BLASST,BT,BLASST,TURBT,"[38010,13527]",Missing QC,True,7900.0,Stroma,59.912725557259115
"BLASST|BT|[38108,9897]",BLASST,BT,BLASST,TURBT,"[38108,9897]",Missing QC,True,10320.0,Stroma,51.54932921761842
"BLASST|BT|[38160,13293]",BLASST,BT,BLASST,TURBT,"[38160,13293]",Missing QC,True,10288.0,Stroma,22.195070123246918
"BLASST|BT|[38177,16868]",BLASST,BT,BLASST,TURBT,"[38177,16868]",Missing QC,True,10120.0,Stroma,80.83746412731543
"BLASST|BT|[38219,15555]",BLASST,BT,BLASST,TURBT,"[38219,15555]",Missing QC,True,9052.0,Stroma,76.67155732550827
"BLASST|BT|[38370,17919]",BLASST,BT,BLASST,TURBT,"[38370,17919]",Missing QC,True,2860.0,Stroma,99.9136628534427
"BLASST|BT|[38468,12145]",BLASST,BT,BLASST,TURBT,"[38468,12145]",Missing QC,True,7848.0,Stroma,42.53470382536823
"BLASST|BT|[38596,19158]",BLASST,BT,BLASST,TURBT,"[38596,19158]",Missing QC,True,8612.0,Stroma,13.015009569859979
"BLASST|BT|[38624,13027]",BLASST,BT,BLASST,TURBT,"[38624,13027]",Missing QC,True,7048.0,Stroma,75.41329581428069
"BLASST|BT|[38633,7313]",BLASST,BT,BLASST,TURBT,"[38633,7313]",Missing QC,True,10492.0,Stroma,21.81
"BLASST|BT|[38663,8676]",BLASST,BT,BLASST,TURBT,"[38663,8676]",Missing QC,True,5360.0,Stroma,57.177148343735006
"BLASST|BT|[38767,11853]",BLASST,BT,BLASST,TURBT,"[38767,11853]",Missing QC,True,10960.0,Stroma,16.435845213849287
"BLASST|BT|[38794,12048]",BLASST,BT,BLASST,TURBT,"[38794,12048]",Missing QC,True,10332.0,Stroma,64.20362903225808
"BLASST|BT|[38795,9252]",BLASST,BT,BLASST,TURBT,"[38795,9252]",Missing QC,True,9336.0,Stroma,25.399377072239524
"BLASST|BT|[38891,12685]",BLASST,BT,BLASST,TURBT,"[38891,12685]",Missing QC,True,12692.0,Stroma,61.68999481596682
"BLASST|BT|[38893,10356]",BLASST,BT,BLASST,TURBT,"[38893,10356]",Missing QC,True,9700.0,Stroma,16.924208977189114
"BLASST|BT|[39101,19113]",BLASST,BT,BLASST,TURBT,"[39101,19113]",Missing QC,True,11216.0,Stroma,75.35995098539775
"BLASST|BT|[39139,9622]",BLASST,BT,BLASST,TURBT,"[39139,9622]",Missing QC,True,11684.0,Stroma,68.8365175609198
"BLASST|BT|[39151,18250]",BLASST,BT,BLASST,TURBT,"[39151,18250]",Missing QC,True,7256.0,Stroma,57.64256942972228
"BLASST|BT|[39166,19924]",BLASST,BT,BLASST,TURBT,"[39166,19924]",Missing QC,True,2704.0,Stroma,99.93967727341276
"BLASST|BT|[39181,13269]",BLASST,BT,BLASST,TURBT,"[39181,13269]",Missing QC,True,8972.0,Stroma,88.91122951643712
"BLASST|BT|[39225,17959]",BLASST,BT,BLASST,TURBT,"[39225,17959]",Missing QC,True,7036.0,Stroma,88.09660724554341
"BLASST|BT|[39262,21024]",BLASST,BT,BLASST,TURBT,"[39262,21024]",Missing QC,True,9888.0,Stroma,86.65851919747429
"BLASST|BT|[39285,13724]",BLASST,BT,BLASST,TURBT,"[39285,13724]",Missing QC,True,8864.0,Stroma,51.3018225515722
"BLASST|BT|[39385,19812]",BLASST,BT,BLASST,TURBT,"[39385,19812]",Missing QC,True,9492.0,Stroma,30.246354952237304
"BLASST|BT|[39424,10381]",BLASST,BT,BLASST,TURBT,"[39424,10381]",Missing QC,True,5764.0,Stroma,99.80967917346383
"BLASST|BT|[39433,20356]",BLASST,BT,BLASST,TURBT,"[39433,20356]",Missing QC,True,7148.0,Stroma,79.59677419354838
"BLASST|BT|[39588,11706]",BLASST,BT,BLASST,TURBT,"[39588,11706]",Missing QC,True,3296.0,Stroma,99.75024975024976
"BLASST|BT|[39647,8624]",BLASST,BT,BLASST,TURBT,"[39647,8624]",Missing QC,True,9168.0,Stroma,92.04870170207478
"BLASST|BT|[39800,9944]",BLASST,BT,BLASST,TURBT,"[39800,9944]",Missing QC,True,7480.0,Stroma,61.10353508863946
"BLASST|BT|[39899,7221]",BLASST,BT,BLASST,TURBT,"[39899,7221]",Missing QC,True,8380.0,Stroma,86.76
"BLASST|BT|[39917,9474]",BLASST,BT,BLASST,TURBT,"[39917,9474]",Missing QC,True,7644.0,Stroma,86.90503830972835
"BLASST|BT|[39919,12881]",BLASST,BT,BLASST,TURBT,"[39919,12881]",Missing QC,True,12092.0,Stroma,89.30374421539756
"BLASST|BT|[39976,11812]",BLASST,BT,BLASST,TURBT,"[39976,11812]",Missing QC,True,6964.0,Stroma,51.79258027642107
"BLASST|BT|[39979,20856]",BLASST,BT,BLASST,TURBT,"[39979,20856]",Missing QC,True,8240.0,Stroma,68.09416478837967
"BLASST|BT|[39993,8636]",BLASST,BT,BLASST,TURBT,"[39993,8636]",Missing QC,True,5700.0,Stroma,35.51637279596977
"BLASST|BT|[40006,13877]",BLASST,BT,BLASST,TURBT,"[40006,13877]",Missing QC,True,11900.0,Stroma,15.011172049563273
"BLASST|BT|[40093,13833]",BLASST,BT,BLASST,TURBT,"[40093,13833]",Missing QC,True,7608.0,Stroma,12.63642735556223
"BLASST|BT|[40142,11781]",BLASST,BT,BLASST,TURBT,"[40142,11781]",Missing QC,True,10556.0,Stroma,11.901175052726726
"BLASST|BT|[40192,19716]",BLASST,BT,BLASST,TURBT,"[40192,19716]",Missing QC,True,6540.0,Stroma,57.10221499695184
"BLASST|BT|[40192,20305]",BLASST,BT,BLASST,TURBT,"[40192,20305]",Missing QC,True,4916.0,Stroma,69.8004049754122
"BLASST|BT|[40280,13691]",BLASST,BT,BLASST,TURBT,"[40280,13691]",Missing QC,True,8076.0,Stroma,48.400180261379006
"BLASST|BT|[40287,8271]",BLASST,BT,BLASST,TURBT,"[40287,8271]",Missing QC,True,7740.0,Stroma,45.30729975593522
"BLASST|BT|[40293,3871]",BLASST,BT,BLASST,TURBT,"[40293,3871]",Missing QC,True,7380.0,Stroma,56.0159865376525
"BLASST|BT|[40565,11606]",BLASST,BT,BLASST,TURBT,"[40565,11606]",Missing QC,True,10452.0,Stroma,40.05
"BLASST|BT|[40586,16967]",BLASST,BT,BLASST,TURBT,"[40586,16967]",Missing QC,True,7092.0,Stroma,82.97544040118298
"BLASST|BT|[40611,8683]",BLASST,BT,BLASST,TURBT,"[40611,8683]",Missing QC,True,13888.0,Stroma,31.732819003146886
"BLASST|BT|[40663,13037]",BLASST,BT,BLASST,TURBT,"[40663,13037]",Missing QC,True,10576.0,Stroma,90.64171122994652
"BLASST|BT|[40729,11595]",BLASST,BT,BLASST,TURBT,"[40729,11595]",Missing QC,True,13180.0,Stroma,99.26662648181635
"BLASST|BT|[40764,11008]",BLASST,BT,BLASST,TURBT,"[40764,11008]",Missing QC,True,11060.0,Stroma,77.23609991941983
"BLASST|BT|[40839,17084]",BLASST,BT,BLASST,TURBT,"[40839,17084]",Missing QC,True,5564.0,Stroma,64.52542128762784
"BLASST|BT|[40946,7878]",BLASST,BT,BLASST,TURBT,"[40946,7878]",Missing QC,True,13332.0,Stroma,96.50463670640985
"BLASST|BT|[40983,18125]",BLASST,BT,BLASST,TURBT,"[40983,18125]",Missing QC,True,8612.0,Stroma,24.43215780035864
"BLASST|BT|[41195,15421]",BLASST,BT,BLASST,TURBT,"[41195,15421]",Missing QC,True,9376.0,Stroma,86.19881849663884
"BLASST|BT|[41349,18801]",BLASST,BT,BLASST,TURBT,"[41349,18801]",Missing QC,True,7508.0,Stroma,63.71661638171862
"BLASST|BT|[41500,14651]",BLASST,BT,BLASST,TURBT,"[41500,14651]",Missing QC,True,10700.0,Stroma,99.40579858621042
"BLASST|BT|[41618,20261]",BLASST,BT,BLASST,TURBT,"[41618,20261]",Missing QC,True,11320.0,Stroma,73.14049586776859
"BLASST|BT|[41717,12772]",BLASST,BT,BLASST,TURBT,"[41717,12772]",Missing QC,True,11200.0,Stroma,97.82764627523312
"BLASST|BT|[41731,11729]",BLASST,BT,BLASST,TURBT,"[41731,11729]",Missing QC,True,9880.0,Stroma,99.73256311510482
"BLASST|BT|[41745,14735]",BLASST,BT,BLASST,TURBT,"[41745,14735]",Missing QC,True,13796.0,Stroma,98.99978489997848
"BLASST|BT|[42045,16383]",BLASST,BT,BLASST,TURBT,"[42045,16383]",Missing QC,True,5284.0,Stroma,99.96979460330245
"BLASST|BT|[42315,7469]",BLASST,BT,BLASST,TURBT,"[42315,7469]",Missing QC,True,9284.0,Stroma,73.01736765013601
"BLASST|BT|[42396,6649]",BLASST,BT,BLASST,TURBT,"[42396,6649]",Missing QC,True,13536.0,Stroma,90.06211180124222
"BLASST|BT|[42452,12222]",BLASST,BT,BLASST,TURBT,"[42452,12222]",Missing QC,True,11092.0,Stroma,82.83640134819808
"BLASST|BT|[42509,14318]",BLASST,BT,BLASST,TURBT,"[42509,14318]",Missing QC,True,10472.0,Stroma,97.52475247524752
"BLASST|BT|[42593,20665]",BLASST,BT,BLASST,TURBT,"[42593,20665]",Missing QC,True,9468.0,Stroma,90.14789798532665
"BLASST|BT|[42608,4847]",BLASST,BT,BLASST,TURBT,"[42608,4847]",Missing QC,True,5972.0,Stroma,93.44786929425636
"BLASST|BT|[42712,7551]",BLASST,BT,BLASST,TURBT,"[42712,7551]",Missing QC,True,10528.0,Stroma,80.85583182157721
"BLASST|BT|[42765,14514]",BLASST,BT,BLASST,TURBT,"[42765,14514]",Missing QC,True,12432.0,Stroma,24.95
"BLASST|BT|[42802,9394]",BLASST,BT,BLASST,TURBT,"[42802,9394]",Missing QC,True,7724.0,Stroma,84.54147539233479
"BLASST|BT|[42900,10718]",BLASST,BT,BLASST,TURBT,"[42900,10718]",Missing QC,True,5152.0,Stroma,72.83770651117591
"BLASST|BT|[42925,17125]",BLASST,BT,BLASST,TURBT,"[42925,17125]",Missing QC,True,7956.0,Stroma,41.418835192069395
"BLASST|BT|[42937,12933]",BLASST,BT,BLASST,TURBT,"[42937,12933]",Missing QC,True,6524.0,Stroma,59.26001426969728
"BLASST|BT|[42962,17852]",BLASST,BT,BLASST,TURBT,"[42962,17852]",Missing QC,True,11072.0,Stroma,93.27367786044641
"BLASST|BT|[42977,11088]",BLASST,BT,BLASST,TURBT,"[42977,11088]",Missing QC,True,9000.0,Stroma,86.65289256198348
"BLASST|BT|[43146,16157]",BLASST,BT,BLASST,TURBT,"[43146,16157]",Missing QC,True,10524.0,Stroma,65.45492099555922
"BLASST|BT|[43265,12755]",BLASST,BT,BLASST,TURBT,"[43265,12755]",Missing QC,True,12228.0,Stroma,24.65995223756619
"BLASST|BT|[43299,6659]",BLASST,BT,BLASST,TURBT,"[43299,6659]",Missing QC,True,8888.0,Stroma,90.68135190584171
"BLASST|BT|[43351,18524]",BLASST,BT,BLASST,TURBT,"[43351,18524]",Missing QC,True,9116.0,Stroma,52.5801366263794
"BLASST|BT|[43448,13278]",BLASST,BT,BLASST,TURBT,"[43448,13278]",Missing QC,True,6820.0,Stroma,24.57523029682702
"BLASST|BT|[43473,14731]",BLASST,BT,BLASST,TURBT,"[43473,14731]",Missing QC,True,8524.0,Stroma,73.86777719937531
"BLASST|BT|[43473,16913]",BLASST,BT,BLASST,TURBT,"[43473,16913]",Missing QC,True,4084.0,Stroma,99.97568093385215
"BLASST|BT|[43507,9870]",BLASST,BT,BLASST,TURBT,"[43507,9870]",Missing QC,True,5288.0,Stroma,80.48461812566815
"BLASST|BT|[43538,15795]",BLASST,BT,BLASST,TURBT,"[43538,15795]",Missing QC,True,10772.0,Stroma,81.68234064785788
"BLASST|BT|[43701,9090]",BLASST,BT,BLASST,TURBT,"[43701,9090]",Missing QC,True,11464.0,Stroma,93.50132625994694
"BLASST|BT|[43815,9225]",BLASST,BT,BLASST,TURBT,"[43815,9225]",Missing QC,True,7068.0,Stroma,53.27877343830934
"BLASST|BT|[43921,11461]",BLASST,BT,BLASST,TURBT,"[43921,11461]",Missing QC,True,6800.0,Stroma,85.3514067661465
"BLASST|BT|[43927,7781]",BLASST,BT,BLASST,TURBT,"[43927,7781]",Missing QC,True,4228.0,Stroma,98.49229760734185
"BLASST|BT|[43957,19334]",BLASST,BT,BLASST,TURBT,"[43957,19334]",Missing QC,True,11952.0,Stroma,71.09639440765268
"BLASST|BT|[44033,8694]",BLASST,BT,BLASST,TURBT,"[44033,8694]",Missing QC,True,9984.0,Stroma,86.79169187336157
"BLASST|BT|[44095,7287]",BLASST,BT,BLASST,TURBT,"[44095,7287]",Missing QC,True,7820.0,Stroma,34.42842430484037
"BLASST|BT|[44164,14512]",BLASST,BT,BLASST,TURBT,"[44164,14512]",Missing QC,True,12404.0,Stroma,97.07844723008492
"BLASST|BT|[44372,10575]",BLASST,BT,BLASST,TURBT,"[44372,10575]",Missing QC,True,4916.0,Stroma,49.75949367088607
"BLASST|BT|[44481,3749]",BLASST,BT,BLASST,TURBT,"[44481,3749]",Missing QC,True,10244.0,Stroma,53.245642177307246
"BLASST|BT|[44611,8906]",BLASST,BT,BLASST,TURBT,"[44611,8906]",Missing QC,True,6648.0,Stroma,72.12896349586997
"BLASST|BT|[44635,9612]",BLASST,BT,BLASST,TURBT,"[44635,9612]",Missing QC,True,9452.0,Stroma,84.24468085106383
"BLASST|BT|[44702,10589]",BLASST,BT,BLASST,TURBT,"[44702,10589]",Missing QC,True,9708.0,Stroma,61.767213813685785
"BLASST|BT|[44771,11387]",BLASST,BT,BLASST,TURBT,"[44771,11387]",Missing QC,True,8780.0,Stroma,52.11672831894781
"BLASST|BT|[44781,11075]",BLASST,BT,BLASST,TURBT,"[44781,11075]",Missing QC,True,8560.0,Stroma,79.66512215669756
"BLASST|BT|[44791,13059]",BLASST,BT,BLASST,TURBT,"[44791,13059]",Missing QC,True,5568.0,Stroma,25.676909035594765
"BLASST|BT|[44942,14202]",BLASST,BT,BLASST,TURBT,"[44942,14202]",Missing QC,True,4652.0,Stroma,99.83788165360713
"BLASST|BT|[44947,9035]",BLASST,BT,BLASST,TURBT,"[44947,9035]",Missing QC,True,11340.0,Stroma,78.9774498597111
"BLASST|BT|[44952,15270]",BLASST,BT,BLASST,TURBT,"[44952,15270]",Missing QC,True,12216.0,Stroma,99.65873732811401
"BLASST|BT|[44997,5382]",BLASST,BT,BLASST,TURBT,"[44997,5382]",Missing QC,True,6300.0,Stroma,99.57042037434796
"BLASST|BT|[45046,14259]",BLASST,BT,BLASST,TURBT,"[45046,14259]",Missing QC,True,7308.0,Stroma,45.35001008674602
"BLASST|BT|[45061,14038]",BLASST,BT,BLASST,TURBT,"[45061,14038]",Missing QC,True,7000.0,Stroma,88.73193523850918
"BLASST|BT|[45061,4571]",BLASST,BT,BLASST,TURBT,"[45061,4571]",Missing QC,True,9072.0,Stroma,86.88359947775433
"BLASST|BT|[45076,5937]",BLASST,BT,BLASST,TURBT,"[45076,5937]",Missing QC,True,6604.0,Stroma,78.84017579590525
"BLASST|BT|[45326,20967]",BLASST,BT,BLASST,TURBT,"[45326,20967]",Missing QC,True,10944.0,Stroma,95.59466666666667
"BLASST|BT|[45339,13144]",BLASST,BT,BLASST,TURBT,"[45339,13144]",Missing QC,True,11192.0,Stroma,92.19354164489498
"BLASST|BT|[45396,15976]",BLASST,BT,BLASST,TURBT,"[45396,15976]",Missing QC,True,6760.0,Stroma,93.4494306764903
"BLASST|BT|[45408,13063]",BLASST,BT,BLASST,TURBT,"[45408,13063]",Missing QC,True,7812.0,Stroma,75.07091080995902
"BLASST|BT|[45443,10044]",BLASST,BT,BLASST,TURBT,"[45443,10044]",Missing QC,True,7488.0,Stroma,15.122050035450219
"BLASST|BT|[45485,8743]",BLASST,BT,BLASST,TURBT,"[45485,8743]",Missing QC,True,10600.0,Stroma,19.34039087947883
"BLASST|BT|[45592,7221]",BLASST,BT,BLASST,TURBT,"[45592,7221]",Missing QC,True,9228.0,Stroma,64.85537190082644
"BLASST|BT|[45748,13022]",BLASST,BT,BLASST,TURBT,"[45748,13022]",Missing QC,True,7224.0,Stroma,99.06870497276401
"BLASST|BT|[45765,14836]",BLASST,BT,BLASST,TURBT,"[45765,14836]",Missing QC,True,2036.0,Stroma,89.18181818181819
"BLASST|BT|[45772,4738]",BLASST,BT,BLASST,TURBT,"[45772,4738]",Missing QC,True,7552.0,Stroma,93.50211887428013
"BLASST|BT|[45827,15277]",BLASST,BT,BLASST,TURBT,"[45827,15277]",Missing QC,True,7296.0,Stroma,80.2741420179326
"BLASST|BT|[45848,11325]",BLASST,BT,BLASST,TURBT,"[45848,11325]",Missing QC,True,7812.0,Stroma,86.60336199153086
"BLASST|BT|[45857,10227]",BLASST,BT,BLASST,TURBT,"[45857,10227]",Missing QC,True,7952.0,Stroma,35.01
"BLASST|BT|[45919,15567]",BLASST,BT,BLASST,TURBT,"[45919,15567]",Missing QC,True,13424.0,Stroma,44.9279711884754
"BLASST|BT|[46008,17513]",BLASST,BT,BLASST,TURBT,"[46008,17513]",Missing QC,True,7388.0,Stroma,94.21153197707092
"BLASST|BT|[46043,7113]",BLASST,BT,BLASST,TURBT,"[46043,7113]",Missing QC,True,10240.0,Stroma,55.733252866626444
"BLASST|BT|[46060,7390]",BLASST,BT,BLASST,TURBT,"[46060,7390]",Missing QC,True,4136.0,Stroma,98.9170373235351
"BLASST|BT|[46143,19054]",BLASST,BT,BLASST,TURBT,"[46143,19054]",Missing QC,True,10220.0,Stroma,98.93023785137134
"BLASST|BT|[46166,16244]",BLASST,BT,BLASST,TURBT,"[46166,16244]",Missing QC,True,9960.0,Stroma,49.08925318761385
"BLASST|BT|[46171,14075]",BLASST,BT,BLASST,TURBT,"[46171,14075]",Missing QC,True,6192.0,Stroma,57.15499840645916
"BLASST|BT|[46216,14616]",BLASST,BT,BLASST,TURBT,"[46216,14616]",Missing QC,True,9820.0,Stroma,63.40092350933547
"BLASST|BT|[46261,13020]",BLASST,BT,BLASST,TURBT,"[46261,13020]",Missing QC,True,10388.0,Stroma,74.65675057208237
"BLASST|BT|[46261,14261]",BLASST,BT,BLASST,TURBT,"[46261,14261]",Missing QC,True,2256.0,Stroma,99.80811403508771
"BLASST|BT|[46528,17763]",BLASST,BT,BLASST,TURBT,"[46528,17763]",Missing QC,True,8560.0,Stroma,95.00202757502029
"BLASST|BT|[46617,7124]",BLASST,BT,BLASST,TURBT,"[46617,7124]",Missing QC,True,8012.0,Stroma,96.25092406801141
"BLASST|BT|[46635,15624]",BLASST,BT,BLASST,TURBT,"[46635,15624]",Missing QC,True,8492.0,Stroma,43.57021148641876
"BLASST|BT|[46722,6346]",BLASST,BT,BLASST,TURBT,"[46722,6346]",Missing QC,True,8216.0,Stroma,88.6738878956778
"BLASST|BT|[46764,7080]",BLASST,BT,BLASST,TURBT,"[46764,7080]",Missing QC,True,5648.0,Stroma,76.8755788823711
"BLASST|BT|[46776,15404]",BLASST,BT,BLASST,TURBT,"[46776,15404]",Missing QC,True,2988.0,Stroma,98.79261363636364
"BLASST|BT|[46871,11317]",BLASST,BT,BLASST,TURBT,"[46871,11317]",Missing QC,True,10272.0,Stroma,69.96597916223686
"BLASST|BT|[46897,10571]",BLASST,BT,BLASST,TURBT,"[46897,10571]",Missing QC,True,7196.0,Stroma,96.94714459295261
"BLASST|BT|[47014,11223]",BLASST,BT,BLASST,TURBT,"[47014,11223]",Missing QC,True,9668.0,Stroma,11.911191119111912
"BLASST|BT|[47036,10740]",BLASST,BT,BLASST,TURBT,"[47036,10740]",Missing QC,True,5096.0,Stroma,86.99174793698425
"BLASST|BT|[47049,12566]",BLASST,BT,BLASST,TURBT,"[47049,12566]",Missing QC,True,6896.0,Stroma,99.32728410513141
"BLASST|BT|[47066,15731]",BLASST,BT,BLASST,TURBT,"[47066,15731]",Missing QC,True,9392.0,Stroma,21.199959867562956
"BLASST|BT|[47081,6452]",BLASST,BT,BLASST,TURBT,"[47081,6452]",Missing QC,True,8908.0,Stroma,56.14016514926953
"BLASST|BT|[47125,15089]",BLASST,BT,BLASST,TURBT,"[47125,15089]",Missing QC,True,7132.0,Stroma,73.07413917898873
"BLASST|BT|[47168,15998]",BLASST,BT,BLASST,TURBT,"[47168,15998]",Missing QC,True,8488.0,Stroma,95.36212770634137
"BLASST|BT|[47299,9578]",BLASST,BT,BLASST,TURBT,"[47299,9578]",Missing QC,True,1720.0,Stroma,99.82993197278911
"BLASST|BT|[47334,8859]",BLASST,BT,BLASST,TURBT,"[47334,8859]",Missing QC,True,5656.0,Stroma,99.57061068702289
"BLASST|BT|[47341,11213]",BLASST,BT,BLASST,TURBT,"[47341,11213]",Missing QC,True,13208.0,Stroma,99.93741524981746
"BLASST|BT|[47378,6105]",BLASST,BT,BLASST,TURBT,"[47378,6105]",Missing QC,True,10728.0,Stroma,96.2060984200463
"BLASST|BT|[47403,13421]",BLASST,BT,BLASST,TURBT,"[47403,13421]",Missing QC,True,8696.0,Stroma,94.11102353338588
"BLASST|BT|[47476,15037]",BLASST,BT,BLASST,TURBT,"[47476,15037]",Missing QC,True,6436.0,Stroma,99.20663114268798
"BLASST|BT|[47480,15979]",BLASST,BT,BLASST,TURBT,"[47480,15979]",Missing QC,True,9356.0,Stroma,42.223572296476306
"BLASST|BT|[47606,8026]",BLASST,BT,BLASST,TURBT,"[47606,8026]",Missing QC,True,6268.0,Stroma,99.84781405644715
"BLASST|BT|[47653,13741]",BLASST,BT,BLASST,TURBT,"[47653,13741]",Missing QC,True,7136.0,Stroma,41.463167494173675
"BLASST|BT|[47752,17897]",BLASST,BT,BLASST,TURBT,"[47752,17897]",Missing QC,True,8000.0,Stroma,8.76
"BLASST|BT|[47819,6894]",BLASST,BT,BLASST,TURBT,"[47819,6894]",Missing QC,True,3476.0,Stroma,70.32880709235776
"BLASST|BT|[47871,7662]",BLASST,BT,BLASST,TURBT,"[47871,7662]",Missing QC,True,10456.0,Stroma,95.38182593856655
"BLASST|BT|[47916,15974]",BLASST,BT,BLASST,TURBT,"[47916,15974]",Missing QC,True,12376.0,Stroma,95.2054794520548
"BLASST|BT|[48040,11900]",BLASST,BT,BLASST,TURBT,"[48040,11900]",Missing QC,True,3068.0,Stroma,98.04366316983273
"BLASST|BT|[48154,15193]",BLASST,BT,BLASST,TURBT,"[48154,15193]",Missing QC,True,8960.0,Stroma,46.75
"BLASST|BT|[48184,4254]",BLASST,BT,BLASST,TURBT,"[48184,4254]",Missing QC,True,9988.0,Stroma,81.96015617178897
"BLASST|BT|[48201,8691]",BLASST,BT,BLASST,TURBT,"[48201,8691]",Missing QC,True,12184.0,Stroma,95.7586964058708
"BLASST|BT|[48372,9176]",BLASST,BT,BLASST,TURBT,"[48372,9176]",Missing QC,True,10544.0,Stroma,99.82698961937717
"BLASST|BT|[48466,13855]",BLASST,BT,BLASST,TURBT,"[48466,13855]",Missing QC,True,7236.0,Stroma,79.83819459229295
"BLASST|BT|[48560,8943]",BLASST,BT,BLASST,TURBT,"[48560,8943]",Missing QC,True,12064.0,Stroma,65.96634263614509
"BLASST|BT|[48607,16576]",BLASST,BT,BLASST,TURBT,"[48607,16576]",Missing QC,True,8720.0,Stroma,91.23035230352303
"BLASST|BT|[48673,11530]",BLASST,BT,BLASST,TURBT,"[48673,11530]",Missing QC,True,12144.0,Stroma,57.72791306097807
"BLASST|BT|[48695,18648]",BLASST,BT,BLASST,TURBT,"[48695,18648]",Missing QC,True,6596.0,Stroma,95.3649039065444
"BLASST|BT|[48697,15243]",BLASST,BT,BLASST,TURBT,"[48697,15243]",Missing QC,True,12736.0,Stroma,95.53344838087503
"BLASST|BT|[48729,18695]",BLASST,BT,BLASST,TURBT,"[48729,18695]",Missing QC,True,9624.0,Stroma,75.47475183426845
"BLASST|BT|[48848,16958]",BLASST,BT,BLASST,TURBT,"[48848,16958]",Missing QC,True,5392.0,Stroma,85.50755479889338
"BLASST|BT|[48855,12913]",BLASST,BT,BLASST,TURBT,"[48855,12913]",Missing QC,True,8552.0,Stroma,93.49387410223913
"BLASST|BT|[48858,9030]",BLASST,BT,BLASST,TURBT,"[48858,9030]",Missing QC,True,4384.0,Stroma,65.43686064061714
"BLASST|BT|[48927,5104]",BLASST,BT,BLASST,TURBT,"[48927,5104]",Missing QC,True,8344.0,Stroma,80.76140065146579
"BLASST|BT|[48938,15176]",BLASST,BT,BLASST,TURBT,"[48938,15176]",Missing QC,True,9732.0,Stroma,66.0717183190005
"BLASST|BT|[48939,10088]",BLASST,BT,BLASST,TURBT,"[48939,10088]",Missing QC,True,9688.0,Stroma,53.36414997431947
"BLASST|BT|[48939,11620]",BLASST,BT,BLASST,TURBT,"[48939,11620]",Missing QC,True,9872.0,Stroma,63.24594511884117
"BLASST|BT|[48979,21763]",BLASST,BT,BLASST,TURBT,"[48979,21763]",Missing QC,True,9860.0,Stroma,94.2714183600531
"BLASST|BT|[49067,18773]",BLASST,BT,BLASST,TURBT,"[49067,18773]",Missing QC,True,5956.0,Stroma,57.84061696658098
"BLASST|BT|[49115,10282]",BLASST,BT,BLASST,TURBT,"[49115,10282]",Missing QC,True,12036.0,Stroma,96.55813953488372
"BLASST|BT|[49135,13731]",BLASST,BT,BLASST,TURBT,"[49135,13731]",Missing QC,True,9148.0,Stroma,97.42285912400324
"BLASST|BT|[49148,11875]",BLASST,BT,BLASST,TURBT,"[49148,11875]",Missing QC,True,5236.0,Stroma,80.6854316334943
"BLASST|BT|[49157,7325]",BLASST,BT,BLASST,TURBT,"[49157,7325]",Missing QC,True,10176.0,Stroma,53.287197231833915
"BLASST|BT|[49177,14071]",BLASST,BT,BLASST,TURBT,"[49177,14071]",Missing QC,True,5924.0,Stroma,74.7892190739461
"BLASST|BT|[49210,15010]",BLASST,BT,BLASST,TURBT,"[49210,15010]",Missing QC,True,3900.0,Stroma,42.008072653884966
"BLASST|BT|[49431,8376]",BLASST,BT,BLASST,TURBT,"[49431,8376]",Missing QC,True,6376.0,Stroma,64.05157869366113
"BLASST|BT|[49475,13404]",BLASST,BT,BLASST,TURBT,"[49475,13404]",Missing QC,True,10876.0,Stroma,74.71898417985012
"BLASST|BT|[49534,10884]",BLASST,BT,BLASST,TURBT,"[49534,10884]",Missing QC,True,9348.0,Stroma,93.21561338289962
"BLASST|BT|[49574,9642]",BLASST,BT,BLASST,TURBT,"[49574,9642]",Missing QC,True,10052.0,Stroma,86.18748646893266
"BLASST|BT|[49679,13530]",BLASST,BT,BLASST,TURBT,"[49679,13530]",Missing QC,True,10932.0,Stroma,81.45088161209068
"BLASST|BT|[49719,16831]",BLASST,BT,BLASST,TURBT,"[49719,16831]",Missing QC,True,13148.0,Stroma,87.05917813724506
"BLASST|BT|[49745,11436]",BLASST,BT,BLASST,TURBT,"[49745,11436]",Missing QC,True,10176.0,Stroma,51.380304903172636
"BLASST|BT|[49758,15344]",BLASST,BT,BLASST,TURBT,"[49758,15344]",Missing QC,True,6416.0,Stroma,88.895699254265
"BLASST|BT|[49804,10896]",BLASST,BT,BLASST,TURBT,"[49804,10896]",Missing QC,True,4032.0,Stroma,79.50846354166667
"BLASST|BT|[49830,17986]",BLASST,BT,BLASST,TURBT,"[49830,17986]",Missing QC,True,10924.0,Stroma,99.76521028991424
"BLASST|BT|[49910,12487]",BLASST,BT,BLASST,TURBT,"[49910,12487]",Missing QC,True,10772.0,Stroma,98.10335641981887
"BLASST|BT|[49926,9223]",BLASST,BT,BLASST,TURBT,"[49926,9223]",Missing QC,True,8336.0,Stroma,98.99076923076925
"BLASST|BT|[49933,9493]",BLASST,BT,BLASST,TURBT,"[49933,9493]",Missing QC,True,10420.0,Stroma,76.03613177470777
"BLASST|BT|[49946,16696]",BLASST,BT,BLASST,TURBT,"[49946,16696]",Missing QC,True,8052.0,Stroma,30.35320088300221
"BLASST|BT|[50010,12941]",BLASST,BT,BLASST,TURBT,"[50010,12941]",Missing QC,True,8940.0,Stroma,77.85839672322996
"BLASST|BT|[50060,12043]",BLASST,BT,BLASST,TURBT,"[50060,12043]",Missing QC,True,5244.0,Stroma,71.88892697977374
"BLASST|BT|[50062,13545]",BLASST,BT,BLASST,TURBT,"[50062,13545]",Missing QC,True,6372.0,Stroma,57.06436420722135
"BLASST|BT|[50095,5742]",BLASST,BT,BLASST,TURBT,"[50095,5742]",Missing QC,True,7828.0,Stroma,82.11283297883115
"BLASST|BT|[50211,8118]",BLASST,BT,BLASST,TURBT,"[50211,8118]",Missing QC,True,7396.0,Stroma,89.60370019972669
"BLASST|BT|[50258,7511]",BLASST,BT,BLASST,TURBT,"[50258,7511]",Missing QC,True,11720.0,Stroma,90.84823763204686
"BLASST|BT|[50362,18754]",BLASST,BT,BLASST,TURBT,"[50362,18754]",Missing QC,True,10816.0,Stroma,42.75827482447342
"BLASST|BT|[50394,6730]",BLASST,BT,BLASST,TURBT,"[50394,6730]",Missing QC,True,4284.0,Stroma,99.3576602432691
"BLASST|BT|[50555,11149]",BLASST,BT,BLASST,TURBT,"[50555,11149]",Missing QC,True,12888.0,Stroma,84.23088988811043
"BLASST|BT|[50570,14930]",BLASST,BT,BLASST,TURBT,"[50570,14930]",Missing QC,True,8888.0,Stroma,54.33451118963486
"BLASST|BT|[50662,12829]",BLASST,BT,BLASST,TURBT,"[50662,12829]",Missing QC,True,9668.0,Stroma,99.6581646068893
"BLASST|BT|[50734,8876]",BLASST,BT,BLASST,TURBT,"[50734,8876]",Missing QC,True,6192.0,Stroma,99.98759612999255
"BLASST|BT|[50740,17366]",BLASST,BT,BLASST,TURBT,"[50740,17366]",Missing QC,True,4368.0,Stroma,87.15230278157775
"BLASST|BT|[50844,16918]",BLASST,BT,BLASST,TURBT,"[50844,16918]",Missing QC,True,10840.0,Stroma,72.22278583747591
"BLASST|BT|[50958,13156]",BLASST,BT,BLASST,TURBT,"[50958,13156]",Missing QC,True,9740.0,Stroma,72.32313095835424
"BLASST|BT|[50996,17518]",BLASST,BT,BLASST,TURBT,"[50996,17518]",Missing QC,True,7916.0,Stroma,78.88244596731681
"BLASST|BT|[51014,9206]",BLASST,BT,BLASST,TURBT,"[51014,9206]",Missing QC,True,6644.0,Stroma,39.97797356828194
"BLASST|BT|[51068,6089]",BLASST,BT,BLASST,TURBT,"[51068,6089]",Missing QC,True,11740.0,Stroma,98.24983592211771
"BLASST|BT|[51181,10207]",BLASST,BT,BLASST,TURBT,"[51181,10207]",Missing QC,True,6956.0,Stroma,88.62312811980034
"BLASST|BT|[51284,14896]",BLASST,BT,BLASST,TURBT,"[51284,14896]",Missing QC,True,6460.0,Stroma,47.08885209713025
"BLASST|BT|[51304,8676]",BLASST,BT,BLASST,TURBT,"[51304,8676]",Missing QC,True,10504.0,Stroma,87.02484603949884
"BLASST|BT|[51337,13752]",BLASST,BT,BLASST,TURBT,"[51337,13752]",Missing QC,True,7512.0,Stroma,72.68807443549302
"BLASST|BT|[51475,9114]",BLASST,BT,BLASST,TURBT,"[51475,9114]",Missing QC,True,7576.0,Stroma,67.06554979391039
"BLASST|BT|[51502,7481]",BLASST,BT,BLASST,TURBT,"[51502,7481]",Missing QC,True,11720.0,Stroma,76.14045618247299
"BLASST|BT|[51668,9355]",BLASST,BT,BLASST,TURBT,"[51668,9355]",Missing QC,True,6512.0,Stroma,57.34145104008118
"BLASST|BT|[51686,16345]",BLASST,BT,BLASST,TURBT,"[51686,16345]",Missing QC,True,4020.0,Stroma,89.91766350784526
"BLASST|BT|[51727,16824]",BLASST,BT,BLASST,TURBT,"[51727,16824]",Missing QC,True,6360.0,Stroma,99.93976810721276
"BLASST|BT|[51747,19223]",BLASST,BT,BLASST,TURBT,"[51747,19223]",Missing QC,True,9244.0,Stroma,69.56909030174813
"BLASST|BT|[51839,8302]",BLASST,BT,BLASST,TURBT,"[51839,8302]",Missing QC,True,10540.0,Stroma,12.855996791014842
"BLASST|BT|[51849,14833]",BLASST,BT,BLASST,TURBT,"[51849,14833]",Missing QC,True,10784.0,Stroma,50.105411103302885
"BLASST|BT|[51871,12410]",BLASST,BT,BLASST,TURBT,"[51871,12410]",Missing QC,True,13220.0,Stroma,93.77639251960588
"BLASST|BT|[51885,10347]",BLASST,BT,BLASST,TURBT,"[51885,10347]",Missing QC,True,9284.0,Stroma,56.429805835112326
"BLASST|BT|[52012,10896]",BLASST,BT,BLASST,TURBT,"[52012,10896]",Missing QC,True,5244.0,Stroma,62.014998369742415
"BLASST|BT|[52020,10343]",BLASST,BT,BLASST,TURBT,"[52020,10343]",Missing QC,True,6800.0,Stroma,74.90881785024673
"BLASST|BT|[52049,5982]",BLASST,BT,BLASST,TURBT,"[52049,5982]",Missing QC,True,8536.0,Stroma,53.82777604653578
"BLASST|BT|[52088,16507]",BLASST,BT,BLASST,TURBT,"[52088,16507]",Missing QC,True,9272.0,Stroma,51.12407339895492
"BLASST|BT|[52228,7080]",BLASST,BT,BLASST,TURBT,"[52228,7080]",Missing QC,True,5220.0,Stroma,97.38002267288071
"BLASST|BT|[52260,11461]",BLASST,BT,BLASST,TURBT,"[52260,11461]",Missing QC,True,9688.0,Stroma,85.08085550339072
"BLASST|BT|[52383,11258]",BLASST,BT,BLASST,TURBT,"[52383,11258]",Missing QC,True,6512.0,Stroma,93.20447362022854
"BLASST|BT|[52394,16452]",BLASST,BT,BLASST,TURBT,"[52394,16452]",Missing QC,True,7708.0,Stroma,47.71096908830051
"BLASST|BT|[52435,12257]",BLASST,BT,BLASST,TURBT,"[52435,12257]",Missing QC,True,4844.0,Stroma,78.27868852459015
"BLASST|BT|[52479,19042]",BLASST,BT,BLASST,TURBT,"[52479,19042]",Missing QC,True,10600.0,Stroma,66.05783866057838
"BLASST|BT|[52553,15297]",BLASST,BT,BLASST,TURBT,"[52553,15297]",Missing QC,True,7600.0,Stroma,20.284446237643735
"BLASST|BT|[52643,3353]",BLASST,BT,BLASST,TURBT,"[52643,3353]",Missing QC,True,7304.0,Stroma,96.86104544260573
"BLASST|BT|[52648,15533]",BLASST,BT,BLASST,TURBT,"[52648,15533]",Missing QC,True,7420.0,Stroma,66.42268984446477
"BLASST|BT|[52701,7357]",BLASST,BT,BLASST,TURBT,"[52701,7357]",Missing QC,True,9272.0,Stroma,90.42585628620795
"BLASST|BT|[52780,13518]",BLASST,BT,BLASST,TURBT,"[52780,13518]",Missing QC,True,8652.0,Stroma,82.78486440132919
"BLASST|BT|[52901,17156]",BLASST,BT,BLASST,TURBT,"[52901,17156]",Missing QC,True,9340.0,Stroma,36.473187387025504
"BLASST|BT|[52944,7712]",BLASST,BT,BLASST,TURBT,"[52944,7712]",Missing QC,True,7284.0,Stroma,83.78099173553719
"BLASST|BT|[53018,12849]",BLASST,BT,BLASST,TURBT,"[53018,12849]",Missing QC,True,6656.0,Stroma,52.62052410482097
"BLASST|BT|[53113,14432]",BLASST,BT,BLASST,TURBT,"[53113,14432]",Missing QC,True,5176.0,Stroma,15.03289118947482
"BLASST|BT|[53121,21331]",BLASST,BT,BLASST,TURBT,"[53121,21331]",Missing QC,True,12280.0,Stroma,76.32933104631218
"BLASST|BT|[53402,8307]",BLASST,BT,BLASST,TURBT,"[53402,8307]",Missing QC,True,3760.0,Stroma,54.2790283039893
"BLASST|BT|[53637,21365]",BLASST,BT,BLASST,TURBT,"[53637,21365]",Missing QC,True,14068.0,Stroma,89.66499544211487
"BLASST|BT|[54007,16289]",BLASST,BT,BLASST,TURBT,"[54007,16289]",Missing QC,True,11940.0,Stroma,91.87050359712231
"BLASST|BT|[54079,15828]",BLASST,BT,BLASST,TURBT,"[54079,15828]",Missing QC,True,8424.0,Stroma,62.72861524480291
"BLASST|BT|[54269,22008]",BLASST,BT,BLASST,TURBT,"[54269,22008]",Missing QC,True,11608.0,Stroma,74.55756818655007
"BLASST|BT|[54322,13617]",BLASST,BT,BLASST,TURBT,"[54322,13617]",Missing QC,True,6708.0,Stroma,94.7680300621477
"BLASST|BT|[54385,11498]",BLASST,BT,BLASST,TURBT,"[54385,11498]",Missing QC,True,4116.0,Stroma,99.72930616896994
"BLASST|BT|[54411,11252]",BLASST,BT,BLASST,TURBT,"[54411,11252]",Missing QC,True,10716.0,Stroma,75.78101456554495
"BLASST|BT|[54453,13637]",BLASST,BT,BLASST,TURBT,"[54453,13637]",Missing QC,True,10608.0,Stroma,69.0125313283208
"BLASST|BT|[54505,18353]",BLASST,BT,BLASST,TURBT,"[54505,18353]",Missing QC,True,8480.0,Stroma,84.16028285209194
"BLASST|BT|[54628,8361]",BLASST,BT,BLASST,TURBT,"[54628,8361]",Missing QC,True,7244.0,Stroma,75.63042579578338
"BLASST|BT|[54676,9838]",BLASST,BT,BLASST,TURBT,"[54676,9838]",Missing QC,True,8140.0,Stroma,79.0516550223342
"BLASST|BT|[54703,13420]",BLASST,BT,BLASST,TURBT,"[54703,13420]",Missing QC,True,8048.0,Stroma,97.92762804681627
"BLASST|BT|[55049,13151]",BLASST,BT,BLASST,TURBT,"[55049,13151]",Missing QC,True,7952.0,Stroma,69.65466568699486
"BLASST|BT|[55130,8619]",BLASST,BT,BLASST,TURBT,"[55130,8619]",Missing QC,True,5876.0,Stroma,97.05253512522907
"BLASST|BT|[55226,7090]",BLASST,BT,BLASST,TURBT,"[55226,7090]",Missing QC,True,7080.0,Stroma,70.4893774442448
"BLASST|BT|[55276,8805]",BLASST,BT,BLASST,TURBT,"[55276,8805]",Missing QC,True,8840.0,Stroma,39.187837567513505
"BLASST|BT|[55287,10509]",BLASST,BT,BLASST,TURBT,"[55287,10509]",Missing QC,True,7660.0,Stroma,89.55598675950233
"BLASST|BT|[55387,13525]",BLASST,BT,BLASST,TURBT,"[55387,13525]",Missing QC,True,7024.0,Stroma,98.36376571022055
"BLASST|BT|[55430,9451]",BLASST,BT,BLASST,TURBT,"[55430,9451]",Missing QC,True,6444.0,Stroma,18.567961165048544
"BLASST|BT|[55617,17396]",BLASST,BT,BLASST,TURBT,"[55617,17396]",Missing QC,True,7896.0,Stroma,65.78839450481854
"BLASST|BT|[55689,19291]",BLASST,BT,BLASST,TURBT,"[55689,19291]",Missing QC,True,13356.0,Stroma,77.39513464811293
"BLASST|BT|[55777,17907]",BLASST,BT,BLASST,TURBT,"[55777,17907]",Missing QC,True,8304.0,Stroma,95.9322033898305
"BLASST|BT|[55819,11659]",BLASST,BT,BLASST,TURBT,"[55819,11659]",Missing QC,True,8296.0,Stroma,95.94144251368722
"BLASST|BT|[55833,19478]",BLASST,BT,BLASST,TURBT,"[55833,19478]",Missing QC,True,10392.0,Stroma,93.99814375580077
"BLASST|BT|[55898,16321]",BLASST,BT,BLASST,TURBT,"[55898,16321]",Missing QC,True,7596.0,Stroma,98.95432030820032
"BLASST|BT|[55985,16603]",BLASST,BT,BLASST,TURBT,"[55985,16603]",Missing QC,True,10748.0,Stroma,99.11723543976748
"BLASST|BT|[55997,13984]",BLASST,BT,BLASST,TURBT,"[55997,13984]",Missing QC,True,7508.0,Stroma,99.63835616438357
"BLASST|BT|[56013,18145]",BLASST,BT,BLASST,TURBT,"[56013,18145]",Missing QC,True,8200.0,Stroma,61.111111111111114
"BLASST|BT|[56084,12487]",BLASST,BT,BLASST,TURBT,"[56084,12487]",Missing QC,True,5784.0,Stroma,97.70398716207876
"BLASST|BT|[56112,7846]",BLASST,BT,BLASST,TURBT,"[56112,7846]",Missing QC,True,11672.0,Stroma,64.62557310239428
"BLASST|BT|[56120,11727]",BLASST,BT,BLASST,TURBT,"[56120,11727]",Missing QC,True,10476.0,Stroma,59.649649649649646
"BLASST|BT|[56202,17535]",BLASST,BT,BLASST,TURBT,"[56202,17535]",Missing QC,True,12020.0,Stroma,74.6223867160148
"BLASST|BT|[56255,9818]",BLASST,BT,BLASST,TURBT,"[56255,9818]",Missing QC,True,11712.0,Stroma,98.96333478830205
"BLASST|BT|[56410,18732]",BLASST,BT,BLASST,TURBT,"[56410,18732]",Missing QC,True,6340.0,Stroma,96.80694285246439
"BLASST|BT|[56431,11456]",BLASST,BT,BLASST,TURBT,"[56431,11456]",Missing QC,True,9232.0,Stroma,86.50399919003746
"BLASST|BT|[56521,18422]",BLASST,BT,BLASST,TURBT,"[56521,18422]",Missing QC,True,4676.0,Stroma,90.18352013794802
"BLASST|BT|[56683,8958]",BLASST,BT,BLASST,TURBT,"[56683,8958]",Missing QC,True,10060.0,Stroma,99.84929283561327
"BLASST|BT|[57008,11050]",BLASST,BT,BLASST,TURBT,"[57008,11050]",Missing QC,True,6684.0,Stroma,3.78
"BLASST|BT|[57453,18345]",BLASST,BT,BLASST,TURBT,"[57453,18345]",Missing QC,True,7976.0,Stroma,94.43929564411494
"BLASST|BT|[57496,12227]",BLASST,BT,BLASST,TURBT,"[57496,12227]",Missing QC,True,10400.0,Stroma,69.37406109163746
"BLASST|BT|[57557,17857]",BLASST,BT,BLASST,TURBT,"[57557,17857]",Missing QC,True,6020.0,Stroma,81.34485432591116
"BLASST|BT|[57626,19919]",BLASST,BT,BLASST,TURBT,"[57626,19919]",Missing QC,True,10436.0,Stroma,97.99818016378525
"BLASST|BT|[58059,10601]",BLASST,BT,BLASST,TURBT,"[58059,10601]",Missing QC,True,7496.0,Stroma,94.74203900271537
"BLASST|BT|[58251,12317]",BLASST,BT,BLASST,TURBT,"[58251,12317]",Missing QC,True,14688.0,Stroma,98.76504773765048
"BLASST|BT|[58258,10115]",BLASST,BT,BLASST,TURBT,"[58258,10115]",Missing QC,True,7856.0,Stroma,90.96340552651232
"BLASST|BT|[58298,14804]",BLASST,BT,BLASST,TURBT,"[58298,14804]",Missing QC,True,7044.0,Stroma,27.84780848849312
"BLASST|BT|[58341,9907]",BLASST,BT,BLASST,TURBT,"[58341,9907]",Missing QC,True,14656.0,Stroma,99.93547693300354
"BLASST|BT|[58882,11521]",BLASST,BT,BLASST,TURBT,"[58882,11521]",Missing QC,True,2960.0,Stroma,39.51432408236347
"BLASST|BT|[59241,16784]",BLASST,BT,BLASST,TURBT,"[59241,16784]",Missing QC,True,9084.0,Stroma,69.53379478827361
"BLASST|BT|[59369,19084]",BLASST,BT,BLASST,TURBT,"[59369,19084]",Missing QC,True,11636.0,Stroma,96.1198166506769
"BLASST|BT|[59489,16259]",BLASST,BT,BLASST,TURBT,"[59489,16259]",Missing QC,True,9028.0,Stroma,82.62407763064793
"BLASST|BT|[59499,8864]",BLASST,BT,BLASST,TURBT,"[59499,8864]",Missing QC,True,11892.0,Stroma,31.224899598393577
"BLASST|BT|[60136,10413]",BLASST,BT,BLASST,TURBT,"[60136,10413]",Missing QC,True,9800.0,Stroma,97.80184082295615
"BLASST|BT|[60812,15198]",BLASST,BT,BLASST,TURBT,"[60812,15198]",Missing QC,True,6364.0,Stroma,94.94579755033084
"BLASST|BT|[61092,19916]",BLASST,BT,BLASST,TURBT,"[61092,19916]",Missing QC,True,5952.0,Stroma,98.4304932735426
"BLASST|BT|[61684,8609]",BLASST,BT,BLASST,TURBT,"[61684,8609]",Missing QC,True,8376.0,Stroma,20.0
"BLASST|BT|[62098,10086]",BLASST,BT,BLASST,TURBT,"[62098,10086]",Missing QC,True,10924.0,Stroma,96.68659438646266
"BLASST|BT|[62467,13411]",BLASST,BT,BLASST,TURBT,"[62467,13411]",Missing QC,True,9316.0,Stroma,69.23770409696483
"BLASST|BT|[62636,8559]",BLASST,BT,BLASST,TURBT,"[62636,8559]",Missing QC,True,12420.0,Stroma,86.54334790120947
"BLASST|BT|[63018,13037]",BLASST,BT,BLASST,TURBT,"[63018,13037]",Missing QC,True,13332.0,Stroma,98.67062184135355
"BLASST|BT|[63436,9811]",BLASST,BT,BLASST,TURBT,"[63436,9811]",Missing QC,True,8644.0,Stroma,91.10089826613746
"BLASST|BT|[63473,13069]",BLASST,BT,BLASST,TURBT,"[63473,13069]",Missing QC,True,7156.0,Stroma,99.24692826000793
"BLASST|BT|[64301,14063]",BLASST,BT,BLASST,TURBT,"[64301,14063]",Missing QC,True,8012.0,Stroma,27.04276249749046
"BLASST|BT|[36415,18472]",BLASST,BT,BLASST,RC,"[36415,18472]",Missing QC,True,8740.0,Epi,40.40838259000537
"BLASST|BT|[36799,13595]",BLASST,BT,BLASST,RC,"[36799,13595]",Missing QC,True,8044.0,Epi,13.348200063714561
"BLASST|BT|[38638,16125]",BLASST,BT,BLASST,RC,"[38638,16125]",Missing QC,True,6232.0,Epi,17.827354034770373
"BLASST|BT|[38915,13069]",BLASST,BT,BLASST,RC,"[38915,13069]",Missing QC,True,7892.0,Epi,14.636345421759167
"BLASST|BT|[39151,18881]",BLASST,BT,BLASST,RC,"[39151,18881]",Missing QC,True,988.0,Epi,6.8316831683168315
"BLASST|BT|[39726,12091]",BLASST,BT,BLASST,RC,"[39726,12091]",Missing QC,True,8492.0,Epi,20.84324610097806
"BLASST|BT|[40048,22803]",BLASST,BT,BLASST,RC,"[40048,22803]",Missing QC,True,7424.0,Epi,9.476861167002012
"BLASST|BT|[40732,12182]",BLASST,BT,BLASST,RC,"[40732,12182]",Missing QC,True,6308.0,Epi,59.21957137080469
"BLASST|BT|[40769,8220]",BLASST,BT,BLASST,RC,"[40769,8220]",Missing QC,True,5724.0,Epi,31.311607322470326
"BLASST|BT|[41059,18452]",BLASST,BT,BLASST,RC,"[41059,18452]",Missing QC,True,6676.0,Epi,0.6207324643078833
"BLASST|BT|[41448,5400]",BLASST,BT,BLASST,RC,"[41448,5400]",Missing QC,True,7616.0,Epi,62.11
"BLASST|BT|[41557,22434]",BLASST,BT,BLASST,RC,"[41557,22434]",Missing QC,True,7216.0,Epi,0.0
"BLASST|BT|[41679,11134]",BLASST,BT,BLASST,RC,"[41679,11134]",Missing QC,True,4576.0,Epi,37.18741219443664
"BLASST|BT|[41852,10621]",BLASST,BT,BLASST,RC,"[41852,10621]",Missing QC,True,8652.0,Epi,16.313835657670314
"BLASST|BT|[41954,10514]",BLASST,BT,BLASST,RC,"[41954,10514]",Missing QC,True,2972.0,Epi,5.808080808080808
"BLASST|BT|[41973,14621]",BLASST,BT,BLASST,RC,"[41973,14621]",Missing QC,True,6600.0,Epi,35.542107917297024
"BLASST|BT|[42506,18053]",BLASST,BT,BLASST,RC,"[42506,18053]",Missing QC,True,10076.0,Epi,17.84
"BLASST|BT|[42561,16202]",BLASST,BT,BLASST,RC,"[42561,16202]",Missing QC,True,8636.0,Epi,75.79
"BLASST|BT|[42729,8777]",BLASST,BT,BLASST,RC,"[42729,8777]",Missing QC,True,8132.0,Epi,44.676988788040575
"BLASST|BT|[42950,13396]",BLASST,BT,BLASST,RC,"[42950,13396]",Missing QC,True,6224.0,Epi,0.6974997317308723
"BLASST|BT|[43039,12703]",BLASST,BT,BLASST,RC,"[43039,12703]",Missing QC,True,4676.0,Epi,13.847144697294976
"BLASST|BT|[43156,20385]",BLASST,BT,BLASST,RC,"[43156,20385]",Missing QC,True,6336.0,Epi,31.910630197375013
"BLASST|BT|[43584,13585]",BLASST,BT,BLASST,RC,"[43584,13585]",Missing QC,True,9304.0,Epi,60.08411776487082
"BLASST|BT|[43906,21227]",BLASST,BT,BLASST,RC,"[43906,21227]",Missing QC,True,3212.0,Epi,1.6489281966721634
"BLASST|BT|[43991,7868]",BLASST,BT,BLASST,RC,"[43991,7868]",Missing QC,True,6420.0,Epi,9.01156890602801
"BLASST|BT|[44196,5548]",BLASST,BT,BLASST,RC,"[44196,5548]",Missing QC,True,4060.0,Epi,0.05165956347668862
"BLASST|BT|[44717,16710]",BLASST,BT,BLASST,RC,"[44717,16710]",Missing QC,True,9240.0,Epi,84.89237577952122
"BLASST|BT|[45118,21059]",BLASST,BT,BLASST,RC,"[45118,21059]",Missing QC,True,6208.0,Epi,0.5349276274386406
"BLASST|BT|[45215,16407]",BLASST,BT,BLASST,RC,"[45215,16407]",Missing QC,True,3900.0,Epi,0.14523369421705837
"BLASST|BT|[45299,18028]",BLASST,BT,BLASST,RC,"[45299,18028]",Missing QC,True,10244.0,Epi,23.19148936170213
"BLASST|BT|[45311,15002]",BLASST,BT,BLASST,RC,"[45311,15002]",Missing QC,True,6824.0,Epi,31.50125628140703
"BLASST|BT|[45376,10656]",BLASST,BT,BLASST,RC,"[45376,10656]",Missing QC,True,5188.0,Epi,0.046598322460391424
"BLASST|BT|[46127,4133]",BLASST,BT,BLASST,RC,"[46127,4133]",Missing QC,True,5836.0,Epi,23.101381924911333
"BLASST|BT|[46174,10076]",BLASST,BT,BLASST,RC,"[46174,10076]",Missing QC,True,6648.0,Epi,43.75898418782942
"BLASST|BT|[46214,4458]",BLASST,BT,BLASST,RC,"[46214,4458]",Missing QC,True,6772.0,Epi,36.87951664494728
"BLASST|BT|[46342,11052]",BLASST,BT,BLASST,RC,"[46342,11052]",Missing QC,True,10684.0,Epi,0.034530386740331494
"BLASST|BT|[46377,5127]",BLASST,BT,BLASST,RC,"[46377,5127]",Missing QC,True,6948.0,Epi,85.63563563563564
"BLASST|BT|[46674,12958]",BLASST,BT,BLASST,RC,"[46674,12958]",Missing QC,True,9508.0,Epi,28.47243145525761
"BLASST|BT|[46692,19795]",BLASST,BT,BLASST,RC,"[46692,19795]",Missing QC,True,7872.0,Epi,51.67154832845168
"BLASST|BT|[47002,21084]",BLASST,BT,BLASST,RC,"[47002,21084]",Missing QC,True,8720.0,Epi,14.323021293692246
"BLASST|BT|[47049,13620]",BLASST,BT,BLASST,RC,"[47049,13620]",Missing QC,True,3636.0,Epi,0.9400084495141529
"BLASST|BT|[47190,18744]",BLASST,BT,BLASST,RC,"[47190,18744]",Missing QC,True,8200.0,Epi,24.90713783756651
"BLASST|BT|[47247,21289]",BLASST,BT,BLASST,RC,"[47247,21289]",Missing QC,True,7580.0,Epi,45.31954117165096
"BLASST|BT|[47378,9595]",BLASST,BT,BLASST,RC,"[47378,9595]",Missing QC,True,9008.0,Epi,8.413461538461538
"BLASST|BT|[47391,10671]",BLASST,BT,BLASST,RC,"[47391,10671]",Missing QC,True,4948.0,Epi,39.93473383642667
"BLASST|BT|[47586,10282]",BLASST,BT,BLASST,RC,"[47586,10282]",Missing QC,True,4856.0,Epi,3.9364391477067535
"BLASST|BT|[47646,5219]",BLASST,BT,BLASST,RC,"[47646,5219]",Missing QC,True,6220.0,Epi,8.001882795951989
"BLASST|BT|[47688,18714]",BLASST,BT,BLASST,RC,"[47688,18714]",Missing QC,True,2956.0,Epi,0.0852151682999574
"BLASST|BT|[47700,22526]",BLASST,BT,BLASST,RC,"[47700,22526]",Missing QC,True,2992.0,Epi,12.555246357832704
"BLASST|BT|[47827,7278]",BLASST,BT,BLASST,RC,"[47827,7278]",Missing QC,True,4840.0,Epi,23.168521874191043
"BLASST|BT|[47891,16051]",BLASST,BT,BLASST,RC,"[47891,16051]",Missing QC,True,2612.0,Epi,0.034002040122407345
"BLASST|BT|[47909,19292]",BLASST,BT,BLASST,RC,"[47909,19292]",Missing QC,True,4796.0,Epi,0.8668664383561644
"BLASST|BT|[47990,21706]",BLASST,BT,BLASST,RC,"[47990,21706]",Missing QC,True,6040.0,Epi,16.85754189944134
"BLASST|BT|[48154,21790]",BLASST,BT,BLASST,RC,"[48154,21790]",Missing QC,True,4720.0,Epi,28.2845767699498
"BLASST|BT|[48347,17894]",BLASST,BT,BLASST,RC,"[48347,17894]",Missing QC,True,6936.0,Epi,44.98936062417672
"BLASST|BT|[48419,14658]",BLASST,BT,BLASST,RC,"[48419,14658]",Missing QC,True,7844.0,Epi,36.35627530364372
"BLASST|BT|[48962,12549]",BLASST,BT,BLASST,RC,"[48962,12549]",Missing QC,True,9080.0,Epi,17.72007861797869
"BLASST|BT|[49021,8668]",BLASST,BT,BLASST,RC,"[49021,8668]",Missing QC,True,7924.0,Epi,12.367572547213268
"BLASST|BT|[49177,5360]",BLASST,BT,BLASST,RC,"[49177,5360]",Missing QC,True,7596.0,Epi,0.3191974464204287
"BLASST|BT|[49185,7855]",BLASST,BT,BLASST,RC,"[49185,7855]",Missing QC,True,10824.0,Epi,2.601477882376759
"BLASST|BT|[49319,15865]",BLASST,BT,BLASST,RC,"[49319,15865]",Missing QC,True,7852.0,Epi,6.887317909168808
"BLASST|BT|[49368,8678]",BLASST,BT,BLASST,RC,"[49368,8678]",Missing QC,True,7260.0,Epi,61.598067827312065
"BLASST|BT|[49460,9935]",BLASST,BT,BLASST,RC,"[49460,9935]",Missing QC,True,6216.0,Epi,6.5678814577493
"BLASST|BT|[49514,8046]",BLASST,BT,BLASST,RC,"[49514,8046]",Missing QC,True,4688.0,Epi,3.4804539722572505
"BLASST|BT|[49908,17518]",BLASST,BT,BLASST,RC,"[49908,17518]",Missing QC,True,6220.0,Epi,27.793022344178752
"BLASST|BT|[49936,12633]",BLASST,BT,BLASST,RC,"[49936,12633]",Missing QC,True,9504.0,Epi,20.162174008327852
"BLASST|BT|[50109,10006]",BLASST,BT,BLASST,RC,"[50109,10006]",Missing QC,True,6956.0,Epi,9.590336134453784
"BLASST|BT|[50149,12016]",BLASST,BT,BLASST,RC,"[50149,12016]",Missing QC,True,8856.0,Epi,26.91841680129241
"BLASST|BT|[50369,17307]",BLASST,BT,BLASST,RC,"[50369,17307]",Missing QC,True,6884.0,Epi,2.2987351937361975
"BLASST|BT|[50525,10103]",BLASST,BT,BLASST,RC,"[50525,10103]",Missing QC,True,3744.0,Epi,11.260014566642388
"BLASST|BT|[51068,14995]",BLASST,BT,BLASST,RC,"[51068,14995]",Missing QC,True,10572.0,Epi,10.608677979880094
"BLASST|BT|[51098,8029]",BLASST,BT,BLASST,RC,"[51098,8029]",Missing QC,True,9144.0,Epi,11.792656587473001
"BLASST|BT|[51209,19307]",BLASST,BT,BLASST,RC,"[51209,19307]",Missing QC,True,4172.0,Epi,18.690095846645367
"BLASST|BT|[51509,12621]",BLASST,BT,BLASST,RC,"[51509,12621]",Missing QC,True,5272.0,Epi,2.885682574916759
"BLASST|BT|[51564,18655]",BLASST,BT,BLASST,RC,"[51564,18655]",Missing QC,True,4808.0,Epi,0.21559468199784404
"BLASST|BT|[51616,19520]",BLASST,BT,BLASST,RC,"[51616,19520]",Missing QC,True,5804.0,Epi,10.742164744261915
"BLASST|BT|[52077,5759]",BLASST,BT,BLASST,RC,"[52077,5759]",Missing QC,True,8636.0,Epi,14.494074749316317
"BLASST|BT|[52149,9446]",BLASST,BT,BLASST,RC,"[52149,9446]",Missing QC,True,6304.0,Epi,0.07036059806508355
"BLASST|BT|[52315,18125]",BLASST,BT,BLASST,RC,"[52315,18125]",Missing QC,True,5924.0,Epi,0.27925869510027923
"BLASST|BT|[52741,17902]",BLASST,BT,BLASST,RC,"[52741,17902]",Missing QC,True,6252.0,Epi,2.950924836950711
"BLASST|BT|[52902,8329]",BLASST,BT,BLASST,RC,"[52902,8329]",Missing QC,True,9560.0,Epi,9.86815415821501
"BLASST|BT|[52942,10668]",BLASST,BT,BLASST,RC,"[52942,10668]",Missing QC,True,6956.0,Epi,43.79642642039751
"BLASST|BT|[53028,10118]",BLASST,BT,BLASST,RC,"[53028,10118]",Missing QC,True,8868.0,Epi,14.463786804212337
"BLASST|BT|[53063,17042]",BLASST,BT,BLASST,RC,"[53063,17042]",Missing QC,True,6892.0,Epi,32.415683470384934
"BLASST|BT|[53298,17872]",BLASST,BT,BLASST,RC,"[53298,17872]",Missing QC,True,4124.0,Epi,1.4219202214672202
"BLASST|BT|[53806,16043]",BLASST,BT,BLASST,RC,"[53806,16043]",Missing QC,True,1712.0,Epi,0.5657093124456049
"BLASST|BT|[53915,12722]",BLASST,BT,BLASST,RC,"[53915,12722]",Missing QC,True,6540.0,Epi,30.995893223819305
"BLASST|BT|[54376,19944]",BLASST,BT,BLASST,RC,"[54376,19944]",Missing QC,True,3516.0,Epi,5.191256830601093
"BLASST|BT|[54391,6562]",BLASST,BT,BLASST,RC,"[54391,6562]",Missing QC,True,6104.0,Epi,3.0096183679801425
"BLASST|BT|[54463,20687]",BLASST,BT,BLASST,RC,"[54463,20687]",Missing QC,True,6316.0,Epi,1.491064576252604
"BLASST|BT|[54490,7759]",BLASST,BT,BLASST,RC,"[54490,7759]",Missing QC,True,7788.0,Epi,0.6820214669051878
"BLASST|BT|[54602,5335]",BLASST,BT,BLASST,RC,"[54602,5335]",Missing QC,True,4912.0,Epi,0.7575757575757576
"BLASST|BT|[54646,15419]",BLASST,BT,BLASST,RC,"[54646,15419]",Missing QC,True,7804.0,Epi,14.969271290605795
"BLASST|BT|[54798,17518]",BLASST,BT,BLASST,RC,"[54798,17518]",Missing QC,True,4592.0,Epi,34.148681055155876
"BLASST|BT|[54857,5972]",BLASST,BT,BLASST,RC,"[54857,5972]",Missing QC,True,8784.0,Epi,24.553161066285366
"BLASST|BT|[55472,7521]",BLASST,BT,BLASST,RC,"[55472,7521]",Missing QC,True,5684.0,Epi,3.7722419928825626
"BLASST|BT|[55553,8448]",BLASST,BT,BLASST,RC,"[55553,8448]",Missing QC,True,8244.0,Epi,3.653749370910921
"BLASST|BT|[55566,12760]",BLASST,BT,BLASST,RC,"[55566,12760]",Missing QC,True,9104.0,Epi,35.065989847715734
"BLASST|BT|[55586,11245]",BLASST,BT,BLASST,RC,"[55586,11245]",Missing QC,True,6760.0,Epi,2.916666666666667
"BLASST|BT|[55655,17304]",BLASST,BT,BLASST,RC,"[55655,17304]",Missing QC,True,2600.0,Epi,8.107795512375665
"BLASST|BT|[55737,11627]",BLASST,BT,BLASST,RC,"[55737,11627]",Missing QC,True,10380.0,Epi,65.66094853683148
"BLASST|BT|[55908,13622]",BLASST,BT,BLASST,RC,"[55908,13622]",Missing QC,True,10156.0,Epi,15.72564207093355
"BLASST|BT|[55967,6844]",BLASST,BT,BLASST,RC,"[55967,6844]",Missing QC,True,7284.0,Epi,40.84408440844084
"BLASST|BT|[56148,21222]",BLASST,BT,BLASST,RC,"[56148,21222]",Missing QC,True,4828.0,Epi,20.20942408376963
"BLASST|BT|[56361,18682]",BLASST,BT,BLASST,RC,"[56361,18682]",Missing QC,True,2148.0,Epi,1.1627906976744187
"BLASST|BT|[56451,18645]",BLASST,BT,BLASST,RC,"[56451,18645]",Missing QC,True,5864.0,Epi,0.30354541039339483
"BLASST|BT|[56540,11067]",BLASST,BT,BLASST,RC,"[56540,11067]",Missing QC,True,3152.0,Epi,8.66938775510204
"BLASST|BT|[56661,16591]",BLASST,BT,BLASST,RC,"[56661,16591]",Missing QC,True,4200.0,Epi,18.638466622604096
"BLASST|BT|[56743,20298]",BLASST,BT,BLASST,RC,"[56743,20298]",Missing QC,True,4052.0,Epi,2.3669240146282
"BLASST|BT|[56780,17627]",BLASST,BT,BLASST,RC,"[56780,17627]",Missing QC,True,3804.0,Epi,0.08846947803007961
"BLASST|BT|[56827,10705]",BLASST,BT,BLASST,RC,"[56827,10705]",Missing QC,True,4632.0,Epi,7.963014076731991
"BLASST|BT|[56835,14643]",BLASST,BT,BLASST,RC,"[56835,14643]",Missing QC,True,3904.0,Epi,1.725644386194845
"BLASST|BT|[57060,6435]",BLASST,BT,BLASST,RC,"[57060,6435]",Missing QC,True,9216.0,Epi,7.054026503567787
"BLASST|BT|[57214,11407]",BLASST,BT,BLASST,RC,"[57214,11407]",Missing QC,True,3548.0,Epi,4.948230195039731
"BLASST|BT|[57437,4490]",BLASST,BT,BLASST,RC,"[57437,4490]",Missing QC,True,3572.0,Epi,0.08780916142250841
"BLASST|BT|[58076,11129]",BLASST,BT,BLASST,RC,"[58076,11129]",Missing QC,True,5784.0,Epi,7.969483568075117
"BLASST|BT|[59908,5343]",BLASST,BT,BLASST,RC,"[59908,5343]",Missing QC,True,12944.0,Epi,0.5092802172928927
"BLASST|BT|[60302,13912]",BLASST,BT,BLASST,RC,"[60302,13912]",Missing QC,True,6092.0,Epi,18.33676975945017
"BLASST|BT|[60534,9558]",BLASST,BT,BLASST,RC,"[60534,9558]",Missing QC,True,4020.0,Epi,21.801877539582456
"BLASST|BT|[60909,17874]",BLASST,BT,BLASST,RC,"[60909,17874]",Missing QC,True,3896.0,Epi,7.869166552620776
"BLASST|BT|[61129,13283]",BLASST,BT,BLASST,RC,"[61129,13283]",Missing QC,True,6696.0,Epi,15.640262060750448
"BLASST|BT|[61888,12812]",BLASST,BT,BLASST,RC,"[61888,12812]",Missing QC,True,7124.0,Epi,29.82343085449156
"BLASST|BT|[62467,15317]",BLASST,BT,BLASST,RC,"[62467,15317]",Missing QC,True,5920.0,Epi,0.20313406848520024
"BLASST|BT|[62611,7352]",BLASST,BT,BLASST,RC,"[62611,7352]",Missing QC,True,3144.0,Epi,0.06487889273356401
"BLASST|BT|[63255,11962]",BLASST,BT,BLASST,RC,"[63255,11962]",Missing QC,True,6032.0,Epi,29.052159282108807
"BLASST|BT|[63788,21453]",BLASST,BT,BLASST,RC,"[63788,21453]",Missing QC,True,4224.0,Epi,0.8180628272251309
"BLASST|BT|[66224,13991]",BLASST,BT,BLASST,RC,"[66224,13991]",Missing QC,True,7724.0,Epi,0.0363460140537921
"BLASST|BT|[36415,18472]",BLASST,BT,BLASST,RC,"[36415,18472]",Missing QC,True,8740.0,Stroma,59.59161740999462
"BLASST|BT|[36799,13595]",BLASST,BT,BLASST,RC,"[36799,13595]",Missing QC,True,8044.0,Stroma,86.65179993628544
"BLASST|BT|[38638,16125]",BLASST,BT,BLASST,RC,"[38638,16125]",Missing QC,True,6232.0,Stroma,82.17264596522963
"BLASST|BT|[38915,13069]",BLASST,BT,BLASST,RC,"[38915,13069]",Missing QC,True,7892.0,Stroma,85.36365457824084
"BLASST|BT|[39151,18881]",BLASST,BT,BLASST,RC,"[39151,18881]",Missing QC,True,988.0,Stroma,93.16831683168317
"BLASST|BT|[39726,12091]",BLASST,BT,BLASST,RC,"[39726,12091]",Missing QC,True,8492.0,Stroma,79.15675389902195
"BLASST|BT|[40048,22803]",BLASST,BT,BLASST,RC,"[40048,22803]",Missing QC,True,7424.0,Stroma,90.52313883299799
"BLASST|BT|[40732,12182]",BLASST,BT,BLASST,RC,"[40732,12182]",Missing QC,True,6308.0,Stroma,40.78042862919531
"BLASST|BT|[40769,8220]",BLASST,BT,BLASST,RC,"[40769,8220]",Missing QC,True,5724.0,Stroma,68.68839267752968
"BLASST|BT|[41059,18452]",BLASST,BT,BLASST,RC,"[41059,18452]",Missing QC,True,6676.0,Stroma,99.37926753569212
"BLASST|BT|[41448,5400]",BLASST,BT,BLASST,RC,"[41448,5400]",Missing QC,True,7616.0,Stroma,37.89
"BLASST|BT|[41557,22434]",BLASST,BT,BLASST,RC,"[41557,22434]",Missing QC,True,7216.0,Stroma,100.0
"BLASST|BT|[41679,11134]",BLASST,BT,BLASST,RC,"[41679,11134]",Missing QC,True,4576.0,Stroma,62.81258780556335
"BLASST|BT|[41852,10621]",BLASST,BT,BLASST,RC,"[41852,10621]",Missing QC,True,8652.0,Stroma,83.68616434232969
"BLASST|BT|[41954,10514]",BLASST,BT,BLASST,RC,"[41954,10514]",Missing QC,True,2972.0,Stroma,94.1919191919192
"BLASST|BT|[41973,14621]",BLASST,BT,BLASST,RC,"[41973,14621]",Missing QC,True,6600.0,Stroma,64.45789208270297
"BLASST|BT|[42506,18053]",BLASST,BT,BLASST,RC,"[42506,18053]",Missing QC,True,10076.0,Stroma,82.16
"BLASST|BT|[42561,16202]",BLASST,BT,BLASST,RC,"[42561,16202]",Missing QC,True,8636.0,Stroma,24.21
"BLASST|BT|[42729,8777]",BLASST,BT,BLASST,RC,"[42729,8777]",Missing QC,True,8132.0,Stroma,55.32301121195942
"BLASST|BT|[42950,13396]",BLASST,BT,BLASST,RC,"[42950,13396]",Missing QC,True,6224.0,Stroma,99.30250026826911
"BLASST|BT|[43039,12703]",BLASST,BT,BLASST,RC,"[43039,12703]",Missing QC,True,4676.0,Stroma,86.15285530270502
"BLASST|BT|[43156,20385]",BLASST,BT,BLASST,RC,"[43156,20385]",Missing QC,True,6336.0,Stroma,68.08936980262497
"BLASST|BT|[43584,13585]",BLASST,BT,BLASST,RC,"[43584,13585]",Missing QC,True,9304.0,Stroma,39.91588223512918
"BLASST|BT|[43906,21227]",BLASST,BT,BLASST,RC,"[43906,21227]",Missing QC,True,3212.0,Stroma,98.35107180332784
"BLASST|BT|[43991,7868]",BLASST,BT,BLASST,RC,"[43991,7868]",Missing QC,True,6420.0,Stroma,90.988431093972
"BLASST|BT|[44196,5548]",BLASST,BT,BLASST,RC,"[44196,5548]",Missing QC,True,4060.0,Stroma,99.9483404365233
"BLASST|BT|[44717,16710]",BLASST,BT,BLASST,RC,"[44717,16710]",Missing QC,True,9240.0,Stroma,15.107624220478776
"BLASST|BT|[45118,21059]",BLASST,BT,BLASST,RC,"[45118,21059]",Missing QC,True,6208.0,Stroma,99.46507237256135
"BLASST|BT|[45215,16407]",BLASST,BT,BLASST,RC,"[45215,16407]",Missing QC,True,3900.0,Stroma,99.85476630578295
"BLASST|BT|[45299,18028]",BLASST,BT,BLASST,RC,"[45299,18028]",Missing QC,True,10244.0,Stroma,76.80851063829788
"BLASST|BT|[45311,15002]",BLASST,BT,BLASST,RC,"[45311,15002]",Missing QC,True,6824.0,Stroma,68.49874371859296
"BLASST|BT|[45376,10656]",BLASST,BT,BLASST,RC,"[45376,10656]",Missing QC,True,5188.0,Stroma,99.9534016775396
"BLASST|BT|[46127,4133]",BLASST,BT,BLASST,RC,"[46127,4133]",Missing QC,True,5836.0,Stroma,76.89861807508865
"BLASST|BT|[46174,10076]",BLASST,BT,BLASST,RC,"[46174,10076]",Missing QC,True,6648.0,Stroma,56.24101581217058
"BLASST|BT|[46214,4458]",BLASST,BT,BLASST,RC,"[46214,4458]",Missing QC,True,6772.0,Stroma,63.12048335505272
"BLASST|BT|[46342,11052]",BLASST,BT,BLASST,RC,"[46342,11052]",Missing QC,True,10684.0,Stroma,99.96546961325967
"BLASST|BT|[46377,5127]",BLASST,BT,BLASST,RC,"[46377,5127]",Missing QC,True,6948.0,Stroma,14.364364364364366
"BLASST|BT|[46674,12958]",BLASST,BT,BLASST,RC,"[46674,12958]",Missing QC,True,9508.0,Stroma,71.5275685447424
"BLASST|BT|[46692,19795]",BLASST,BT,BLASST,RC,"[46692,19795]",Missing QC,True,7872.0,Stroma,48.328451671548336
"BLASST|BT|[47002,21084]",BLASST,BT,BLASST,RC,"[47002,21084]",Missing QC,True,8720.0,Stroma,85.67697870630775
"BLASST|BT|[47049,13620]",BLASST,BT,BLASST,RC,"[47049,13620]",Missing QC,True,3636.0,Stroma,99.05999155048583
"BLASST|BT|[47190,18744]",BLASST,BT,BLASST,RC,"[47190,18744]",Missing QC,True,8200.0,Stroma,75.09286216243349
"BLASST|BT|[47247,21289]",BLASST,BT,BLASST,RC,"[47247,21289]",Missing QC,True,7580.0,Stroma,54.68045882834904
"BLASST|BT|[47378,9595]",BLASST,BT,BLASST,RC,"[47378,9595]",Missing QC,True,9008.0,Stroma,91.58653846153845
"BLASST|BT|[47391,10671]",BLASST,BT,BLASST,RC,"[47391,10671]",Missing QC,True,4948.0,Stroma,60.06526616357332
"BLASST|BT|[47586,10282]",BLASST,BT,BLASST,RC,"[47586,10282]",Missing QC,True,4856.0,Stroma,96.06356085229325
"BLASST|BT|[47646,5219]",BLASST,BT,BLASST,RC,"[47646,5219]",Missing QC,True,6220.0,Stroma,91.99811720404801
"BLASST|BT|[47688,18714]",BLASST,BT,BLASST,RC,"[47688,18714]",Missing QC,True,2956.0,Stroma,99.91478483170005
"BLASST|BT|[47700,22526]",BLASST,BT,BLASST,RC,"[47700,22526]",Missing QC,True,2992.0,Stroma,87.44475364216729
"BLASST|BT|[47827,7278]",BLASST,BT,BLASST,RC,"[47827,7278]",Missing QC,True,4840.0,Stroma,76.83147812580897
"BLASST|BT|[47891,16051]",BLASST,BT,BLASST,RC,"[47891,16051]",Missing QC,True,2612.0,Stroma,99.9659979598776
"BLASST|BT|[47909,19292]",BLASST,BT,BLASST,RC,"[47909,19292]",Missing QC,True,4796.0,Stroma,99.13313356164383
"BLASST|BT|[47990,21706]",BLASST,BT,BLASST,RC,"[47990,21706]",Missing QC,True,6040.0,Stroma,83.14245810055867
"BLASST|BT|[48154,21790]",BLASST,BT,BLASST,RC,"[48154,21790]",Missing QC,True,4720.0,Stroma,71.7154232300502
"BLASST|BT|[48347,17894]",BLASST,BT,BLASST,RC,"[48347,17894]",Missing QC,True,6936.0,Stroma,55.01063937582329
"BLASST|BT|[48419,14658]",BLASST,BT,BLASST,RC,"[48419,14658]",Missing QC,True,7844.0,Stroma,63.643724696356266
"BLASST|BT|[48962,12549]",BLASST,BT,BLASST,RC,"[48962,12549]",Missing QC,True,9080.0,Stroma,82.27992138202131
"BLASST|BT|[49021,8668]",BLASST,BT,BLASST,RC,"[49021,8668]",Missing QC,True,7924.0,Stroma,87.63242745278673
"BLASST|BT|[49177,5360]",BLASST,BT,BLASST,RC,"[49177,5360]",Missing QC,True,7596.0,Stroma,99.68080255357957
"BLASST|BT|[49185,7855]",BLASST,BT,BLASST,RC,"[49185,7855]",Missing QC,True,10824.0,Stroma,97.39852211762324
"BLASST|BT|[49319,15865]",BLASST,BT,BLASST,RC,"[49319,15865]",Missing QC,True,7852.0,Stroma,93.11268209083117
"BLASST|BT|[49368,8678]",BLASST,BT,BLASST,RC,"[49368,8678]",Missing QC,True,7260.0,Stroma,38.40193217268793
"BLASST|BT|[49460,9935]",BLASST,BT,BLASST,RC,"[49460,9935]",Missing QC,True,6216.0,Stroma,93.4321185422507
"BLASST|BT|[49514,8046]",BLASST,BT,BLASST,RC,"[49514,8046]",Missing QC,True,4688.0,Stroma,96.51954602774275
"BLASST|BT|[49908,17518]",BLASST,BT,BLASST,RC,"[49908,17518]",Missing QC,True,6220.0,Stroma,72.20697765582125
"BLASST|BT|[49936,12633]",BLASST,BT,BLASST,RC,"[49936,12633]",Missing QC,True,9504.0,Stroma,79.83782599167215
"BLASST|BT|[50109,10006]",BLASST,BT,BLASST,RC,"[50109,10006]",Missing QC,True,6956.0,Stroma,90.40966386554624
"BLASST|BT|[50149,12016]",BLASST,BT,BLASST,RC,"[50149,12016]",Missing QC,True,8856.0,Stroma,73.0815831987076
"BLASST|BT|[50369,17307]",BLASST,BT,BLASST,RC,"[50369,17307]",Missing QC,True,6884.0,Stroma,97.7012648062638
"BLASST|BT|[50525,10103]",BLASST,BT,BLASST,RC,"[50525,10103]",Missing QC,True,3744.0,Stroma,88.7399854333576
"BLASST|BT|[51068,14995]",BLASST,BT,BLASST,RC,"[51068,14995]",Missing QC,True,10572.0,Stroma,89.39132202011992
"BLASST|BT|[51098,8029]",BLASST,BT,BLASST,RC,"[51098,8029]",Missing QC,True,9144.0,Stroma,88.207343412527
"BLASST|BT|[51209,19307]",BLASST,BT,BLASST,RC,"[51209,19307]",Missing QC,True,4172.0,Stroma,81.30990415335462
"BLASST|BT|[51509,12621]",BLASST,BT,BLASST,RC,"[51509,12621]",Missing QC,True,5272.0,Stroma,97.11431742508324
"BLASST|BT|[51564,18655]",BLASST,BT,BLASST,RC,"[51564,18655]",Missing QC,True,4808.0,Stroma,99.78440531800214
"BLASST|BT|[51616,19520]",BLASST,BT,BLASST,RC,"[51616,19520]",Missing QC,True,5804.0,Stroma,89.25783525573809
"BLASST|BT|[52077,5759]",BLASST,BT,BLASST,RC,"[52077,5759]",Missing QC,True,8636.0,Stroma,85.50592525068367
"BLASST|BT|[52149,9446]",BLASST,BT,BLASST,RC,"[52149,9446]",Missing QC,True,6304.0,Stroma,99.92963940193492
"BLASST|BT|[52315,18125]",BLASST,BT,BLASST,RC,"[52315,18125]",Missing QC,True,5924.0,Stroma,99.72074130489972
"BLASST|BT|[52741,17902]",BLASST,BT,BLASST,RC,"[52741,17902]",Missing QC,True,6252.0,Stroma,97.04907516304928
"BLASST|BT|[52902,8329]",BLASST,BT,BLASST,RC,"[52902,8329]",Missing QC,True,9560.0,Stroma,90.13184584178498
"BLASST|BT|[52942,10668]",BLASST,BT,BLASST,RC,"[52942,10668]",Missing QC,True,6956.0,Stroma,56.203573579602484
"BLASST|BT|[53028,10118]",BLASST,BT,BLASST,RC,"[53028,10118]",Missing QC,True,8868.0,Stroma,85.53621319578765
"BLASST|BT|[53063,17042]",BLASST,BT,BLASST,RC,"[53063,17042]",Missing QC,True,6892.0,Stroma,67.58431652961507
"BLASST|BT|[53298,17872]",BLASST,BT,BLASST,RC,"[53298,17872]",Missing QC,True,4124.0,Stroma,98.57807977853278
"BLASST|BT|[53806,16043]",BLASST,BT,BLASST,RC,"[53806,16043]",Missing QC,True,1712.0,Stroma,99.4342906875544
"BLASST|BT|[53915,12722]",BLASST,BT,BLASST,RC,"[53915,12722]",Missing QC,True,6540.0,Stroma,69.00410677618069
"BLASST|BT|[54376,19944]",BLASST,BT,BLASST,RC,"[54376,19944]",Missing QC,True,3516.0,Stroma,94.80874316939891
"BLASST|BT|[54391,6562]",BLASST,BT,BLASST,RC,"[54391,6562]",Missing QC,True,6104.0,Stroma,96.99038163201985
"BLASST|BT|[54463,20687]",BLASST,BT,BLASST,RC,"[54463,20687]",Missing QC,True,6316.0,Stroma,98.5089354237474
"BLASST|BT|[54490,7759]",BLASST,BT,BLASST,RC,"[54490,7759]",Missing QC,True,7788.0,Stroma,99.31797853309482
"BLASST|BT|[54602,5335]",BLASST,BT,BLASST,RC,"[54602,5335]",Missing QC,True,4912.0,Stroma,99.24242424242424
"BLASST|BT|[54646,15419]",BLASST,BT,BLASST,RC,"[54646,15419]",Missing QC,True,7804.0,Stroma,85.0307287093942
"BLASST|BT|[54798,17518]",BLASST,BT,BLASST,RC,"[54798,17518]",Missing QC,True,4592.0,Stroma,65.85131894484412
"BLASST|BT|[54857,5972]",BLASST,BT,BLASST,RC,"[54857,5972]",Missing QC,True,8784.0,Stroma,75.44683893371464
"BLASST|BT|[55472,7521]",BLASST,BT,BLASST,RC,"[55472,7521]",Missing QC,True,5684.0,Stroma,96.22775800711744
"BLASST|BT|[55553,8448]",BLASST,BT,BLASST,RC,"[55553,8448]",Missing QC,True,8244.0,Stroma,96.34625062908908
"BLASST|BT|[55566,12760]",BLASST,BT,BLASST,RC,"[55566,12760]",Missing QC,True,9104.0,Stroma,64.93401015228426
"BLASST|BT|[55586,11245]",BLASST,BT,BLASST,RC,"[55586,11245]",Missing QC,True,6760.0,Stroma,97.08333333333334
"BLASST|BT|[55655,17304]",BLASST,BT,BLASST,RC,"[55655,17304]",Missing QC,True,2600.0,Stroma,91.89220448762433
"BLASST|BT|[55737,11627]",BLASST,BT,BLASST,RC,"[55737,11627]",Missing QC,True,10380.0,Stroma,34.339051463168516
"BLASST|BT|[55908,13622]",BLASST,BT,BLASST,RC,"[55908,13622]",Missing QC,True,10156.0,Stroma,84.27435792906644
"BLASST|BT|[55967,6844]",BLASST,BT,BLASST,RC,"[55967,6844]",Missing QC,True,7284.0,Stroma,59.15591559155915
"BLASST|BT|[56148,21222]",BLASST,BT,BLASST,RC,"[56148,21222]",Missing QC,True,4828.0,Stroma,79.79057591623035
"BLASST|BT|[56361,18682]",BLASST,BT,BLASST,RC,"[56361,18682]",Missing QC,True,2148.0,Stroma,98.83720930232559
"BLASST|BT|[56451,18645]",BLASST,BT,BLASST,RC,"[56451,18645]",Missing QC,True,5864.0,Stroma,99.6964545896066
"BLASST|BT|[56540,11067]",BLASST,BT,BLASST,RC,"[56540,11067]",Missing QC,True,3152.0,Stroma,91.33061224489796
"BLASST|BT|[56661,16591]",BLASST,BT,BLASST,RC,"[56661,16591]",Missing QC,True,4200.0,Stroma,81.3615333773959
"BLASST|BT|[56743,20298]",BLASST,BT,BLASST,RC,"[56743,20298]",Missing QC,True,4052.0,Stroma,97.6330759853718
"BLASST|BT|[56780,17627]",BLASST,BT,BLASST,RC,"[56780,17627]",Missing QC,True,3804.0,Stroma,99.91153052196992
"BLASST|BT|[56827,10705]",BLASST,BT,BLASST,RC,"[56827,10705]",Missing QC,True,4632.0,Stroma,92.03698592326802
"BLASST|BT|[56835,14643]",BLASST,BT,BLASST,RC,"[56835,14643]",Missing QC,True,3904.0,Stroma,98.27435561380516
"BLASST|BT|[57060,6435]",BLASST,BT,BLASST,RC,"[57060,6435]",Missing QC,True,9216.0,Stroma,92.9459734964322
"BLASST|BT|[57214,11407]",BLASST,BT,BLASST,RC,"[57214,11407]",Missing QC,True,3548.0,Stroma,95.05176980496027
"BLASST|BT|[57437,4490]",BLASST,BT,BLASST,RC,"[57437,4490]",Missing QC,True,3572.0,Stroma,99.91219083857749
"BLASST|BT|[58076,11129]",BLASST,BT,BLASST,RC,"[58076,11129]",Missing QC,True,5784.0,Stroma,92.03051643192488
"BLASST|BT|[59908,5343]",BLASST,BT,BLASST,RC,"[59908,5343]",Missing QC,True,12944.0,Stroma,99.4907197827071
"BLASST|BT|[60302,13912]",BLASST,BT,BLASST,RC,"[60302,13912]",Missing QC,True,6092.0,Stroma,81.66323024054982
"BLASST|BT|[60534,9558]",BLASST,BT,BLASST,RC,"[60534,9558]",Missing QC,True,4020.0,Stroma,78.19812246041754
"BLASST|BT|[60909,17874]",BLASST,BT,BLASST,RC,"[60909,17874]",Missing QC,True,3896.0,Stroma,92.13083344737922
"BLASST|BT|[61129,13283]",BLASST,BT,BLASST,RC,"[61129,13283]",Missing QC,True,6696.0,Stroma,84.35973793924956
"BLASST|BT|[61888,12812]",BLASST,BT,BLASST,RC,"[61888,12812]",Missing QC,True,7124.0,Stroma,70.17656914550844
"BLASST|BT|[62467,15317]",BLASST,BT,BLASST,RC,"[62467,15317]",Missing QC,True,5920.0,Stroma,99.7968659315148
"BLASST|BT|[62611,7352]",BLASST,BT,BLASST,RC,"[62611,7352]",Missing QC,True,3144.0,Stroma,99.93512110726643
"BLASST|BT|[63255,11962]",BLASST,BT,BLASST,RC,"[63255,11962]",Missing QC,True,6032.0,Stroma,70.9478407178912
"BLASST|BT|[63788,21453]",BLASST,BT,BLASST,RC,"[63788,21453]",Missing QC,True,4224.0,Stroma,99.18193717277488
"BLASST|BT|[66224,13991]",BLASST,BT,BLASST,RC,"[66224,13991]",Missing QC,True,7724.0,Stroma,99.9636539859462
